RMS,Peak_Amplitude,Num_Peaks,ZCR,Amplitude_Range,Spread_Ratio,IQR_Ratio,Spectral_Centroid_Hz,Low_Band_Ratio,High_Band_Ratio,Env_RMS,Env_Peak,Mean_Interval,Std_Interval,Waveform_Skew,Waveform_Kurt,Top1_Bin_Energy,Top1_Bin_Center,Top2_Bin_Energy,Top2_Bin_Center,Top3_Bin_Energy,Top3_Bin_Center,Top4_Bin_Energy,Top4_Bin_Center,Top5_Bin_Energy,Top5_Bin_Center,Top6_Bin_Energy,Top6_Bin_Center,Top7_Bin_Energy,Top7_Bin_Center,Top8_Bin_Energy,Top8_Bin_Center,Top9_Bin_Energy,Top9_Bin_Center,Top10_Bin_Energy,Top10_Bin_Center,Label
2560.879941935038,3050.0,1665,2650.807420258908,1939.0,0.7572463613266935,0.0039001560062402497,1599.7457051935653,0.6298339336712149,0.370166066328785,2561.166496802506,3393.110544482739,0.0017946514423076922,0.0023867299399789985,-15.473447447911667,391.36446798336016,297925271685.1074,50,38404798830.24617,750,37636910854.29165,950,35104555412.47428,150,34870675222.665344,850,30536607764.15249,550,27654690771.11864,650,21676279607.8196,250,14755871097.885765,450,10146870544.093895,350,0
2556.2923516073697,3186.0,1862,1668.1644200366115,2231.0,0.8729655695057459,0.00468384074941452,1600.1552904336743,0.6596518193941272,0.34034818060587285,2556.9281962071614,3359.847186102934,0.001597044599677593,0.0022616649373226804,-10.654373030374684,183.80594701276573,765279581035.6104,50,102499211618.26028,750,78212300477.55908,850,57717145275.26185,550,56643199411.772675,150,53689923274.371155,950,52076758270.23053,650,28478177599.79397,250,24649315355.142258,450,19279027495.128994,1150,0
2559.9738172855705,3044.0,1751,2224.5204336947454,1953.0,0.7630009248496059,0.0035101404056162248,1669.9288298728131,0.6107935227396697,0.38920647726033036,2560.317663443352,3428.6923566352025,0.0017083428571428572,0.0024112543498336783,-12.599688957522943,266.8467463598165,374926499517.83563,50,59710866105.70406,750,44652427174.228226,850,36206520417.06561,950,32515573409.325573,550,31575977382.883766,650,29360510287.622967,150,14893878003.162064,250,13858581828.038467,450,10120821709.457825,350,0
2559.723860841733,3262.0,1065,2017.3448965977316,2347.0,0.9170367301550139,0.002730109204368175,1625.263507753994,0.6064434411211933,0.3935565588788067,2560.1172398623607,3323.044820191376,0.0028086466165413537,0.004109925228808704,-14.062302388472544,328.5905364188793,407764713388.2459,50,75300220877.68472,750,51156685727.4679,850,45590596600.99097,550,42859217563.107285,650,41227004871.1113,150,40616258075.56613,950,19092076883.85665,450,16911245479.49821,250,13640209425.966423,1150,0
2559.8088010555325,3192.0,1949,2507.7574989156183,2218.0,0.8665827498956363,0.004291845493562232,1659.860979860659,0.5866425218928385,0.4133574781071614,2560.138963545316,3275.909905977213,0.0015342402464065706,0.0020180380330550303,-14.446712082940316,366.5630223169199,323506168763.2331,50,64911686404.63879,750,43978415792.67749,550,41923578501.892654,650,39288020965.26647,850,37759960370.160355,950,33347467290.00813,150,16362807154.375898,250,14739381052.415298,450,10372855315.262756,1150,0
2557.9069003371346,3202.0,1957,2222.5187656380317,2316.0,0.9056082024592741,0.00468384074941452,1643.7822812386812,0.5952580577700889,0.4047419422299111,2558.4163680722295,3653.8006713948844,0.0015263803680981595,0.0019445822663745637,-12.801728230991014,273.7024308990643,528434945220.9408,50,102209836430.61926,750,63810808149.467834,850,61526907485.22626,550,55990364658.01192,650,55488768393.7661,950,47454185331.82614,150,21974546574.31483,450,19113344652.70101,250,18648321594.62899,1150,0
2559.1294595040094,3254.0,1474,2298.3023713437615,2283.0,0.8922319684615491,0.00351150994927819,1793.7580057019602,0.6168154823051154,0.3831845176948846,2559.507237311001,3381.4436982647767,0.0020234215885947047,0.003103380758983628,-14.672980967726122,363.1526556463842,427323551591.6904,50,50179018768.68173,750,40078895307.96278,150,38006052369.60333,850,36840280248.132126,950,29249441768.342064,650,28246416820.599777,550,16614213909.489243,250,13739107797.379593,2550,11299594467.804274,3950,0
2557.98602208833,3139.0,1371,1818.7879191946129,1953.0,0.7636572666950694,0.0027311744049941474,1691.2781777177433,0.7278766571686205,0.2721233428313795,2558.54192798567,3245.0825770819465,0.0021751824817518245,0.003105934536699452,-11.472307353090889,187.92740316038746,783140028813.3817,50,54114763630.54287,650,40068313819.77194,150,38366086817.64465,950,35773612664.195145,550,35389067289.29382,750,34252417123.65731,850,18622695826.789738,450,18596842440.402626,250,16292375637.321606,350,0
2555.003171674746,3219.0,1548,2283.4724207866475,2287.0,0.8952663287246998,0.00390625,1588.7269288310954,0.6512880663916333,0.3487119336083667,2555.459166165599,3299.500808676798,0.001929605688429218,0.0030541444559434093,-13.898625527792161,304.67293970819026,518548241012.5413,50,70644612967.42407,750,58746693951.28106,850,51279420505.13527,550,47019919667.51584,150,46546118839.62793,650,41820033376.688675,950,23754190092.152626,450,23429581529.590286,250,13748276813.391369,350,0
2557.089189056643,3223.0,1003,1858.4159407229397,2236.0,0.8745870036756186,0.00273224043715847,1696.526321175084,0.6058067548116434,0.3941932451883566,2557.543005011637,3495.6299138021254,0.0029635728542914174,0.004757934900788501,-12.915994025140568,273.3004615173559,467185403338.9623,50,85986714040.52048,750,47749249315.28354,650,47171360885.34706,550,45993731372.31859,950,41308306997.12697,850,36699334613.1835,150,31977636497.399,250,27446009041.379513,450,18925755757.387024,2550,0
2557.8178667334178,3258.0,1530,1898.9622610030365,2343.0,0.9161881485223036,0.00351150994927819,1583.0287576320052,0.6321567012024005,0.3678432987975995,2558.300662841563,3316.9905744598595,0.001955395683453237,0.003064437463712856,-11.800079256503441,231.584501426022,531802150572.07654,50,80586249522.42117,750,59212180971.50591,850,55824475114.28506,550,53721505726.74196,650,49348908043.37933,150,48257187271.38438,950,21595642675.13398,250,20324005007.23104,450,15622850954.891518,1150,0
2561.053707654405,3120.0,1202,2481.732341263221,2054.0,0.8021182077803511,0.002730109204368175,1647.862799645006,0.6152271970657052,0.3847728029342949,2561.387542619342,3424.0643997640705,0.0024712739383846794,0.0037452094241892608,-15.073270409962902,367.46326903652374,347668354108.6542,50,56021862054.94191,750,40190578685.8275,650,39955136185.80612,950,39794936200.502335,150,33521149924.479042,850,31916099297.669125,550,21648174032.6364,250,12666715696.413383,450,11881303443.025528,350,0
2553.194169823333,3144.0,1234,1388.6757198625337,2183.0,0.8552030981275228,0.003125,1661.9070864252913,0.7021923299012094,0.29780767009879067,2553.778183007687,3241.9467706827395,0.002418815896188159,0.004165577811129515,-10.677965725938435,174.76382253888616,753978108057.3945,50,83441251402.01639,750,52864929930.562744,150,52260535549.83008,950,46874554894.20045,550,44080621630.24094,650,37664856535.828476,850,25608281946.18651,250,21857924705.283188,350,19369406963.863976,450,0
2552.214429653255,3174.0,1991,2278.7005536655324,2128.0,0.8339187404909814,0.004694835680751174,1644.6763770880607,0.6489637869599643,0.3510362130400358,2552.621409592093,3311.5167033456073,0.0015008542713567839,0.002008483083161536,-12.771146999934183,271.02473237737905,450131669231.5468,50,55947953668.9799,850,54116383888.296135,750,52288493729.98214,550,34753976902.733284,950,34145429397.90155,150,32587067643.582233,650,29534005741.139046,250,17128080854.652424,450,15385458938.919224,1150,0
2555.3753130668415,3196.0,1900,2728.5457091418284,2205.0,0.8630046332980906,0.0042985541227041815,1588.448767917,0.6161288055239746,0.3838711944760254,2555.7237392188217,3269.8443106141995,0.0015604528699315428,0.0019224129139051192,-14.567824543680416,356.7466766225163,364421690516.0281,50,61169406970.608116,750,45703512517.08588,850,44037264748.26262,550,41101777359.74674,650,40757739511.073425,950,36247281821.79441,150,17321211384.177467,250,16985173732.83482,450,10877051342.548222,1150,0
2550.4992643739083,3189.0,1186,2438.1319850984564,2246.0,0.8807599691850235,0.0031311154598825833,1622.4819691868854,0.5990068950219699,0.4009931049780301,2550.9279721040953,3474.3500681913665,0.0025168776371308015,0.004328572761267193,-13.945394716328016,320.73471665560714,428054217752.13086,50,67845869489.962204,750,64320635627.79364,850,58427906576.241104,550,50059352659.51926,950,49510745283.398865,650,44281828721.053604,150,23346660983.823444,450,20136697896.363277,250,12455933072.727901,1150,0
2541.296976970965,3174.0,1449,1778.4003735574677,2282.0,0.8981453191262764,0.003142183817753339,1653.5830060540898,0.6526223390403763,0.3473776609596238,2541.8023450081073,3596.388796140904,0.002052140883977901,0.0034888549233644396,-11.749869425881913,219.90120430915113,602344424819.1433,50,82554510159.90485,750,50701804251.268394,650,49938832015.53479,150,47685702695.371086,850,44624841141.01315,550,40809026617.62039,950,19998945965.93354,450,16758464636.098183,1150,13332546012.19846,2550,0
2543.5602191096746,3205.0,1461,2050.3069121964236,2218.0,0.8721288248705507,0.0027472527472527475,1700.4772797987891,0.6047070628156112,0.39529293718438885,2543.9181256596657,3284.2260177093754,0.0020485616438356163,0.00350170085673172,-12.57460175500009,287.0111764401844,360070264429.4519,50,69554259787.67688,750,41823401840.43407,550,39775455784.48243,150,38733473547.90651,850,38542868177.08344,650,33304964282.63465,950,19230489290.26287,250,17031569514.4295,450,11797720670.831734,1150,0
2549.4470624896353,3184.0,1054,1270.3919933277732,2185.0,0.8572430840695358,0.0031311154598825833,1556.3357670703065,0.678982169437804,0.321017830562196,2550.025369915111,3341.651631340251,0.002825356125356125,0.004587916433399851,-12.089028650867654,216.4006456356957,665887981399.3552,50,87249390074.95505,750,71364821960.80615,150,59977360864.93295,550,58114598146.28968,650,54159034633.17667,850,49063933294.73187,950,39647417633.87035,250,20003086279.875862,450,19722041732.749805,350,0
2557.188121695089,3193.0,1267,1925.5404323458765,2242.0,0.8768850443341979,0.00312256049960968,1664.1935305802278,0.6163952491028968,0.3836047508971033,2557.5986208414906,3290.5927529392866,0.0023475513428120065,0.003726437020350299,-13.52960389611886,311.9869941082191,423949183975.56775,50,79747174859.33444,750,50090830910.607315,550,45814878496.46428,650,45484262731.714096,850,42993782476.97717,150,39479491487.592636,950,21254039117.33562,250,19399536869.760494,450,12258695154.3317,350,0
2557.827485692446,3138.0,1188,1990.0630231084729,2129.0,0.8324795364985549,0.00273224043715847,1672.105399273149,0.6483976167447403,0.3516023832552598,2558.234685801664,3348.60389843054,0.002499326032013479,0.0041142896707961115,-12.083556391346951,247.1587991052818,449244733009.37195,50,60244022249.30405,750,50195459203.731125,150,46195231315.632095,550,44238884510.41354,650,40087903047.153854,850,34635688359.9449,950,20803202768.78588,250,16002818622.776669,450,11114692365.886848,350,0
2557.8706632467333,3234.0,1348,1789.894947473737,2315.0,0.9052308377090221,0.0031213421771361686,1544.6908631211693,0.6563834531248461,0.3436165468751538,2558.382478022176,3502.6228191046534,0.002221380846325167,0.003225582621086224,-11.966974603036702,229.31551693498963,592644674005.9312,50,80160605301.5107,750,70467907516.01355,850,54861029617.32424,550,49135168283.65715,150,49055241492.40545,950,46501995390.77626,650,27256329655.25848,250,21493957547.66517,450,14943663055.424368,1150,0
2559.7419384146137,3225.0,1475,1959.8190526875997,2257.0,0.8818745232130095,0.0031201248049922,1635.5075556109498,0.6417084289414979,0.3582915710585021,2560.162790844882,3305.7323658695123,0.0020187924016282226,0.002848517128387272,-12.42215625385217,257.8573113145466,476702295079.47595,50,61089481216.351166,750,55102473652.80757,850,46841268827.18288,150,39847921462.11188,950,38213577108.43266,550,37356053681.33475,650,26028146968.33303,250,14151412992.007278,450,14064363659.031557,2550,0
2558.5940827160157,3221.0,1355,1816.6049568030955,2288.0,0.8944340920458763,0.0031201248049922,1681.8375176759046,0.6788341011685839,0.32116589883141616,2559.1460169237293,3355.678029450219,0.0021988921713441655,0.003474771741359034,-11.48934529514817,206.45556034349065,703062598832.8947,50,78529284729.29324,750,64141563822.72345,650,53752731067.767204,550,47253775304.66733,950,37390066930.41576,850,36246068159.49251,150,22112551944.807808,250,17427583566.64915,450,12050562026.320244,2550,0
2559.657904570749,3271.0,1380,1932.750683834812,2362.0,0.9229512819928606,0.0031201248049922,1657.024389561736,0.6603328452357943,0.3396671547642057,2560.1340529054496,3352.466248645764,0.0021709209572153736,0.003186522553329065,-12.750393979366047,261.3170165817279,558603406554.8335,50,68343005660.94917,750,54501143261.926216,850,53296545416.20504,550,48446086908.77792,150,41780731674.51278,650,41443465773.87276,950,20820519415.75866,450,20340557316.13267,250,13250198841.479053,2550,0
2558.4753359894316,3196.0,1439,2283.3411168190005,2242.0,0.8764473934532816,0.00351150994927819,1649.8888816586568,0.6183290722121342,0.3816709277878659,2558.8963294273008,3358.4227734374635,0.0020740611961057023,0.003267627118221671,-13.195300238084906,294.43846239759256,446343517174.1492,50,74339540579.76305,750,54735589005.36127,850,51481064121.69262,550,44821959961.55137,650,42880472083.136314,950,41190516277.73019,150,20037002199.159966,450,18837613954.45539,250,12572893993.91418,1150,0
2558.198110937142,3157.0,1617,2136.1619800527037,2205.0,0.862076466498875,0.0039032006245121,1630.0172463728516,0.6181437406852783,0.38185625931472167,2558.6184083893527,3495.261762365322,0.0018465346534653464,0.0027166452213530077,-13.370591094679202,295.0375788022489,440717395644.489,50,79308354155.12076,750,56062049498.52595,850,46804761475.89934,150,46693102981.72245,650,45874753588.10553,550,37210568385.49856,950,22893114505.749226,250,19296721169.696815,450,12315953958.706894,1150,0
2558.3270752903313,3159.0,1130,1678.5082891357283,2189.0,0.8557886260471632,0.0023410066328521262,1650.166428251822,0.6140241596673996,0.38597584033260024,2558.7794583441064,3339.920367366919,0.0026487156775907884,0.003980014358495278,-12.992676870069065,273.96729399301734,467146860686.05286,50,100202979382.86893,750,60786154622.01185,550,50407591269.79844,950,47184272135.99573,650,41194475205.04858,150,38801968120.09162,850,27843557948.47956,250,18319008678.313446,450,14462211110.77708,2550,0
2557.717213905104,3248.0,949,2299.1495747873937,2295.0,0.8974257989992968,0.00273224043715847,1649.6598608869233,0.6297664778216326,0.3702335221783673,2558.1198738310873,3375.496228076885,0.00314789029535865,0.004833336874062872,-13.883109591555238,318.02201617554897,440338359724.99615,50,78086229797.68878,750,50820573462.46401,550,45751921932.421234,850,38047738776.37894,650,36585577629.668365,950,33097192380.18188,150,20875520341.634575,250,19508861675.728706,450,12017148497.293743,1150,0
2558.258863437263,3170.0,1654,2308.9495980519696,2206.0,0.8624534052601858,0.0039032006245121,1719.0965826121444,0.6560367365857181,0.3439632634142819,2558.6983111701275,3496.197194378556,0.001799092558983666,0.0027470832179229436,-13.588114193693743,288.6768991287037,548470565714.2656,50,78300136699.1939,750,47666794308.45479,850,39153565085.50633,550,33919725742.117813,650,27510152293.047756,950,27188978735.49237,150,19017472321.76108,450,12474668263.440056,1150,11315912076.651726,250,0
2559.105867973356,3202.0,1788,2475.9839893262174,2242.0,0.8762021761152404,0.0039032006245121,1654.2757713244325,0.569041334295779,0.43095866570422103,2559.4415117142967,3306.970916538746,0.0016728035814213766,0.002394939434129577,-15.266676303231561,409.6975708558136,321339596657.58954,50,79459025513.58337,750,48842205084.62627,850,40665860400.57521,550,40029496805.84657,650,34604930810.35217,950,32086685311.945892,150,16374979839.555944,450,15644914695.399515,250,11980890184.938015,1150,0
2556.1153102676885,3222.0,1624,2163.5866301954766,2308.0,0.9031048005290094,0.003904724716907458,1575.7987217304997,0.6431352404641774,0.3568647595358226,2556.602432889196,3574.9417438730407,0.0018297597042513864,0.00275013612011568,-12.975805538951839,266.8509214221292,561470163803.0258,50,72000828583.26921,850,71860970551.86209,750,51528670227.10683,150,50828430611.142456,650,48311684870.70532,950,47460710188.93492,550,20236705592.834637,450,17065630853.37128,250,15006396671.06878,1150,0
2550.4626328242234,3217.0,1120,1652.104315347162,2311.0,0.9062892305458147,0.0031311154598825833,1634.9009811728401,0.690640300986554,0.3093596990134461,2550.966585323343,3607.6768338411316,0.002652904378909741,0.004096883889700962,-12.748164624431785,252.3114578434873,636946961704.5437,50,68096035438.71514,750,56417703716.04657,150,44677303075.27716,550,42792816199.69711,850,40560455040.99901,950,38627792146.58304,650,21291341171.99268,250,17762837433.8236,450,15386309736.457464,2550,0
2559.27142482691,3133.0,1025,1480.2214662130611,2063.0,0.8062564425833841,0.002730109204368175,1629.8064525526465,0.6859337335056389,0.31406626649436126,2559.803495423201,3224.966689778429,0.0029205078125,0.0040283406817666805,-12.524927488449691,226.5082145618946,694606398130.7554,50,65141294528.88034,750,57300102021.92829,950,52543443784.561935,650,41760674464.893135,850,41047435418.735886,550,40281145655.46939,150,16866483827.54138,350,16012380075.045534,250,13799996429.78236,450,0
2557.257051628102,3205.0,1589,2200.1734258271076,2258.0,0.8831415992998822,0.0039032006245121,1634.7084169597783,0.6284285504848515,0.37157144951514853,2557.7326295326848,3405.8723015193145,0.00187588161209068,0.002628516148832735,-13.415729905391824,288.00141638080265,541480915208.3737,50,94670090855.6319,750,65723116043.09697,550,58926671366.53639,650,53457212088.36296,850,43797136768.77507,950,23360998702.407257,150,23252349887.15834,450,15316201807.933165,1150,13793466532.51147,250,0
2555.7553091066206,3178.0,1188,2533.515640632295,2170.0,0.8491894206693364,0.003125,1662.480111171381,0.6321691841168174,0.36783081588318256,2556.1325190377092,3343.7154557532704,0.0025081718618365626,0.0038455338194209334,-14.648796943132966,350.81100915991647,394929935132.6277,50,61349239007.240036,750,52173849048.99773,150,48048467982.663025,650,43528598680.57549,550,38744735306.51919,950,31013500527.035583,850,26041874509.84757,250,12847290053.244204,450,10513400304.791042,350,0
2552.8808330877946,3196.0,1333,1860.5116573830092,2322.0,0.9097444332030099,0.003127443315089914,1710.8828262341692,0.637162393332651,0.3628376066673489,2553.396397430057,3520.8782694432784,0.002240990990990991,0.003661275919714217,-12.717405214132352,259.65619688341144,569235542679.4055,50,93395175675.16997,750,56642116528.97921,550,51518634400.03613,150,46320449544.86969,850,45537896057.3011,650,39356111492.472,950,25700992146.979797,450,22707231184.981808,250,13042544798.7629,2550,0
2556.1969203265307,3131.0,1863,2443.7105974181927,2134.0,0.8349476608430145,0.004296875,1692.051154756226,0.5788447093001782,0.4211552906998219,2556.5449657450176,3480.8336636464346,0.0015978517722878625,0.0021256440746410185,-13.235658404024237,315.3139871941065,344065119254.8154,50,69381976528.88017,750,45655321869.63684,850,44485339870.085075,550,39219729290.2579,650,37910791789.67351,950,32136099705.318413,150,15064339664.69841,450,14242704555.7238,250,9714409942.20467,2550,0
2554.813366395652,3216.0,1218,2279.0046033758085,2223.0,0.8702632709509505,0.0027354435326299334,1721.04340456356,0.6156158683469026,0.3843841316530973,2555.22723876693,3315.212755734594,0.002440345110928513,0.00391812351904319,-15.032724303793955,371.0637382179851,414070384220.5428,50,60871276706.37476,650,55687429169.119385,150,54427801596.06172,750,42975312428.61769,550,39694523608.47692,850,38935478737.605896,950,23374562018.395287,450,22580998155.88862,250,16593332479.930868,350,0
2545.9235859043097,3143.0,1513,2418.773767429448,2123.0,0.8340109736744512,0.0035294117647058825,1636.4505467106105,0.5960071525225045,0.4039928474774955,2546.317055611041,3493.3905831885527,0.001967195767195767,0.003232888705934,-13.106873352383797,289.4519943543119,397244201048.00183,50,86149237419.92188,750,47068605525.66403,550,46857376862.43984,650,46656018619.85784,850,42808108224.77673,150,38868138127.06853,950,18169194497.22037,250,16947200711.755138,450,13146630766.194378,1150,0
2543.578467587948,3192.0,980,1821.243955310989,2189.0,0.8607344543122245,0.0027472527472527475,1648.544664720968,0.6387201493831854,0.36127985061681456,2543.9799500010486,3280.1073563511322,0.0030433094994892747,0.0047162145791200035,-13.83720852673185,310.910087422856,419841325834.3062,50,60177903843.82018,750,49976239092.88491,550,45823946694.14205,150,43201628368.84966,950,43051352514.05855,850,39306587421.73839,650,25315078181.85621,250,20934202576.26026,450,12872711792.50107,350,0
2548.784546159721,3253.0,941,1506.0361502034282,2348.0,0.9214355365553727,0.00274079874706343,1643.2442268152975,0.6274474704310155,0.3725525295689845,2549.3711637201136,3479.394659395654,0.003183191489361702,0.005004544150551692,-12.325328869689866,238.413416219382,627109959390.7177,50,122130616075.1268,750,81536077413.42554,550,68304432728.09454,650,55698781651.11231,150,51867340101.01471,850,50165128846.23231,950,30007502326.825928,450,21349529153.12484,250,18139493668.644936,2550,0
2554.572243556159,3220.0,1980,2542.2088755422087,2242.0,0.8777698099368165,0.0050820953870211105,1718.637466533341,0.5844260610039199,0.4155739389960802,2554.9440315398265,3297.066579684917,0.0015084386053562404,0.001888358136152727,-13.984874411458675,342.73261749937615,361349412818.7174,50,73091965903.66806,750,45532930001.34801,650,43011634561.37235,850,42288180002.23096,550,41442648456.24687,150,35560997653.6831,950,18877776815.762413,250,17231910422.727318,450,12284199082.62505,1150,0
2556.7830018214586,3141.0,1777,2555.3628601921023,2176.0,0.8511894734335897,0.004296875,1567.683246035029,0.6241129088656517,0.3758870911343482,2557.1433607307986,3576.4697593542387,0.0016829954954954954,0.0021059341382327944,-14.997298369050409,358.4620234811797,390787508948.47797,50,70210082684.92593,750,46848526853.22917,850,42242188924.93622,550,39395798539.81183,650,37331513158.05882,150,36621860592.08512,950,16581473063.881302,450,16336725512.988188,250,10189233311.964611,1150,0
2561.0426995801367,3154.0,2024,2625.416944629753,2119.0,0.8275174164878855,0.0046801872074883,1603.733672857259,0.6509773712967468,0.3490226287032532,2561.4141638273036,3339.0057222093033,0.0014739495798319327,0.0015528802418108085,-14.732674760330482,337.9368707950446,412737085619.7158,50,60843792561.78549,750,52123489026.03202,150,39331265398.27092,650,38503739884.19254,850,36121933810.49759,950,32286536298.099663,550,21013865079.271744,250,18215840685.674507,450,12493347194.27472,350,0
2556.1024040616776,3127.0,1374,2560.947217880068,2240.0,0.8764548156651791,0.003125,1646.9243627865424,0.6057171403351639,0.394282859664836,2556.4540696095805,3664.8560895573173,0.0021868171886380186,0.0038083849101076413,-14.65213738048217,361.8980350799557,372246641096.8397,50,63163570777.047646,750,47387933280.422,850,40309951892.16597,550,36790348831.512665,950,34716215429.030685,150,33846028258.45082,650,15955376632.816637,450,15375298627.193897,250,11663345622.697409,2550,0
2560.1802102149713,3216.0,983,1609.2796906769772,2277.0,0.8895443697520617,0.002730109204368175,1563.157774455383,0.6146354054574926,0.3853645945425074,2560.6229351044663,3378.0813708782553,0.0030518329938900206,0.004544185840137453,-14.076589031800061,316.80822832786873,465755156526.7511,50,84127403012.8511,750,65234757141.448425,850,52695891153.0721,550,48377141958.276886,950,44286016753.0853,650,43684847887.525986,150,22074079143.371784,450,21271600179.947258,250,15723377220.691048,1150,0
2559.538549018485,3210.0,1856,2447.284131856399,2286.0,0.8932689615348166,0.004291845493562232,1695.234436128769,0.6134187604433395,0.38658123955666046,2559.9374052672133,3534.402444510404,0.0016088409703504042,0.002036194723779193,-15.16933304975613,371.6202611502956,414272340385.5681,50,76440729288.04085,750,47067322183.8246,550,47027078781.56337,650,42077375619.97449,150,37321920785.64923,850,35941615005.21704,950,22380557276.182255,250,19256064650.373302,450,12161311101.926868,2550,0
2560.5195161103725,3184.0,942,2891.0679741178037,2187.0,0.8542325910201624,0.002730109204368175,1629.870588993305,0.6438604064293921,0.3561395935706078,2560.84634152659,3371.9289084076195,0.00318182784272051,0.0045407142996238105,-16.046507535979735,402.14847586934405,367013391233.9487,50,49787879879.50195,750,40468283667.83983,650,35146702594.35423,850,34920681655.55861,150,34424107386.65534,550,26297624844.93174,950,17232439230.0798,250,14615058052.967703,450,9106328624.712856,350,0
2558.128078696585,3122.0,1443,1810.3563325770717,2146.0,0.8390495554016166,0.0031213421771361686,1646.3287066317296,0.6848501197453504,0.31514988025464963,2558.6002247634506,3188.885503282363,0.002068377253814147,0.003251324066438583,-11.537474708509889,207.9882755309208,586180396358.2853,50,49545350357.13263,650,49114496179.47374,750,46738321897.42433,150,44394444868.3712,850,39948711709.70939,950,38180209160.75767,250,22281722483.65811,550,21391759426.177765,450,13693383663.865086,1150,0
2560.6178484308543,2972.0,979,3585.8434237299443,1100.0,0.4295999077041982,0.00234192037470726,1993.4239774282794,0.3639300547704789,0.6360699452295211,2560.713727895713,3029.963585622209,0.0030282208588957057,0.004379637898616789,-10.214212861813044,246.5018677841113,53670154273.735405,50,23212707188.282646,750,17431899619.423355,650,10328088320.983177,850,9759290002.18088,950,8952323472.871532,150,8661637315.585804,1050,8124198481.89183,550,5042795101.294361,250,4765649004.297697,2650,1
2561.5072372040463,3024.0,1749,3396.2830736378496,1771.0,0.6914305938906479,0.0039016777214202106,1748.033078132572,0.4840786861484363,0.5159213138515638,2561.658321223462,3098.871275161967,0.0017083524027459956,0.0021511768445006455,-18.20998002376717,588.1859905578408,127201084004.00232,50,33224883025.923576,650,28322517941.407005,750,17063251663.507248,950,16186090342.747818,850,13296053518.128242,150,10210659529.203936,550,9692959370.285553,1050,9112754117.253134,250,7357272760.152608,2650,1
2563.2512340334583,2998.0,1584,3430.133697862834,1796.0,0.7007205903171869,0.0031189083820662767,1712.6790083341784,0.48020622407701186,0.519793775922988,2563.4266383723107,3110.5450895917434,0.001880101073910297,0.0026378008202468787,-17.71045518962599,545.60334943393,141817758969.82013,50,44456729820.28869,650,34444170906.081665,750,18928950282.761143,850,18539776393.265812,950,15633756090.793613,150,14401725547.944942,550,11605316374.124453,1050,11169164533.917904,250,8283884973.166011,2650,1
2565.0818426777496,2973.0,1006,3562.4937456219354,1584.0,0.6175557295222737,0.0027279812938425566,1755.482841104166,0.4788672433301073,0.5211327566698928,2565.212979828396,3079.015004035234,0.002970646766169154,0.00439750540767709,-17.045830519335684,517.407243594128,108452900726.76363,50,30619430664.70688,650,25555264990.337532,750,16117817394.411842,850,12159689121.735157,150,11749104452.459055,950,8708127341.263119,550,8625851643.705498,1050,8235677465.083954,250,6155914542.215063,2650,1
2565.1913885938548,3053.0,1161,3687.8793943032483,1922.0,0.7493163552072446,0.0031164783794312427,1808.3015246519394,0.43630103927732106,0.563698960722679,2565.378027431335,3196.094495923458,0.0025778448275862067,0.0037185950039642273,-18.604926581924403,618.7564267230348,129861427628.00156,50,45887610951.272385,650,33300147670.690777,750,23866740484.776222,850,19005100821.111732,950,14746782438.978765,150,14486266324.372688,550,14145075976.214985,250,12792530335.970736,1050,11876761984.434551,2650,1
2564.839375210845,2974.0,1318,3383.7744150389976,1527.0,0.5953935673163744,0.003117692907248636,1793.9218283166956,0.45062258659826937,0.5493774134017305,2564.988620143832,3045.9170786257605,0.0022599848139711466,0.0032572098871304304,-14.357941659827802,394.35142046496253,114419546100.20993,50,33232318183.241547,650,32472885697.943398,750,17341909340.94276,850,16535307650.95182,950,13538989523.652575,150,10766900242.843723,550,9263399917.33411,1050,8965375347.093279,250,6525112496.440138,2650,1
2565.315101021645,2987.0,1328,3667.0892833311086,1346.0,0.5247161070054638,0.0031164783794312427,1934.4071691298034,0.4055421845598217,0.5944578154401783,2565.433545533868,3021.560887016986,0.0022422004521477014,0.0032903568514687557,-12.7957798894231,321.45710598779397,81961678470.96814,50,23868562511.25744,950,18332358424.02896,650,16180374490.521355,750,13753721645.566666,1050,13507419082.21898,550,9522436880.468529,2650,8285826147.871125,2550,7765654790.277166,850,6013947939.912039,150,1
2565.2947718757955,2961.0,1024,3936.148919135308,1543.0,0.6015189609498921,0.0027279812938425566,1729.3391892756704,0.5231932103415181,0.4768067896584819,2565.416866432925,2998.082665710394,0.002916617790811339,0.004173181319341621,-20.221474385548188,670.6664312138049,112007868346.76643,50,22614339716.398445,650,22519654655.511456,750,14193292366.926634,850,11754032045.090141,150,11383969610.962181,950,9260721190.476791,550,7410198964.540054,250,6488015151.840099,1050,5098337710.8383,2650,1
2563.7017643226222,3023.0,1275,3216.1440960640425,1524.0,0.5944906802750644,0.003117692907248636,1862.997453652866,0.44430147688482385,0.5556985231151762,2563.864591728903,3033.1484002303996,0.0023487441130298275,0.0032482700371682335,-11.362273186659298,259.2485601891577,129228078263.2307,50,39574542674.11099,750,30733702038.160374,650,18898007628.647095,950,15447160073.301085,850,12868152011.166218,1050,11274170514.269598,250,9847570060.830185,550,9519531609.02697,150,6778019088.478181,3750,1
2563.696298573788,3088.0,1062,3470.6883320543193,1561.0,0.6089293544305628,0.0027279812938425566,1812.6826703002776,0.49959364389654765,0.5004063561034523,2563.8768191957347,3104.3344813654153,0.0028122525918944387,0.003862209756098093,-14.644330437080217,353.4833554938748,171455649925.77808,50,41877097587.347305,650,35939052140.37342,750,15012924179.422638,1050,14144282501.129028,950,12584955290.256819,850,11319761116.150713,150,8640342471.794563,250,8319881434.023962,2650,7320587644.219536,550,1
2560.897332455471,3074.0,1589,3021.9065719715913,1477.0,0.5767917326136417,0.00351150994927819,1819.6976842322827,0.49405017912355237,0.5059498208764476,2561.078337222114,3089.3630767664204,0.0018768891687657432,0.002719831292980435,-12.922619960149621,294.2447991693069,163348392840.8215,50,40114130268.71489,750,29249313877.455276,650,21452715775.3347,950,20060439969.558994,850,14035097670.15897,150,11162596750.086246,550,11110601906.774775,1050,7851007475.594162,250,7086439614.086011,3750,1
2563.5734174693716,2992.0,914,3855.3373128355615,1099.0,0.4287124006024713,0.0023391812865497076,1849.2567624732628,0.34906821529342846,0.6509317847065715,2563.6567198497437,2992.16439062967,0.003279299014238773,0.004974233581937724,-11.248188900011282,280.85793026609696,43799704316.08838,50,20472924111.227066,650,17016420273.759087,750,16878012958.598003,850,12786026914.85507,950,7240579396.562767,550,6596014191.134659,1050,6477461669.2693615,150,5395113843.790628,250,4320880644.535644,2650,1
2552.703754958451,3069.0,1084,3617.2625400213446,1688.0,0.6612945874807049,0.0031323414252153485,1718.5429674628988,0.49035507268536055,0.5096449273146394,2552.838598294958,3077.2873922667327,0.002746168051708218,0.004630375800409121,-16.7548620191918,502.1594597561197,113879005229.41014,50,28839294955.511265,650,28392097550.716812,750,14098505584.06831,950,14050893170.38222,850,13060302056.403477,150,8887454941.502682,1050,8817849663.98157,550,8693339042.808147,250,6101750665.270451,2650,1
2550.9509311301917,3097.0,1050,3132.067918737699,1789.0,0.701369707687493,0.0027418723070896985,1685.6915659124609,0.49638569228192525,0.5036143077180748,2551.1786207995187,3114.100901093245,0.0028469971401334604,0.004889783618235707,-15.897327835058645,414.23288608903573,189054094401.60962,50,54152941325.48335,650,47315534628.65076,750,24627663854.095116,950,23067211601.934265,850,20634591194.82494,150,18251996374.920418,550,15819135745.47736,250,14071169534.617157,1050,10386536702.371838,2650,1
2554.152790857609,3015.0,1255,3719.7197197197193,1398.0,0.5473665453020026,0.0035225048923679062,1966.6926467091332,0.37464657055038314,0.6253534294496168,2554.258363212326,3038.581763775231,0.0023803030303030303,0.0036282147363304513,-11.608972275774812,313.47440701497504,64885386316.99531,50,23030860688.36188,750,18910800118.89998,650,15295383451.50334,950,13617668993.965847,850,9228563693.663147,150,8381753783.395277,1050,7544491635.731567,2650,6866772364.0606575,250,6484947190.630209,550,1
2557.0689432690647,3064.0,1758,3184.8812383239924,1365.0,0.5338413605314193,0.0035169988276670576,1845.442118953104,0.4360016579387316,0.5639983420612685,2557.198494979776,3072.474547873261,0.0017,0.002203079027128246,-12.2459222219092,289.88807327592247,92847054010.98471,50,27935243692.641594,750,25827106188.973663,650,16582215800.447727,850,15070013066.222137,950,12177383586.72262,150,10038439982.431154,550,9045840143.277685,1050,8007810139.255854,250,6315899068.809503,2650,1
2555.4068561386334,2992.0,1654,3288.0733944954127,1350.0,0.5283186430297954,0.003910833007430583,1923.2495536571296,0.40227971737955165,0.5977202826204483,2555.5376088394014,3108.904221356656,0.0018073805202661827,0.0022773975496838414,-13.008150115320035,330.25945535776646,102140777124.7976,50,37015157743.01088,650,19267727953.174805,750,16193740443.649944,950,14074684444.286608,1050,10923566576.39379,850,6931699215.397694,3850,6765586356.195717,2650,5483770918.6046915,250,5052726559.380246,2850,1
2557.783422502843,3117.0,2036,3115.2627189324435,1730.0,0.6764085780557114,0.004296875,1649.531954051593,0.5043200066195495,0.49567999338045043,2557.941080491619,3117.3760964773355,0.0014657002457002459,0.0015970036250591406,-16.66222589142883,497.0853395685798,135275094780.71283,50,34637165430.7827,750,33811146525.38707,650,17701664084.189262,850,17449157839.90262,950,14551822079.267246,150,13535560156.54735,550,10077630106.209932,250,9729921972.044333,1050,6502394042.938789,2650,1
2560.381198212764,3142.0,1479,3354.6794743512773,1909.0,0.7456475855924124,0.00312256049960968,1701.2821780821753,0.4741204428367894,0.5258795571632107,2560.571698590919,3146.639430830299,0.0020214479025710418,0.003009154964515092,-16.989630375543225,508.0313759883872,147583091984.26038,50,45596884162.402176,650,38149709042.64774,750,22469505724.112064,850,22400500258.555878,950,17106054476.710728,550,16081318148.413363,150,13425601718.759466,250,11377679429.349684,1050,9425597992.684757,2650,1
2562.355813976267,3032.0,1398,3669.645238730328,1342.0,0.5237569569208598,0.0031201248049922,1822.6537643347497,0.3669775918199062,0.6330224081800938,2562.4544889093777,3040.2200960201335,0.002133428775948461,0.0032721891472583566,-12.316935315728573,332.79945582627477,60516801708.31679,50,30460427306.96131,750,27321090080.45407,650,13400461069.80264,950,8790346179.949266,850,7823760185.799302,150,7778964223.538189,1050,5601426784.548523,250,4977993588.604394,550,4820970615.144222,2650,1
2562.2442114012774,3136.0,1155,3326.2181903078413,1928.0,0.7525306147305263,0.0027290448343079924,1703.892358805711,0.4856973057788556,0.5143026942211444,2562.4663910613035,3136.0623613419452,0.0025917677642980936,0.003926882839277855,-14.946815555040697,393.5263653356039,180916593915.66943,50,50335826690.77181,650,49369150405.09975,750,27314634624.52006,950,22218654583.194187,850,20903477727.015274,150,17860705150.999878,550,14649527343.569866,250,13782444712.612827,1050,9450791354.52703,2650,1
2562.882598786045,3001.0,1719,3364.3612584659527,1186.0,0.4627764055123593,0.0035101404056162248,1873.0879355404252,0.35057067252739166,0.6494293274726084,2562.972480977646,3002.098141933112,0.0017229918509895229,0.0024243455991945647,-9.959745120386655,244.18292381557876,52209282118.32824,50,28690060889.791832,750,17385325941.093304,650,14578806610.782488,950,11325846179.54911,850,7369936307.757589,1050,6730086597.645176,2650,6468719009.355657,550,5819968842.038446,150,4384033320.38368,250,1
2563.8138259913644,2984.0,1104,3652.121737391246,1124.0,0.43842417764738917,0.0027290448343079924,1900.267446365508,0.3898680759015206,0.6101319240984795,2563.900424816744,2989.6985631413427,0.002700453309156845,0.0037139600618748773,-10.44309481407231,255.04466436443442,55157526086.805504,50,27402611450.531597,750,20718611096.923504,650,9112800595.932274,950,7923438890.680126,150,6471019082.922174,1050,6413351752.278104,550,5064101020.089049,850,4035513846.753963,250,3966029554.4773326,2550,1
2563.540146395286,3068.0,1194,3540.923487247874,1642.0,0.6405548624013957,0.0027290448343079924,1701.5229635049857,0.4646912764176488,0.5353087235823512,2563.6776849775756,3087.5155319534515,0.0024920368818105616,0.003434284803658259,-14.909968151151778,423.9572388510234,108875954685.22441,50,34684005848.366135,650,32088343889.28914,750,15854019510.421486,850,14183186009.572569,950,12885732940.265322,150,9562714906.686512,1050,9452010790.360043,550,8635135793.001724,250,5916142527.2148,2650,1
2563.728712920664,2997.0,1977,3200.3735325506937,1835.0,0.7158069024188698,0.0042884990253411305,1849.2068266894687,0.43329272909420696,0.566707270905793,2563.9168902187425,3189.7445807214226,0.0015095647773279352,0.0017873273572114009,-18.102843585547134,591.3275710650909,131725565227.22507,50,40168379788.46646,650,37574537585.83127,750,21411213315.83063,950,18353203278.53378,850,15928247869.202744,150,15277441150.68222,550,12104031490.33183,1050,11944479518.28503,250,11027722261.070026,2650,1
2564.6528199891636,2975.0,1121,3443.766056117172,1328.0,0.5178408834913225,0.0027279812938425566,1896.2239820435575,0.46203234861853426,0.5379676513814656,2564.8113186352552,3028.752755678506,0.0026611607142857144,0.004110987074191663,-12.91190893094556,295.424907853182,132320927246.91348,50,31927364890.089737,650,29999501640.911297,750,24573234892.617027,950,12004135381.627766,250,10647461209.444977,850,9707565551.05207,150,7513048651.325732,2650,7294452706.532452,550,6943721634.93976,1050,1
2563.49996718814,2928.0,1290,3686.6513195209022,1545.0,0.602723641236388,0.0031189083820662767,1785.219777341279,0.4660774374338199,0.5339225625661801,2563.636066342176,3036.9303170170347,0.002301241272304112,0.0032170268034028646,-16.694485135903403,518.6263604517687,108991145527.57635,50,29402760186.930218,750,29246070690.006264,650,15053668216.515503,950,13857904970.101246,850,12289657948.891893,150,9920240173.52795,550,8961100101.712818,1050,8043017082.202949,250,6792029738.296589,2650,1
2560.9823318466383,2924.0,1489,3228.8474350433044,1027.0,0.40103444000813915,0.00351288056206089,1848.2171006019903,0.33054426320741354,0.6694557367925864,2561.087343921552,2929.0947698246746,0.0020071236559139785,0.0029187041066419455,-9.357702502136666,197.08437228327324,51991139810.441475,50,28777228028.419865,750,28498772930.03891,650,17453385939.920895,850,11123681027.741497,950,10100315039.020517,1050,8897524921.318352,550,8727754374.549238,150,6617723936.391593,2650,5906053890.388496,250,1
2561.7262427556257,2968.0,1484,3385.2256817121142,1190.0,0.4645508698637809,0.0031213421771361686,1817.5805533958087,0.39250743706520225,0.6074925629347977,2561.8385039270484,2971.112055174398,0.002014969656102495,0.002933967333029499,-12.162452272448652,286.001034747076,72663603873.23984,50,31136284244.34929,750,26992099739.450428,650,15998811846.798985,850,12734615930.731136,950,10276404799.34931,150,7973667373.49127,550,7480851411.044849,1050,6879548967.527231,2650,4942693707.892555,1250,1
2551.098242728917,3039.0,1257,3198.692505253327,1479.0,0.5797877390448183,0.003133568350959655,1814.1111065930834,0.4366137935779832,0.5633862064220169,2551.262916907363,3062.2990819780644,0.0023678343949044586,0.0036849755754527367,-12.641987476443461,285.70919281489586,125992275575.16238,50,41866005959.61875,650,31730169714.64611,750,23953289397.73883,850,15590297965.150972,950,14361453433.922043,1050,12543935765.79741,150,10717055271.64353,550,10214133722.430794,2650,8700589690.201595,250,1
2553.051145051008,3120.0,1021,3333.110992529349,1845.0,0.7227145392873922,0.0027397260273972603,1779.995402941771,0.4598094583309733,0.5401905416690267,2553.22711110155,3137.5244349346963,0.0029166666666666664,0.004862126205872284,-17.522995820195124,554.0138102737666,133693085381.26231,50,40914020496.15428,650,36556033289.55182,750,19901179203.17154,950,18471619901.552223,850,15000256285.99019,150,13459414954.459002,550,11718276774.018723,250,10603242302.528656,1050,8715396195.870674,2650,1
2558.604814469136,2924.0,1519,3406.710693082516,1276.0,0.49873628463328007,0.003125,1855.316713192719,0.4181806277263785,0.5818193722736215,2558.7432749702916,3019.790657992579,0.0019557312252964426,0.0030930949850468043,-12.969356009493435,311.5813338791834,97842164732.58401,50,33707713648.62732,750,31055109782.623787,650,17395158098.730843,950,11873952114.530882,850,11758075438.18911,150,10034007503.882586,1050,8627929379.553722,550,8055948470.427835,250,6350820603.691801,2650,1
2561.527196810658,3094.0,1305,3390.480637737234,1734.0,0.676978584960353,0.0027311744049941474,1750.9834102834252,0.4997853594165067,0.5002146405834933,2561.6735107095355,3104.24486669456,0.0022833588957055216,0.003312475128745246,-15.890097350346286,459.90250815694594,126933409528.23892,50,30629179463.217476,650,30082074104.61946,750,15981145656.962564,850,14856579035.899326,950,14210491327.695345,150,10300148747.216778,550,9065731774.194881,250,8655847770.289501,1050,6638798011.824234,2650,1
2564.708606535691,2977.0,1499,3443.31754186962,1736.0,0.676920456714554,0.003117692907248636,1685.9716349925059,0.4962008359522061,0.5037991640477938,2564.861822575219,3004.6403409786385,0.0019927903871829107,0.0027624197196898514,-19.636939825998443,653.8371588466247,129268364678.26959,50,36405652108.942764,650,28842826724.26608,750,17654699386.70168,850,16018769874.310265,950,13462960210.304028,150,12077613246.97691,550,10821363672.678322,1050,10360255736.41475,250,7179982852.730789,2650,1
2562.312724584104,3122.0,1403,3624.658082593902,1885.0,0.7357028363351511,0.0031201248049922,1634.3725466722701,0.48699693929189103,0.513003060708109,2562.4496461287786,3123.1453526802256,0.00212981455064194,0.003206267684090365,-21.018761935467104,754.2320191734589,113071268463.30527,50,36242605473.05696,650,27717715577.80715,750,16258695914.412298,850,13761274507.557198,950,12135334424.674448,550,11308097226.513947,150,8607246028.436941,250,8282301960.155733,1050,6734326160.370954,2650,1
2556.752531429895,3131.0,1447,3311.7576404644333,1938.0,0.7580527417663968,0.0035169988276670576,1726.2903477980549,0.47811694301958513,0.5218830569804148,2556.9546997259004,3141.046180764108,0.0020678423236514523,0.003277467677376035,-17.118622291119486,498.23042191255064,160191642770.49683,50,50347915734.05139,650,39099655929.84303,750,22112788641.11887,950,21533686006.892788,850,17589694173.544025,150,15690730350.449871,550,14168118361.909687,250,13166009539.103516,1050,10181676019.348724,2650,1
2559.8631390169962,3078.0,1744,3031.384451189007,1527.0,0.5965450814528132,0.003904724716907458,1706.1922337998233,0.4464327526296166,0.5535672473703834,2559.9867863526833,3080.2812076627865,0.001714916810097533,0.0021556197702210602,-15.370703463526487,448.97672094407307,92926337629.26836,50,31780758383.087906,650,26017054685.64386,750,18077819101.696293,850,12801214467.130707,950,10787562022.954548,150,8709588289.362888,550,8066481403.067684,1050,7738028024.279648,250,5921303128.236444,2650,1
2562.201757729761,3137.0,943,3905.8799986659105,1950.0,0.761107317591722,0.002730109204368175,1689.2075235458024,0.5029562640658977,0.49704373593410234,2562.3469418453187,3138.96449233346,0.003165180467091295,0.004702964453295422,-21.759920836549078,795.1154084575292,121400436441.60281,50,33395158648.054874,650,26215167292.846855,750,17404719349.91017,850,13568311828.140589,950,13110081805.580023,150,11733037754.238346,550,10268453775.250187,250,7832862300.384479,1050,7540821142.142576,2650,1
2563.4132453225952,3114.0,1793,3255.3950835529167,1724.0,0.6725798466350301,0.003898635477582846,1765.9045906322597,0.46671477869423145,0.5332852213057685,2563.5620478652877,3116.360181347223,0.0016666294642857145,0.002469300847447162,-15.322173239476037,445.0456769022347,120217844059.79095,50,34354462651.043648,650,32765997129.833954,750,17130370865.015133,950,15851242569.258913,850,13343735898.103691,150,10319280151.588215,550,8840986438.812777,1050,8482426122.931905,250,7011604299.710094,2650,1
2563.8522197576417,3022.0,1474,3403.7088920018678,1571.0,0.6127805184862554,0.0035087719298245615,1778.2858709513914,0.4577105749161509,0.542289425083849,2563.980631343863,3058.3835047729954,0.0020296673455532928,0.0029035004200222664,-15.341980704643714,431.4352049300339,101947825003.36787,50,31613966372.381474,650,28104308151.61442,750,14994194278.289373,950,13619934978.745956,850,11916539880.652296,150,8511779674.5108795,1050,8223736123.425382,550,7341631112.226565,250,5776616310.035524,2650,1
2563.939716156197,2988.0,1177,3407.1578666488776,1838.0,0.7169143114992633,0.0027279812938425566,1844.732830132672,0.43772791570866976,0.5622720842913302,2564.114169115797,3211.644622659965,0.0025392857142857144,0.0038234223770686583,-20.08369302852134,709.2045719520828,123642909852.70323,50,37165865613.484406,750,34123735931.966938,650,21424060423.821304,950,17097195942.433834,850,14281933727.059376,550,13500445326.711342,150,11644710966.616089,250,11139671162.865896,2650,9039141770.062622,1050,1
2563.272958391725,3052.0,1441,3599.6803835397523,1810.0,0.7061667916759411,0.0031189083820662767,1737.9957433545608,0.4544231681829792,0.545576831817021,2563.412069831942,3093.1185702487032,0.0020708333333333334,0.0031486058422736884,-18.14095043267551,597.347166081764,108071771903.48306,50,36091397533.41852,650,26140422484.26343,750,18219313007.276676,850,13453930310.816837,950,11813088425.469341,150,10092906946.787464,550,8595892394.698872,1050,8506788769.48188,250,7264070460.007486,2650,1
2554.592131363607,2948.0,1730,3176.635327065413,1342.0,0.5253562849363783,0.003912363067292645,1915.6090239529283,0.36358800819933956,0.6364119918006605,2554.727330397743,2962.259133854463,0.001733024869866975,0.002601895056132994,-10.860119031902226,239.1578929156937,80342866124.17415,50,34080215408.230667,650,30196525117.558197,750,17009233148.291367,850,12695938520.752678,950,11191781565.53791,1050,10705097977.42152,150,9223766497.343086,550,8438949717.272728,2650,7841019367.696369,1250,1
2558.6668529972762,3024.0,1873,3248.698785533164,1864.0,0.7285541565645416,0.00390625,1729.7622814936888,0.4478021637855308,0.5521978362144693,2558.841668157089,3152.683594080004,0.00159241452991453,0.0018661818690406085,-18.827151264584177,620.5486520469573,123664609271.59744,50,41572652011.46776,650,35898570400.97774,750,23252531592.03791,850,19051605020.288284,950,16699833527.075401,550,14110921186.619076,150,12497710473.533438,250,10780619771.339733,1050,9430719756.389877,2650,1
2564.0394215263873,3045.0,1742,3027.8074153107495,1819.0,0.7094745157689252,0.003897116134060795,1721.475463155473,0.4751283353324882,0.5248716646675117,2564.20943289005,3100.546839586684,0.0017117748420448018,0.0021902594423703864,-16.970232228687898,522.197726139519,139293750176.78333,50,38983739430.92178,650,35112165964.89073,750,19459531494.582027,850,19135922403.211708,950,14571642087.54591,150,11960122019.13557,550,11642850910.986181,1050,11183982520.82639,250,8196994339.778832,2650,1
2563.0117853999527,2907.0,1745,3226.8572378261592,1034.0,0.4034485453111164,0.0035101404056162248,1944.8559791504617,0.2946518020192116,0.7053481979807884,2563.119295058539,2936.9878775405996,0.0017206422018348623,0.0023217036512995217,-9.453293484089752,192.43317295624158,53853819991.027435,50,40299110863.272934,750,29998958683.253193,650,12541343977.677692,850,11859692813.108368,950,7223137846.896355,550,6917765546.833069,1050,5486602778.02071,150,4607409739.312365,2850,4495914807.334415,2550,1
2564.262452104282,2992.0,1834,3467.6047884224213,1136.0,0.4430278478683058,0.003898635477582846,1996.3026663172093,0.32394525589127077,0.6760547441087292,2564.352004352204,3005.900495063544,0.0016340425531914892,0.002204193759185208,-10.432474782841208,273.3639315384029,50426355384.2772,50,20893866120.625744,650,18794030810.019524,750,11519588757.344915,950,11453530720.72599,850,7325612852.952284,1050,6703319689.79116,2650,5913592853.9201355,3750,5259983182.282331,2550,5195231129.436928,550,1
2562.9980327315143,3067.0,1125,3177.1337091018245,1573.0,0.6137807978958196,0.0027290448343079924,1848.8650155619107,0.4956427588994169,0.5043572411005831,2563.1918617629694,3110.4568287170036,0.0026414590747330965,0.0036285478413460755,-12.832186323780823,289.47833335631094,177247917412.8879,50,38878682770.23897,650,34660025830.603355,750,20623304920.995876,950,14234806885.903255,850,13619416959.083038,1050,13530202096.494202,150,12891257099.588375,250,11793049955.6129,2650,9196214727.507786,550,1
2563.463226753887,3007.0,1017,3868.116473766719,1361.0,0.5309405499186943,0.002730109204368175,1815.4949785571239,0.3972659150129706,0.6027340849870295,2563.550946019827,3052.860293521747,0.0029372047244094483,0.004082805994026605,-14.417192222076029,431.483389231152,58333678974.35388,50,21841023253.343853,750,19941447484.005287,650,11532320740.957916,950,10282697604.099865,850,7151507324.751251,1050,6620768182.997367,150,5695843730.631611,550,5296332012.725641,250,3932118129.914735,2650,1
2561.7562013677707,3039.0,1998,3086.2137995462426,1854.0,0.7237709134269348,0.004291845493562232,1743.811526030102,0.46228370921384015,0.5377162907861598,2561.928378976435,3106.6595896237195,0.001496444667000501,0.0017850159106489105,-17.66447441424483,555.3954350947524,135592934216.04074,50,41364524126.72899,650,35159974161.62479,750,19340521920.189556,850,19002569617.886265,950,13751596599.63496,150,12254495252.881765,550,11173449789.06482,250,10626349884.830755,1050,10003293913.786205,2650,1
2555.7941564194207,3250.0,1340,1862.5129248524065,2376.0,0.929898281571654,0.0031237797735259665,1787.9043879777691,0.6613312480526707,0.33866875194732926,2556.469959251788,3674.2788697294623,0.0022341299477221807,0.0033605329449252,-12.075960198169462,222.28079205670505,781082404389.7744,50,80286044066.63435,750,78870914723.57419,550,66353020704.20332,150,66013095345.26429,950,62551815675.75222,850,47536504835.01983,650,40364459315.40897,450,23557539104.746048,250,22631144763.75466,2550,2
2560.658195766717,3256.0,1183,2818.957472337022,2336.0,0.9123862757595326,0.0031201248049922,1727.1372607889793,0.5806957409039201,0.41930425909608,2560.9972556426706,3470.206290123662,0.0025081218274111672,0.003888742704618234,-15.449041749926712,414.07982627823566,342213153827.07825,50,66489365306.21759,750,44240037831.585815,550,41083086529.55253,850,35771336878.32791,650,32013160213.32993,950,29357497284.865494,150,19698648809.405632,450,11957997114.528164,1150,10956751807.511818,2550,2
2558.6812019009003,3170.0,1645,2818.2546036829463,2315.0,0.9048930142334516,0.00351288056206089,1681.2850816201424,0.5870070540428839,0.41299294595711616,2559.048866795631,3487.0381495366205,0.001797141119221411,0.0023795760836227927,-14.805055295978647,382.5103845225394,361794731390.6304,50,72125332109.21036,750,50128812891.9073,550,42834590182.81939,850,36066473770.0778,150,35258892270.60866,650,32863407912.577797,950,19452730434.065834,450,15027785557.52024,2550,14406831480.985899,250,2
2558.2010923100415,3297.0,1297,1959.5676541232986,2448.0,0.9571216156501566,0.0027311744049941474,1668.9702830962694,0.590861211659522,0.4091387883404781,2558.733372019454,3404.22750206349,0.0023022376543209875,0.0034958709673075248,-13.89234901184052,314.43689000658145,502549313896.7956,50,92844622377.96152,750,83199274128.91806,550,66876584857.53987,850,58816807539.6666,950,53383537808.15257,650,50911860066.647736,150,39370322387.621506,450,20958772704.7902,2550,20619918171.231243,250,2
2553.8153282056383,3295.0,1774,1242.2028753460756,2418.0,0.9471612166964533,0.0039032006245121,1582.8915655282642,0.6868468319016963,0.31315316809830374,2554.7386316302172,3339.3557759762466,0.0016828539199097573,0.002348226432194254,-10.342459581225954,156.02813806048246,1138286660011.71,50,132481752591.11751,750,103860757850.71158,850,88193368942.60164,150,83501137899.60936,550,60597735330.13732,650,58374985095.31746,950,55135863152.00954,450,32440424443.949066,250,29896880206.894875,1150,2
2560.2087319119582,3280.0,1315,2374.762523747625,2378.0,0.9289507698681159,0.0027311744049941474,1663.7638632914895,0.5862696754478981,0.41373032455210185,2560.540108658343,3334.9343336838765,0.002278767123287671,0.00331823723199653,-14.670704391630187,379.97644833986396,326767502124.5016,50,64354605317.95247,750,50435605090.62729,550,40603182733.53376,650,38008969860.84934,850,33684004420.9087,950,28368251867.210175,150,21841070391.42258,450,13306444839.872478,1150,11259509247.987942,2550,2
2558.4829202080145,3288.0,1383,1949.152542372881,2404.0,0.9398388363703147,0.0031213421771361686,1843.6710632437444,0.6050941662514823,0.3949058337485177,2559.0803405606002,3595.35448893324,0.0021555716353111433,0.0032975950648288046,-14.68375247518146,328.4243583441259,606387506501.8134,50,64931635554.00699,750,64065513566.43605,150,53459815436.72328,850,52376815170.60719,550,40673775690.10102,950,38864561403.73346,650,37658435648.29558,450,34560893903.274445,250,30718169827.167923,2550,2
2556.9747217324934,3186.0,1148,1637.5946369609446,2380.0,0.9310036521515181,0.00273224043715847,1694.8968878920268,0.642519933252602,0.35748006674739785,2557.56835640848,3561.928449401238,0.0026025283347863993,0.004082559357170509,-12.634999258648117,251.36208664028646,626695972845.353,50,91899018839.41858,750,77842723858.36844,150,76731690377.966,550,57149256955.17622,850,48839352502.21686,650,41244001555.733826,950,35202044434.48274,450,27401525120.035736,250,18565341402.2762,1150,2
2557.544019660757,3221.0,1898,2069.1840683167657,2338.0,0.9143604629166988,0.004291845493562232,1577.3458742860423,0.652794270833493,0.34720572916650694,2558.109463136072,3638.570058782099,0.001577754348972061,0.002039786291420931,-12.379814106874276,239.7295048423334,627412196675.6151,50,84246834339.96588,750,69428153650.86353,550,68967472285.84775,850,61621859953.43325,150,51513010800.37137,950,48820508517.211754,650,30521337221.408195,450,26517298707.886894,250,19279748873.72065,1150,2
2555.830751169724,3328.0,1305,1463.593609285881,2449.0,0.9584758583256855,0.00312256049960968,1645.3151773879752,0.6753998666424722,0.32460013335752785,2556.563030238994,3454.9497357714004,0.0022949386503067484,0.0034589160367968497,-11.060538145660114,185.9235025030337,866781943376.3696,50,97344611804.19934,750,78392181095.59402,550,74852628355.33127,150,63555876972.40937,850,58956535314.41906,650,51642788908.44339,950,39249859313.09686,450,30587185688.399178,250,23984157490.721867,350,2
2559.088371837338,3245.0,1793,2597.151339270823,2430.0,0.9496957990743274,0.0039032006245121,1792.0447993466603,0.5699061203141942,0.43009387968580587,2559.4626224216495,3515.758375311069,0.0016609374999999999,0.002274924648600045,-15.058872069191867,395.9135106552666,360589933712.929,50,66024242812.63773,750,46611848558.68946,550,44605111124.960884,850,37434983346.565414,150,34832686408.96384,950,34195445180.62605,650,21941446899.49418,450,12633540628.06899,2550,12087220419.156296,1150,2
2557.276935180806,3208.0,1745,1861.2870956985662,2275.0,0.8898673491197009,0.0039016777214202106,1589.2665707241017,0.7049303546575499,0.2950696453424501,2557.9928488267487,3487.2733683452593,0.0017107798165137615,0.002314763315848938,-11.977805205210093,203.52726279286472,930747046132.51,50,72057343240.33023,650,69630472373.20859,750,65895583388.823,850,57302810802.13136,550,50175827457.76997,150,44765862703.03973,950,43037713827.78883,450,40340432452.82565,250,29501511418.773285,2550,2
2556.3985746189396,3196.0,1724,1756.1528713399587,2262.0,0.8850818660181978,0.0039032006245121,1749.3666179765205,0.6487681479410696,0.3512318520589303,2557.1011645062254,3416.920639203128,0.0017311665699361579,0.0026766608423122095,-11.839069339350667,213.10830389387456,808212157503.2351,50,95710585263.91396,750,89470040525.5486,850,63056449000.008194,550,61230906755.33169,150,50059326874.27182,450,42730981673.71135,650,36832422334.88226,950,26257686555.830444,250,22047877726.70092,2550,2
2552.4730067822243,3272.0,1730,2125.346052499917,2398.0,0.9396432843374048,0.004301916308173641,1665.044223410125,0.5985340880622583,0.4014659119377418,2552.9136503660834,3379.61907236926,0.0017129554655870446,0.0026007728750252752,-11.795692389957857,253.12450468209863,446051169700.9126,50,74984231334.9574,750,52123306679.83653,850,51672352644.138245,550,50291597570.78224,950,49296119140.53284,150,43058588341.75369,650,25270229815.497726,450,17401525644.008297,1150,14036405692.524097,2550,2
2555.928129456319,3102.0,1897,2256.2154235819503,2243.0,0.8777391945945103,0.004296875,1582.901274925007,0.6301833301802522,0.3698166698197479,2556.4273796831912,3694.629274103377,0.001577162447257384,0.0021820568063412866,-12.783368266046406,268.1520901270918,538503039866.6145,50,80381743549.85147,750,65390836592.728584,550,60154886795.34892,850,51329690907.9154,950,50676924620.216,150,47706954001.66722,650,28780736225.651695,450,18425337226.707123,1150,17467931461.380634,250,2
2555.980440955089,3234.0,1166,1721.3771016813448,2299.0,0.8996904764422532,0.00312256049960968,1708.5024499587464,0.5931463710671196,0.40685362893288024,2556.6374543744905,3553.272049918756,0.002569012875536481,0.004001142687084445,-13.237022865698986,267.5499834520961,662489798332.0054,50,118346327740.47595,750,94386311191.06857,650,88155556014.73686,550,64804065201.681305,150,56837116143.43292,850,47513421880.370964,950,28293214783.902103,2450,28068194639.491005,450,27820811735.647453,2550,2
2551.2226638463044,3266.0,1556,2516.761733213249,2463.0,0.9656011219751763,0.003913894324853229,1783.974536593855,0.5569152595358047,0.4430847404641954,2551.7025508612455,3502.385285453773,0.0019162057877813506,0.0027669351814756027,-15.238208262203973,379.38783864522804,433256366198.48755,50,83111696609.99129,750,60895324014.69629,550,58454297212.80548,850,47800997930.953285,950,47337763175.803375,650,43752695785.046555,150,32747048830.15876,450,18780752855.21647,250,16732818720.234013,2550,2
2544.544160145261,3251.0,1855,1487.0136365151868,2435.0,0.957226135124585,0.00431203449627597,1717.5658756862495,0.6270694709137394,0.37293052908626045,2545.2795856875073,3563.5150894462095,0.0016089536138079827,0.0025003852313776947,-11.030403403257745,194.94310646913064,806320656248.5896,50,114962062451.28058,750,83397737743.10257,550,77503383513.94653,850,68610922847.78331,150,65114100017.858536,950,54826877465.0384,650,40501239936.7964,450,31263815655.997177,2550,24661267223.065994,250,2
2546.3462374310534,3293.0,1063,1294.906434504153,2431.0,0.9549558968590828,0.00274294670846395,1650.0009342740816,0.6393009828100152,0.36069901718998465,2547.024993440492,3338.0687538448806,0.002806591337099812,0.004480028275889408,-12.425894232779234,234.65989875740325,776026033169.7283,50,105209656383.14633,750,80391026173.61534,850,73842111269.7313,150,58686884557.71287,650,53894564491.800095,550,53277363439.88192,950,27384194057.66214,250,27046266067.493168,450,24334911819.931087,1150,2
2544.2040288642293,3262.0,1174,1509.6227610820185,2340.0,0.9199107273208905,0.002746174970576697,1614.8274343416383,0.5949200094490442,0.40507999055095584,2544.6828750289483,3333.8968767935407,0.002547740835464621,0.003949427372050899,-13.58266275343273,297.7462962202472,456675301483.7886,50,83847469764.91074,750,67432226759.15245,550,63602568656.033646,850,55922966369.68043,650,50878242681.42488,150,48318451011.30451,950,30041466553.568245,450,21605191231.412724,250,20870951309.574036,1150,2
2541.0324597231174,3190.0,1782,2068.4593314205645,2354.0,0.92666167220423,0.00432050274941084,1636.7992261190916,0.6054333672931208,0.3945666327068793,2541.7632479173426,3571.7341498311976,0.0016760247052217856,0.002573246611149578,-11.805433842580019,213.66166086662193,716128023873.2502,50,134157332582.24255,750,111692483710.77985,550,81430610319.18874,650,78593993430.74745,850,73248906312.31303,950,67233350537.325035,150,52431515392.82014,450,27840139368.441902,2550,25681113834.242607,1150,2
2554.956970167008,3212.0,1057,2245.347208324995,2259.0,0.8843029303367204,0.0027354435326299334,1673.04291308719,0.603075874278443,0.39692412572155694,2555.3594108701604,3348.8110827579035,0.00283219696969697,0.004078429178895169,-15.250209611870732,376.1473666149763,414439294562.9553,50,73582309170.72757,750,54043788682.15924,850,46827082426.98822,550,39016689001.1551,650,38340356094.707115,150,37560194781.89519,950,23797430261.84342,450,14447641834.02774,250,14229825554.297886,1150,2
2558.912912078901,3162.0,1645,2182.1942026084926,2274.0,0.888878431840102,0.0031201248049922,1693.8190899303186,0.7136883599583401,0.2863116400416598,2559.545571634622,3476.495753521087,0.00180845498783455,0.002863340365882756,-13.323956667219258,244.96544651612052,853553235430.3335,50,59577643894.958244,650,49039416796.94646,550,44625188051.75372,750,43870314602.17417,850,40731172351.430405,950,40231073650.96608,450,39062032710.85167,150,24797768804.862904,2550,20682657008.595146,250,2
2557.7372923555617,3157.0,1344,2639.847893525468,2271.0,0.8880314455774665,0.0031237797735259665,1691.6726006725492,0.6243474715532206,0.3756525284467795,2558.1326509455016,3554.086307926699,0.0022170513775130306,0.003312718279629257,-15.091664258264078,363.2263364166174,435739624475.56165,50,60105553317.542244,750,54317321510.23763,550,45176802195.29445,850,40145683815.745895,950,33141104162.573048,650,31011670311.750256,150,23868891910.621655,450,15743188788.78733,1150,13498742619.176476,2550,2
2555.2909309285797,3216.0,1182,1447.6800426965542,2346.0,0.918335075492414,0.002733307301835221,1738.0333900468002,0.6451487652489107,0.35485123475108915,2555.9585845264987,3528.548303891646,0.0025276883996613038,0.003894480841394531,-12.24488449456987,233.29048497920635,737851646826.6414,50,104393817353.53506,750,94316623688.27603,550,59800994965.589615,150,55251170461.85591,850,53555519216.27594,950,52314286628.89199,650,30316162592.538162,450,27156210331.87021,2550,26744693759.410408,250,2
2552.711018264778,3297.0,1348,1537.3323547074128,2426.0,0.950586062012233,0.0035169988276670576,1642.7288235012331,0.6415393643120278,0.3584606356879721,2553.3120980532062,3351.5051711554966,0.002199628804751299,0.003526835273804841,-11.066105138276452,206.64811882194397,650535903707.486,50,99328975188.4722,750,72426063390.44612,150,68986630311.00972,850,58849607651.56771,550,50054370683.21075,950,41146376510.511284,650,30894008153.042583,450,30028175526.79041,250,20271748713.26312,350,2
2558.8138744448593,3259.0,1781,1385.867752051778,2363.0,0.9237909068800643,0.003897116134060795,1717.7187441444507,0.7112937051562263,0.2887062948437738,2559.6893024792134,3567.20290235131,0.0016775280898876405,0.002085641270122439,-10.659668891740594,164.72995718523035,1175440265304.0764,50,102120489535.0741,750,86328861258.23122,550,70889538682.40204,950,53077397520.4573,150,49559025145.910034,850,48568583280.48242,650,37526656755.95369,250,30397828079.5139,450,30158671790.153133,2550,2
2559.3045939151916,3154.0,1650,2177.3494297338757,2320.0,0.9066823279672517,0.00351150994927819,1720.9648959327544,0.567907036785031,0.43209296321496904,2559.8297493516725,3566.0471553922443,0.0018004851425106124,0.002392245357049276,-14.603966570350343,331.36159053397125,486110808229.07654,50,122332346782.89508,750,79017596464.639,550,59407384311.459854,950,52723934426.29718,850,44567300678.643745,150,38161697213.81416,650,33804227782.82247,2550,31069572112.398113,450,24854637438.745514,250,2
2559.7413937352685,3300.0,1732,2336.1462259430973,2436.0,0.9518439927963295,0.0039001560062402497,1654.3918371070595,0.5718550707635506,0.4281449292364494,2560.2397699025405,3387.954708264432,0.0017266897746967072,0.0020057524051607704,-14.407296609268197,330.1815632372221,455036373138.0774,50,95740010577.96909,750,69889572636.05276,850,67692928790.175095,550,56704659299.39618,950,53012293953.9982,150,49263486994.66545,650,32076090065.150543,450,23820699210.381916,250,19947989787.268715,1150,2
2560.5911832558336,3280.0,1050,2595.842647892963,2406.0,0.9397841237530338,0.002730109204368175,1774.114234041534,0.5307311316541049,0.4692688683458951,2561.019871053584,3485.383463248693,0.002850142993326978,0.003993811046061222,-16.059041769330992,420.87133866769256,357559829614.9658,50,85916528644.7463,750,59205868000.84351,850,57785184285.73891,550,45030846346.13083,950,43242130800.09867,150,43079889052.21247,650,29545580128.250893,450,18182032781.243195,2550,18079554025.46244,250,2
2560.189812971545,3268.0,1795,2114.3200160074703,2452.0,0.9579440417004963,0.0039001560062402497,1769.3847449414736,0.5684025212932101,0.43159747870678994,2560.731042213208,3478.8661104126345,0.0016672798216276477,0.0021193393784563037,-15.013341110140365,349.5338512821544,493036479191.9837,50,98061186748.71458,750,69612965261.26639,550,61861528602.977905,850,61552808115.147736,150,57665715277.95302,950,49773142202.92369,650,39387345747.17691,450,26436122378.70678,2550,21524668809.29322,250,2
2559.8304123866396,3252.0,1827,2219.0701865634283,2340.0,0.9143149980627665,0.0039001560062402497,1667.4865232835755,0.6305558056127787,0.36944419438722137,2560.367683916099,3506.428253998149,0.001636363636363636,0.0019610536339357888,-14.005505980533611,296.2560769464636,567817276010.4371,50,80752445081.70193,750,74853244570.52199,550,58522445835.86043,850,54966575976.69448,650,53155383945.884995,150,51438117584.61938,950,34477944788.56063,450,21772010658.561405,250,18299691286.596527,2550,2
2557.8171780621,3301.0,1835,1883.183953620098,2456.0,0.9604471472697012,0.0039001560062402497,1644.7388186258222,0.6461714568591889,0.3538285431408112,2558.4919064079063,3422.7479150476984,0.0016346782988004363,0.002289411221376589,-11.090599677381801,194.71801276437753,742348289905.4491,50,95540364382.77802,750,81632125778.0473,150,76795349995.1763,550,67609862267.53575,950,63678757840.78629,650,61203692305.54787,850,32755346098.21173,250,32199541529.35606,450,28489530830.12071,2550,2
2559.200257484098,3275.0,1497,1425.9030719455654,2387.0,0.9329989261300828,0.0035087719298245615,1734.7416143416083,0.6060559990802667,0.39394400091973325,2559.9836112284015,3522.7421726414027,0.0019957887700534755,0.002860346108275227,-11.690779186513065,212.88085704441863,825305323878.7404,50,139034589327.43094,750,113048837155.48537,550,83468848323.59131,850,70589429932.67543,650,59739811397.181,950,54887828508.638695,150,50748834694.88816,450,27686060165.704987,2550,26973652130.806473,1150,2
2558.45292822881,3274.0,1809,1789.3718517530106,2413.0,0.94337934650507,0.0039001560062402497,1832.6763710864693,0.6213421894848072,0.3786578105151928,2559.0799363361757,3556.2857819662922,0.0016559181415929203,0.0021292937718291765,-11.409947717781208,214.90584430442837,643085356716.469,50,90839416944.44527,750,76676649060.28592,150,66134298196.28313,550,64105463045.67833,950,60781210224.0208,850,46628368047.95864,650,37493748897.70024,450,31476235617.432777,250,24640541953.809547,350,2
2558.241753779223,3303.0,1690,1904.1105031362604,2406.0,0.9407339541672517,0.0039016777214202106,1789.024869575476,0.6223885730805307,0.37761142691946936,2558.9058282030583,3384.5187608735987,0.0017702782711663705,0.0022959340549873223,-12.188900306517683,234.19277382575777,727361662301.2307,50,105391721152.42741,750,65780413913.03609,150,59479716349.79968,850,56771431882.91385,550,53210038663.09859,950,40368545458.52355,650,37464273266.46249,450,34812819476.74245,2550,25110438338.891357,250,2
2555.953218773124,3216.0,1815,2131.6342529272442,2407.0,0.9419388125861617,0.004295197188598204,1762.4864758711008,0.5894556858057868,0.4105443141942133,2556.5386215483495,3504.282952195014,0.001651047409040794,0.002132257760854118,-13.141132760079595,280.8659697063026,549208259556.7308,50,91403071767.37741,750,77806788346.05588,550,68397274762.06813,150,67305132551.94064,850,49751041439.446434,950,45220533510.582565,650,33383891498.184902,450,25933744016.04876,250,25776558592.73101,350,2
2554.290217240634,3226.0,1715,2071.173665076877,2392.0,0.9366535545273631,0.003909304143862392,1652.33528751876,0.5246247460963369,0.47537525390366303,2554.8079251675917,3603.26030060266,0.0017427654609101517,0.00238181746345911,-14.032664868519785,327.00373303862926,417985243491.5475,50,120036445837.93297,750,83095922941.27054,850,74431745721.0055,550,61791067731.34843,950,50449044600.62561,650,47816744043.32315,150,36278645143.18294,450,24324669379.397076,2550,23608077457.238503,1150,2
2552.4092853869283,3241.0,1123,1210.7264358615168,2308.0,0.904528010086392,0.0027354435326299334,1700.767327765379,0.6364975920838126,0.36350240791618743,2553.2113202340333,3577.0863978625703,0.0026527629233511585,0.004162920572869822,-12.711216112748675,229.4403585911621,868832847889.6891,50,134267005726.8783,550,105503569085.59445,950,93958213149.49902,750,86632573742.04865,850,65363066979.36846,450,56598589968.46935,650,49255925652.66444,150,28032004481.527573,2550,21754060976.51666,2450,2
2550.94424024856,3280.0,1867,2641.1444959482437,2386.0,0.9355137594981003,0.004306969459671104,1667.3310232391088,0.5373887230618939,0.4626112769381061,2551.418155333947,3330.479815141199,0.0015976956055734192,0.0022192377353482287,-14.845010372098171,358.441317793982,409636705751.1302,50,106613410222.60112,750,72703698512.6083,850,67980508998.0721,550,59246066200.854065,950,51391902021.726616,650,42609195439.382866,150,29116859563.005295,450,21237083907.339806,1150,18182781285.58897,2550,2
2554.228337465791,3249.0,1812,1684.1262427437111,2447.0,0.9582895347694607,0.00390625,1737.3235839409,0.6077861850362207,0.3922138149637794,2554.94846440691,3549.732082285359,0.0016434014356708998,0.002350232744229074,-11.814803171080872,220.96790094754357,756079209396.031,50,116713000471.93503,750,83803480982.88948,550,83265157724.16873,850,72663745816.7098,150,66167009698.449615,950,55236889922.76196,650,40470001606.87028,450,34154838543.683342,2550,23136768148.249626,250,2
2554.918937737897,3201.0,1293,1623.6236236236234,2367.0,0.9266861790835436,0.0031237797735259665,1621.7722808544236,0.6249243471405439,0.3750756528594562,2555.5749438868547,3611.4389287176214,0.002297678018575852,0.003695484341128103,-12.93975447932968,257.24474739686724,668282292823.431,50,111976074279.23672,750,90451782542.93011,550,75774728824.04254,150,66748401449.642044,950,61936349878.69377,850,61425736204.70453,650,40593837087.13019,450,32190484713.615852,250,27609825092.048615,2550,2
2551.2600728243597,3264.0,1074,1427.7616618318827,2370.0,0.9291885467342086,0.002737583105201408,1703.084450204713,0.6347849947134884,0.3652150052865117,2551.907397587823,3492.9033650275655,0.0027808014911463188,0.004348446660637323,-12.716507467315132,245.08068108663298,680758388866.1864,50,92672057116.94873,750,83913551634.94551,550,69325304087.72966,850,66600173560.21545,150,58686873081.225845,650,53317035700.28691,950,41114421873.96448,450,34986051734.27258,250,24020634841.527775,2550,2
2551.070933452982,3256.0,1756,1322.0192051213658,2389.0,0.9367984133642568,0.00390625,1779.4697557906984,0.6634399052546399,0.3365600947453601,2551.9664386460367,3554.074430064675,0.0016980626780626782,0.002552086840986159,-10.293828631612124,169.06025650806848,1020128276869.6315,50,132122292507.89952,550,95626782245.30069,850,88248039127.25198,750,72823455162.49353,150,54909900046.33399,650,47322796190.57896,950,45146527039.4193,250,36294486419.954315,2550,31374739720.536667,450,2
2558.9410011180125,3165.0,1424,1681.9561663942357,2258.0,0.8826206442847984,0.0031201248049922,1661.3914163198788,0.6601849818413762,0.3398150181586238,2559.591347535418,3505.2491786765977,0.0020915671117357694,0.003288769921011902,-12.389615840434484,229.16426006651267,742114482376.956,50,90086609772.87628,750,75784171513.7671,550,64579840190.33166,950,54274770648.12755,650,53759019375.702545,450,52568821130.12652,150,52261600838.69658,850,28834055877.522324,250,19824084321.9822,1150,2
2552.1858831790455,3190.0,1185,1023.1441339291669,2253.0,0.8830544877445552,0.003125,1604.3808711263537,0.6733795264874527,0.3266204735125474,2553.0000614272653,3394.6639059796757,0.0025221283783783783,0.003827721633352913,-10.458849322784962,165.24966506481556,977640113951.5156,50,90619636225.76888,650,86697400266.6836,850,85345599848.79344,550,79979583881.56589,150,76636277004.11752,950,70678552207.59158,750,30294447103.128925,450,30259361781.657585,2550,28316082459.79464,350,2
2559.67881693111,3290.0,1186,1753.0864197530861,2435.0,0.9514835993774238,0.002730109204368175,1687.2058024442968,0.6216767674645736,0.37832323253542655,2560.1962345866564,3433.081467993995,0.0025170464135021095,0.003636982528035869,-13.214426522956996,288.51431090515393,537670840828.5743,50,89801862156.17963,750,60986388436.41106,550,60316186471.33918,150,58297807890.897995,850,43168609711.47667,950,37585436909.769615,650,32948195281.427578,450,19291995951.845184,250,18664765586.8648,2550,2
2558.140777345255,3284.0,1344,1450.9189153130317,2333.0,0.9122222533633055,0.0031201248049922,1662.9408205049206,0.6223671876554961,0.3776328123445038,2558.790612081113,3444.9175984629155,0.0022172002978406553,0.003410409874542237,-12.253820088356342,233.73024903516966,657680759425.3516,50,113186420995.19955,750,89539228326.34308,550,73003489965.60144,150,70417698306.09305,850,58248297999.61219,650,54069954757.82533,950,44773220790.62563,450,28469420871.46099,250,21020116489.31573,1150,2
2556.6512500608555,3212.0,1087,1562.5312739767155,2373.0,0.9283900883214999,0.00273224043715847,1674.5451803015499,0.6519555112818702,0.3480444887181298,2557.2647240331926,3579.470140277389,0.002745395948434622,0.0043173609849689884,-12.18777014461474,234.811637976832,711848885265.8287,50,80925586448.60492,750,60753497967.39841,550,60511366778.637276,950,50612234770.05378,150,50100577467.4077,650,49627221417.4099,850,34890333431.18786,250,33869202473.57519,450,27104836838.321075,2550,2
2558.423027705243,3275.0,1403,1695.130086724483,2437.0,0.9527965773049047,0.0031201248049922,1737.8205487113726,0.6537069290275775,0.3462930709724224,2559.1120793380387,3523.0852263220795,0.002120756062767475,0.00320545473912431,-12.999892855211877,250.57024667487025,803390129961.8228,50,78150592876.59738,750,74727400633.5864,650,72446573060.81395,550,55925668374.47455,850,53593819198.79327,150,46066552184.196,950,42477957368.71939,450,34104163507.765755,250,24676524604.585403,2550,2
2561.6865041494093,3004.0,1886,3068.6401973530683,1916.0,0.7480228999632887,0.0035101404056162248,1846.641664471118,0.4754079834578487,0.5245920165421513,2561.9540717909895,3417.545363361557,0.001576976127320955,0.0021953363595416495,-16.464191893102203,444.28109887157945,207606071145.31195,50,55649634276.28224,750,43739570177.71872,650,27401201420.965626,850,27135715168.971104,950,22353621040.638687,150,20165569087.41626,550,19863248302.394608,250,14658745041.313854,2650,14046781855.289711,1050,3
2561.7679843598307,3212.0,1134,2846.8492510925043,2257.0,0.8811264354083327,0.002730109204368175,1776.6915306761448,0.46210075208708656,0.5378992479129135,2562.0420274017947,3215.6135141475984,0.0026315975286849073,0.004100135490460669,-14.958924574477434,407.06275969788226,200950414646.81046,50,55036627773.87886,750,48303748607.40704,650,33490579131.61482,950,33051018718.39439,550,25305776925.877937,850,19244169865.8265,1050,18906457639.252026,2650,15653319672.894299,2550,15307904830.713581,150,3
2561.989317169564,3168.0,1194,2419.397815081268,2266.0,0.8846055283489742,0.0027290448343079924,1921.2234515007588,0.46685008315823334,0.5331499168417666,2562.384814949471,3683.9473396852127,0.0025009220452640404,0.0035275931810640924,-15.15345504812412,380.7716244117587,317163038491.757,50,62349524978.26666,750,58413848242.09688,650,43927652897.24508,850,43688247546.13785,550,39172936800.85643,950,26310708981.830124,2650,22753525517.10778,2550,20652145995.35595,250,19290575814.553047,1050,3
2563.028050823267,3105.0,1016,2759.9893269294907,2210.0,0.8623818681651567,0.002338269680436477,1916.0374695492342,0.5016117407300908,0.49838825926990915,2563.386215366672,3607.977238155365,0.002939408866995074,0.00447713662511224,-15.814279514023228,409.4053904619837,300854334898.8307,50,53438416815.36464,650,50742177176.07232,750,40472169260.31034,550,34767029746.180885,950,34653380839.32655,850,23079731801.353294,150,22422476784.88548,2650,20104727161.792255,250,18525343285.89526,1050,3
2561.9274082738993,3197.0,1374,2879.3488775476167,2246.0,0.8767792592838363,0.002730109204368175,1793.9573707747845,0.43550641993691264,0.5644935800630873,2562.206599054872,3198.0146135298664,0.002154989075018208,0.0036063347927183984,-14.803548132947446,392.81990629659634,190565167070.5228,50,58488645871.624344,750,50813309663.20201,650,33316997865.797676,550,33305949085.025875,850,32249143574.0732,950,22759027707.166355,2650,17264210126.36669,1050,16848424755.882845,250,16590743747.041613,2550,3
2562.951253908525,3205.0,1749,2914.4153158561803,2164.0,0.8444353332743575,0.003898635477582846,1784.9715394467685,0.4957130467445412,0.5042869532554588,2563.2432454686004,3256.7924345525958,0.0017100114416475974,0.0020160504129618497,-18.36149112569369,527.777340936656,235402207978.32492,50,73678745487.25983,750,43527794524.37696,550,35411481342.83972,650,30741013181.37835,950,29285027146.611195,850,17399288830.88115,150,14182271245.20916,250,11949293889.688168,2550,11604577838.321808,450,3
2562.8343457189785,3056.0,1321,2871.723033820292,2087.0,0.8144354095712755,0.003117692907248636,1826.05335887257,0.48421288891647024,0.5157871110835297,2563.1572764442253,3506.8150877472017,0.002256439393939394,0.003227984321001254,-16.775418556626445,452.9751902733398,252499918423.4449,50,69834504290.69131,750,48851520440.6647,650,45748967780.3816,550,35775211818.359985,950,35068025570.61717,850,21406207240.256126,150,16777719688.731976,2550,15554038311.294094,250,14855607768.020475,1050,3
2562.1645767930568,3172.0,1338,2531.3667912439932,2221.0,0.8669774975205881,0.0031189083820662767,1877.2772319091366,0.46197199494588437,0.5380280050541156,2562.555567728165,3566.140490667587,0.002211219147344802,0.003291123997570144,-16.421812938899382,431.14642009205744,285440321522.3418,50,70895504704.67578,750,66297113484.3359,650,46144900095.75328,550,40210073717.25217,850,38896354390.949486,950,24835359518.63542,1050,24603187085.07592,250,24593449808.76143,2550,23690756391.730698,2650,3
2563.972159123541,3202.0,1169,3368.14011676397,2261.0,0.881902406295094,0.0027279812938425566,1729.799311260884,0.4591453261743876,0.5408546738256124,2564.168556746695,3206.984690837847,0.0025500856164383566,0.003954087965195695,-19.084081914897382,628.9736786847501,128233905228.02255,50,45347569567.1427,750,33172797516.915417,650,31236045933.521816,550,25866408644.58866,950,25281302120.918926,850,14936182931.170704,250,12079691308.578178,150,10839428504.224705,2650,10816324269.884968,450,3
2563.427467334868,3096.0,1165,3650.1000667111407,2071.0,0.8079746908794984,0.0027290448343079924,1890.5155505661978,0.4411555165786887,0.5588444834213113,2563.655814905265,3432.511594343389,0.00255713058419244,0.0038667352630651643,-20.124993249751498,666.4480642920669,149103173134.80356,50,40906569662.856926,750,36124862316.50758,650,28568125791.816338,550,28546902641.337616,850,25764447641.23974,950,16363324339.497131,250,15246153844.397785,2650,14403279153.388773,150,13679616660.052193,2550,3
2561.4696316317395,3176.0,1796,2822.6425164281663,2165.0,0.8453341667476667,0.0035101404056162248,1724.950230986856,0.5074739865979822,0.49252601340201774,2561.8218660093144,3368.5871151807896,0.001667242339832869,0.0023651595845717178,-15.429401432530849,380.44483875107943,297074013274.18665,50,70571792590.43088,750,52807436408.32121,650,43609973689.0683,950,41248537296.35083,550,34968231773.766655,850,21787234277.78488,150,20532178779.61136,2650,20281991622.63037,2550,19388411666.02668,1050,3
2562.1454613938267,3056.0,996,2795.275590551181,1943.0,0.7584294332882088,0.0027290448343079924,1769.8752964514797,0.4889936205881358,0.5110063794118643,2562.4177447456395,3292.267915088306,0.003005025125628141,0.0044894891064078376,-16.25636867535063,425.81982546164215,223450426829.37756,50,48968428178.65892,750,48164215265.45304,650,35259403379.325554,850,31377723227.538185,950,29748765795.685947,150,17016539311.20687,2650,14034539770.970879,450,13916761067.986517,1050,13650628865.589695,550,3
2562.2565559862305,3216.0,1187,2780.279529003636,2253.0,0.8794081035105228,0.0027290448343079924,1896.5714684414238,0.4530642598221701,0.5469357401778299,2562.562610085093,3541.4170953292073,0.002506408094435076,0.003818572181628738,-17.28232622016811,498.9947775932743,220032700605.07434,50,59021383717.39412,750,46344727313.274475,650,41298517304.997116,550,39047636254.291885,850,34626708308.35693,950,19735032761.21227,2550,17802815277.94335,2650,16704324268.874994,250,14441316785.476093,450,3
2561.720146184371,3211.0,1328,2398.9056452689174,2235.0,0.8725961583552471,0.0027290448343079924,1697.332799498701,0.5357995936214893,0.4642004063785107,2562.117929667757,3315.3604064955634,0.002248831951770912,0.0034263656664349942,-13.04525773559123,271.86698276985254,366123553812.9774,50,68839200339.09702,750,68138586684.47826,650,42402792533.25427,950,39217125706.059494,550,36870599823.481865,850,23239536396.866318,450,22004060806.596367,150,21601773270.547318,250,21387469999.79727,1050,3
2560.619378140082,3080.0,1760,3254.1773671747324,2088.0,0.8155056221810741,0.00351150994927819,1927.116942527975,0.5277078163566615,0.4722921836433385,2560.8639872218605,3290.7550057199987,0.0016996020466173965,0.002381615405437229,-19.96646817195949,636.0464556536897,241638424684.54297,50,46722702248.79654,750,26778037534.23525,950,19729962163.268875,250,17161402775.357246,1050,17107394196.670786,650,16934116639.851528,3750,13451304278.602188,850,13227265420.685818,550,10015900008.713188,2550,3
2561.3201523688203,3065.0,1499,2987.021652820872,2070.0,0.8082648543383446,0.0031201248049922,1929.0284828976532,0.5338195198554092,0.4661804801445907,2561.598570269617,3208.283076512102,0.0019883177570093457,0.0033549084818706213,-15.630655773848519,396.54132439360916,273811953024.62866,50,42484672571.35893,750,27167792331.259655,550,26413487491.246353,650,26287733883.643955,850,18748757725.23896,950,18404717154.62121,2550,17070941755.360579,250,14389519425.25925,3750,12063995529.131044,2650,3
2560.906488946263,3210.0,1704,2500.833833633513,2266.0,0.885016580184624,0.0035087719298245615,1761.3011833822618,0.5336354975443565,0.46636450245564354,2561.408869642415,3658.361889194726,0.0017518496770405165,0.002364787642714758,-15.164622645514147,341.34053415824263,437421162220.4312,50,89190742613.49963,750,72705973924.82954,650,58708669174.5721,550,51698443480.698044,850,45934987496.209496,950,37037591903.4014,150,30827137587.11873,250,27347604587.44643,2650,27236157123.326126,450,3
2560.542734999925,3246.0,1752,2886.5120618419296,2320.0,0.9061812379655255,0.0039016777214202106,1895.8813142911838,0.466080141111082,0.533919858888918,2560.891166649847,3471.0609982543438,0.0017118218161050827,0.0024699617784457043,-15.311893635415998,401.09588218507287,268700509494.62454,50,62400625711.31941,650,60470914974.05073,750,40610019463.47302,550,36935670945.13662,850,35441589315.91916,950,22428998485.630978,2650,21098383392.305115,2550,19854743548.30639,250,18834053405.831276,450,3
2561.8070714783885,3121.0,1235,3098.0562131163933,1823.0,0.7116789867886811,0.002730109204368175,1853.690635346344,0.5457475098423262,0.45425249015767377,2562.065955554914,3137.9803539649924,0.002423743922204214,0.003992723761204832,-16.541614703347612,417.2506981759384,252490892444.51514,50,52989063908.9828,750,30044849676.267838,950,23660817393.142635,150,21561813107.376102,550,21212140175.71451,650,15529720555.066265,2550,14022295002.597145,2650,11001790288.772009,1050,10709858044.033075,250,3
2562.1515252669815,3155.0,1543,2736.7964501384577,2130.0,0.8314355337598173,0.003898635477582846,1805.8101054690385,0.45299972550788725,0.5470002744921127,2562.4687937796893,3359.3475036200166,0.0019250324254215304,0.002762679030753329,-15.440170816448747,404.00711420086776,236481073076.10522,50,65582614735.08047,750,56051172213.68577,650,39015938252.08869,850,31872211539.18187,950,31131870527.704994,550,24415311394.364765,1050,19304734228.726173,2650,18034705809.68428,450,16099324830.903288,250,3
2563.6986627950764,3152.0,1696,2986.2711694558575,2168.0,0.8457618070213352,0.0035074045206547155,1850.2854367791103,0.4786161504081942,0.5213838495918058,2564.0278074275666,3517.2628384321115,0.0017636578171091445,0.0022905888412901674,-17.492819981090992,485.6160173050392,252692404329.55624,50,60565122644.623405,750,47958019600.17666,650,39365013424.97147,550,38845183511.669334,950,31159071530.274994,850,21365135687.060226,150,20616042179.55021,2550,19704483894.1953,250,19291640100.411465,2650,3
2557.178415432094,3217.0,1360,2744.895235553183,2236.0,0.8745002353752478,0.003515625,1865.3631628606556,0.43034490616340465,0.5696550938365953,2557.467835030255,3518.193190949729,0.0021920529801324504,0.0035006142814441375,-17.95810732625659,536.7428063231713,192262202076.7036,50,62451605706.67672,750,44182741881.95076,650,44103826320.53939,850,40373124038.01432,550,31162224006.388157,950,16288153825.265078,2550,15327269438.459684,250,14725829572.110878,450,14179007368.089706,2650,3
2561.1792250751,3132.0,1689,2785.118451785118,2239.0,0.8743343677406271,0.0035101404056162248,1752.168906134105,0.508650317766558,0.49134968223344194,2561.553190224942,3576.2080777260026,0.001764691943127962,0.0020391946823425967,-17.618050271045416,466.480999831011,309074662081.1643,50,76538977737.18681,750,57382689168.17226,650,50348194708.359146,550,39165717657.85889,950,38163726660.3297,850,23065962423.86203,2550,21791993992.827858,450,21008332521.140984,2650,19284942332.491276,150,3
2559.396836977254,3102.0,1695,2676.5166927925825,1887.0,0.7373773542155118,0.0039032006245121,1799.9653596027174,0.5663080881915246,0.43369191180847544,2559.723992668024,3162.6959206532642,0.0017595631641086184,0.002651962370332736,-13.959358963791994,295.14787468599917,328304344126.9285,50,48159358445.62567,750,38235399578.229004,650,34971153466.526245,550,30857693795.81983,850,26172171620.317616,950,22403515277.9628,150,20290215398.36071,250,19036191088.323536,2550,14263346370.769382,2650,3
2565.312602754263,3195.0,1566,3254.5879212545874,2254.0,0.8787220878169507,0.003506038176860148,1726.4495999123349,0.4780145805246384,0.5219854194753616,2565.53659659857,3206.685543296254,0.0019100958466453674,0.002379956302874692,-17.369388675119378,510.6126893259907,160122213674.8173,50,45798460457.52412,750,37467175102.17113,650,30924133791.475365,550,29273758674.106026,950,25579234852.154877,850,16746472337.192345,150,16492990330.436499,250,13213248737.85455,2650,12781765630.096338,2550,3
2556.5162597050507,3232.0,1136,2261.9365164043743,2291.0,0.8963158194144587,0.002733307301835221,1728.8555058568822,0.5660361366854583,0.4339638633145416,2557.013717567971,3243.1372484189615,0.002630484581497797,0.004192168620028187,-12.633384076912547,239.8177040639805,489645212874.5919,50,76521952652.74243,750,73779987533.79828,650,60709794044.457275,950,52188713221.30275,550,38170889386.107574,850,30753418584.935837,150,27409953548.982162,250,23810886829.357285,2650,21977091825.116535,1050,3
2563.418522454351,3084.0,1398,3260.1807691024915,1783.0,0.6956181022431056,0.003117692907248636,2004.4700336984047,0.5185349268718586,0.48146507312814135,2563.6489842981036,3163.199763651018,0.002121116678596994,0.0033191842813367132,-14.573613753444452,363.9631858945776,215609788860.46313,50,29347357105.163467,750,24207664049.26436,650,24203644409.661835,150,16261594249.83922,2650,15458103291.08665,950,13849006490.983337,850,13256856723.89747,250,11491402877.423864,2550,11275038505.941133,1050,3
2563.4292410099597,3238.0,1612,2397.678374862404,2292.0,0.8942768242663405,0.003506038176860148,1765.2527899720733,0.5646393774418504,0.4353606225581496,2563.893622536266,3419.0398357588415,0.001854252017380509,0.0026476953629051047,-13.667759283927106,289.8137442678963,452971792908.60266,50,82148949182.5064,750,64191236775.48187,650,51227790812.04516,950,48089406151.97571,550,31445881418.914566,850,31237028003.70998,150,27629447112.46047,250,23042163184.381313,2550,22297463869.42872,2650,3
2564.846485629644,3010.0,1830,3105.967112504586,1839.0,0.7170736263775853,0.0038955979742890533,1898.6244515382946,0.5606201298617107,0.43937987013828933,2565.1027385234124,3243.3631727303723,0.0016184800437397486,0.0021548139774666937,-17.667689820368828,484.89128065499864,276423960925.83624,50,32099746143.64032,950,31888141374.077904,650,31689978613.570023,750,20386875869.175232,250,15124644020.877403,2550,13715626734.64904,3750,11310382092.339859,150,10734384152.937437,2650,9786363089.309189,850,3
2556.9195514348585,3203.0,1775,2623.891149202961,2235.0,0.8741963763823595,0.00390625,1743.6223666241162,0.459592230475242,0.540407769524758,2557.2052751132237,3257.5133191772306,0.0016886696730552425,0.0023463303714932986,-14.71418963089664,384.6646753189337,216087938675.32477,50,61612462791.37906,750,51187219476.6476,650,38622099168.787186,950,37386041131.675415,850,30887426611.062767,550,19589742664.154625,2650,19428970792.839287,1050,17289335394.145477,450,14029261202.389872,2550,3
2551.9229160311133,3105.0,1036,2803.6167089283326,2003.0,0.7849921693541447,0.0027397260273972603,1754.7117939036102,0.5334678084894503,0.4665321915105497,2552.2279854457684,3192.656226971994,0.0028752657004830918,0.00445442046111266,-14.844294771471482,348.1019910150548,263378597518.98877,50,60166396278.20319,750,34245925909.7136,550,32846191044.678356,650,31630896056.856415,150,28643461619.37594,950,25439060380.350754,1050,21515086623.545135,2650,19839998648.1202,850,19442441774.94674,250,3
2556.368747160337,3180.0,1553,3471.851654215581,2183.0,0.8540120602209683,0.003127443315089914,1955.8694753597688,0.37879631394007324,0.6212036860599267,2556.5674880358115,3466.343466014802,0.0019271907216494846,0.002669256594587519,-22.565021748847514,890.2591577747089,108228085097.73448,50,39691773586.517914,650,32894922302.357826,750,25324694983.2948,850,23538949685.118446,550,22156792431.623062,950,17897354155.84487,2650,14573260731.494,1050,12188631442.18269,2550,11816011113.980995,450,3
2554.980664241928,3223.0,1689,2876.058968714562,2248.0,0.879959624981082,0.003518373729476153,1873.1501009321842,0.45416524894611754,0.5458347510538823,2555.298624577589,3595.2592866334485,0.0017739336492890994,0.0026844683474374943,-16.886740754844404,482.8301472410961,233355777352.16367,50,63080772363.67801,750,48649555390.76518,650,41790931895.10279,550,41509366635.40064,850,32928008350.29267,950,20069403251.386726,2650,18647816411.55889,2550,16533741914.106018,450,15816576875.13758,250,3
2561.9356218019702,3182.0,1677,2616.498215417459,2228.0,0.8697781297351488,0.003898635477582846,1730.3913150915753,0.4791674241990821,0.5208325758009179,2562.2983912679238,3323.4284366758425,0.001784844868735084,0.0024213074462372556,-16.263310603060123,412.05515636500223,271545906212.88492,50,72597199876.83897,750,58617976215.65425,650,49944176563.99209,550,43011460513.95965,850,42316766410.52316,950,25417021459.394688,2650,22727111082.160553,250,22455506228.177254,2550,20452751675.116386,1050,3
2558.2132203464535,3248.0,1629,2651.141064993994,2302.0,0.900005042962624,0.00351288056206089,1809.6405369303275,0.5100281699699749,0.48997183003002515,2558.6629157409284,3615.9505832925365,0.001827027027027027,0.0023792730615633073,-15.724954074464854,371.75634142224544,379378163194.021,50,80214507539.55278,750,66144216112.68994,650,57596389790.81415,550,52823747821.13859,950,45845658303.588715,850,27344799626.16951,150,26196340190.08555,2550,25360664099.347084,2650,21702987433.390244,250,3
2559.8513250182464,3114.0,1538,2835.9851896327427,2076.0,0.8110678373251605,0.00351288056206089,1730.3880151250191,0.5880904574459849,0.4119095425540152,2560.1140110490724,3157.508818081309,0.0019460637605725438,0.002504590279783215,-17.433491262925756,474.63509055728287,257743367915.72888,50,58973668581.535385,750,39475942996.683495,950,38646291520.12912,550,23810855725.05648,150,16323951412.369814,650,14758738912.190954,250,11451178561.624561,350,11334388645.920897,2650,10086415899.358864,850,3
2563.1266074537975,3213.0,1730,2870.1047434785505,2243.0,0.8752150350796546,0.0035074045206547155,1815.0345524712027,0.4623260041779561,0.537673995822044,2563.4544203832443,3561.999441789325,0.001724812030075188,0.0023497911704599226,-16.349048979935496,452.176583677571,239474979935.62744,50,71574910114.62552,750,47747534396.620056,650,42916975367.5034,850,41735130024.91801,550,37385796950.35347,950,18438963438.844093,250,18288869128.93835,2550,17784743452.529816,2650,16959912936.832478,150,3
2562.464404744495,3171.0,1472,2842.950961762843,2213.0,0.863749616062046,0.003117692907248636,1740.3497939635595,0.4803752145938028,0.5196247854061973,2562.843678169781,3244.147876287209,0.0020244051665533652,0.002769994840622871,-14.443411761305716,347.2085986684477,284379284602.29095,50,70099306430.00664,750,56014609948.309135,650,53277608278.22206,950,48417835744.340866,550,43105181918.41145,850,25789892769.88838,250,24763185226.507008,2650,23930739479.758583,2550,23880368939.745773,150,3
2563.244083678713,3236.0,1521,2696.3743704346084,2291.0,0.8939187121557626,0.003117692907248636,1801.0978367468688,0.4915463046924025,0.5084536953075974,2563.6152607936124,3289.9050338278694,0.001957894736842105,0.0027971161444891365,-17.03240857712286,434.67274330099525,300747225502.8448,50,64003457278.199844,750,55590229965.95002,650,45283073094.198784,850,44732216108.37915,550,41231765977.195816,950,23014846876.500015,2650,20507832924.12583,1050,20417406541.160866,2550,19801206248.957222,150,3
2565.3736206168696,3249.0,1728,2697.4013410281214,2285.0,0.890841103068893,0.003894080996884735,1824.9085663445571,0.4950351200671489,0.504964879932851,2565.755524098976,3616.2475804009964,0.0017320787492762014,0.002100175474138162,-17.367782631945442,457.72606672225476,316402131022.7427,50,79229031076.99054,750,51497177342.46198,650,51422135238.36441,550,42456563735.06858,850,42132528188.68414,950,21555056208.77819,2550,18855617558.800148,150,18583700630.683083,250,17089648876.817928,2650,3
2562.4689121431707,3188.0,1359,2955.340193825557,2240.0,0.8742839592681731,0.003117692907248636,1721.7783761449584,0.5242122036412926,0.47578779635870744,2562.841123861212,3419.80020029285,0.0022047128129602353,0.003334358317398552,-15.237997068069452,357.40446850230825,324917866127.25977,50,69569677893.39287,750,52466288753.77577,650,50150378708.82666,850,46036250888.64246,550,37871462358.098206,950,23113182523.16724,150,19995142128.3881,250,19312205104.311737,450,18698861096.884407,2550,3
2561.3835588550096,3184.0,1167,2085.5293882180263,2232.0,0.8715582490815512,0.0031189083820662767,1650.2677836475223,0.5234722759507633,0.47652772404923666,2561.836652523329,3233.940285708277,0.0025679245283018867,0.00394885835569516,-13.816844392304645,295.9123838149661,386301962118.79156,50,83252485517.35841,750,70430119259.67247,650,56758179970.81968,850,53947940519.52927,550,53352855072.921,950,31836913338.346004,150,27762964802.734173,1050,27022572472.78621,250,24082051867.19996,2650,3
2559.088288388022,3120.0,1242,2888.770338757002,1938.0,0.7573826588110669,0.00273224043715847,1835.1277781092583,0.5711979841954974,0.42880201580450256,2559.3643295612455,3127.303878201269,0.0023949234488315875,0.004289518174645085,-15.8346641105597,396.0222703369463,279367164228.50226,50,56481502855.27376,750,39250429974.03923,950,28604800428.4923,550,23221658449.909515,150,19291592025.332886,2650,15860037069.016598,650,13917800173.322876,850,12989105607.705511,250,9905459627.57936,2850,3
2560.6278246461584,3209.0,1130,2877.625875291764,2265.0,0.8846642695102194,0.002730109204368175,1810.827924065726,0.4781452968573435,0.5218547031426564,2560.962307668118,3209.4591225836734,0.002637998228520815,0.003927883997518212,-14.867205951734674,359.99982021819767,267836978533.5805,50,58322464249.6034,650,53430299447.91999,750,42955723424.372185,850,38851827212.227585,550,35468782432.65454,950,21881456357.224888,1050,20894471746.092545,2650,18887328998.29629,2550,16547105719.626154,250,3
2558.601938598261,3149.0,1177,3067.7383850848814,2171.0,0.8486151946450062,0.0031237797735259665,1765.8532131161226,0.49478551562303236,0.5052144843769677,2558.918276262308,3362.8906522593347,0.0025431122448979597,0.003961537465358861,-16.46252845635417,438.33548365675875,255622054808.58005,50,53431654490.33825,750,52540350519.15654,650,39263526418.293526,550,34909780751.11281,850,31119109730.60136,950,21656077715.37097,2650,19884972402.411377,2550,18781902211.91986,1050,18629351384.1821,250,3
2557.7495888471067,3238.0,1160,2849.342433827201,2292.0,0.8962305203766744,0.002733307301835221,1800.0421892553995,0.5005095818105691,0.49949041818943085,2558.1213643669844,3291.0200116929623,0.0025714408973252804,0.003837693338256713,-16.08496708252176,401.5362203370767,309562467376.56384,50,68695077071.343025,750,53038322103.0602,650,45939007490.17687,550,44180299744.16912,950,41311464815.691124,850,21747976416.70079,2650,21168008610.560226,2550,20289472243.354877,250,19425292534.030003,150,3
2556.284994093676,3001.0,962,3742.290381730288,1840.0,0.7198443082413426,0.002736512900703675,1801.4755094802192,0.40075459177833933,0.5992454082216607,2556.461691258615,3186.5248908682074,0.003104890738813736,0.00465240329439101,-20.80688198069949,767.3825658477487,98139968886.53871,50,48052968470.34613,750,30425104368.536114,650,27148180010.594105,950,23845273357.65878,550,19594595863.226074,850,12013665726.709183,250,11311634002.192886,150,10926087140.17339,2650,10561604591.019386,1050,3
2557.137909293104,3196.0,1687,2806.7249316165185,2219.0,0.8679006867879316,0.00390625,1656.1828847188508,0.5182427409787419,0.4817572590212581,2557.531611016121,3241.330254462188,0.0017712336892052195,0.002508939513334201,-14.905766442727385,347.12634410360437,319836499960.2909,50,81766161594.20897,750,61198052081.74115,650,51859929622.21071,550,48084807852.294586,950,40348296762.52186,850,26445573687.63524,150,24949691542.64167,250,23764314592.84372,2650,22586971330.720383,450,3
2558.1735126365,3057.0,1461,2771.108443377351,1930.0,0.7545484428948905,0.0031237797735259665,1789.8106404334603,0.560108911014811,0.43989108898518897,2558.525779820509,3349.2344141466883,0.0020492465753424657,0.0031236075441523612,-16.053336844602367,381.63133594893327,337603169235.05084,50,62317704754.40966,750,40543698166.909134,950,38551559853.885544,550,35778574347.77441,650,30997165961.431183,150,28173628541.714355,850,19834029879.745426,250,19075727626.893784,2550,17349981878.998047,1050,3
2561.3278477820777,3117.0,1321,3098.183030505084,2002.0,0.7817099523383357,0.0031201248049922,1821.8651352597694,0.5372069395031014,0.4627930604968987,2561.603457202806,3194.9579735122934,0.0022658333333333332,0.003427569715416506,-15.542090138536322,393.1032536091088,272195794223.23904,50,53319553821.50838,750,34351011470.20946,950,29052999185.338547,650,22579904089.55411,2650,21243938942.106823,250,14440425642.772854,150,13849108020.4261,550,13344165074.21758,1050,12627731295.996899,850,3
2560.6798638851765,2948.0,418,4311.109628789647,1552.0,0.6061076892429729,0.00195160031225605,1231.15241796108,0.538200898059912,0.46179910194008794,2560.7586514042296,2975.0137573564552,0.007112470023980816,0.006313769193513309,-28.090203938085576,1215.765002604081,70891388866.30034,50,20074172801.516663,850,16446708507.384804,750,15806258625.651466,950,14587661943.219824,650,13488819790.567558,550,5610533520.128558,150,4045231392.862108,1050,3457798564.3615904,450,3323629325.5391474,1150,4
2563.7651505740223,2778.0,441,4484.5876701361085,597.0,0.23286180339443938,0.00234009360374415,1813.2828679404818,0.32330996551248725,0.6766900344875127,2563.777932152042,2781.3250329571792,0.006793863636363637,0.005956286486450906,-12.711838861655483,591.9558334672714,3868354281.1821823,750,3413662109.1939087,650,2922472061.5132113,850,2718657342.8756933,250,2457050688.5155454,550,2099886204.7690103,50,1612042757.336111,950,908208253.170933,150,610055344.6220231,450,589792278.1510755,350,4
2563.642211019532,2790.0,478,4441.776710684274,748.0,0.29177469024093333,0.00234009360374415,1602.3785369517373,0.5224943542036294,0.4775056457963705,2563.6624713905767,2798.532154306977,0.006251781970649895,0.0058890423394414165,-20.003173596202966,887.8377156548767,6538199546.39786,750,6487176799.376118,250,6185907199.447926,550,5833849997.760316,650,5458315060.54458,50,2147861910.6287684,350,1980726654.6433783,450,1961011770.4919665,150,1815535957.9622827,850,496957305.6320468,950,4
2563.7472166265743,2761.0,459,4454.969979986658,605.0,0.23598420377719143,0.00234009360374415,1740.7905436334588,0.3536973972295334,0.6463026027704666,2563.7635120573245,2765.3679270507178,0.006487991266375545,0.005537853846268526,-12.627199759785553,503.0250817262803,5499866069.480792,850,4996652037.143673,750,3972111750.056851,550,3131705541.5718784,650,2959555140.0923324,250,2886455996.1123796,50,2129375752.8227897,950,1899349873.4023242,350,736371470.985735,150,605485588.5429889,450,4
2564.1294679025646,2660.0,443,4425.46376618177,260.0,0.10139924140024359,0.00234009360374415,2047.967485788093,0.3567908049797704,0.6432091950202297,2564.137187682698,2660.172538323294,0.006743438914027149,0.005580919735755683,-2.5949920226728915,77.16654983963133,2654065749.5929832,250,1731243634.594593,750,1228409947.9189057,550,1000328947.7429411,650,752254302.9316798,850,704633597.605189,150,608092608.5657017,350,541075359.2211692,450,483820770.501179,950,427868749.51359797,50,4
2561.1107887272647,2762.0,445,4408.706086260916,660.0,0.2577027990710043,0.0023428348301444747,1661.657507618936,0.3134599092020502,0.6865400907979499,2561.1318158641598,2764.4076892791727,0.006722747747747747,0.006251493559875241,-13.728728991747765,516.5114176735868,10777910880.255451,750,7141083085.108502,650,5893041587.681276,550,4925795171.278164,850,4589549993.6111145,50,2305738573.840768,950,1746995605.9475474,250,1401868727.2638755,150,893771588.4765097,450,530343381.883057,350,4
2561.138827564138,2706.0,404,4378.554561479363,406.0,0.1585239242368174,0.0023428348301444747,1877.711367759608,0.3727577915322123,0.6272422084677878,2561.150040086006,2708.6146143633023,0.007415632754342432,0.006514372640734598,-6.067402291034817,215.43707478792203,3599193984.78264,750,3504313825.3127584,250,2189569184.6611156,550,2132532168.6770623,850,1972601985.3872213,650,1256624860.7541952,50,1209181233.0174747,950,1104421696.5924106,350,825018223.3938053,150,684793764.513658,450,4
2562.1884322081833,2757.0,366,4471.981320880586,647.0,0.2525199221876008,0.00195160031225605,1733.1723873638637,0.31177889416062504,0.688221105839375,2562.2027813779982,2766.418999570118,0.008153424657534247,0.007118020391872872,-17.166897530527944,819.4226574490001,5146173589.407562,850,4497652675.777683,750,2787292883.4284706,50,2568840508.1530004,650,2105649939.4986231,550,2105404555.7767527,950,1884028684.4374232,250,1410538505.6790469,350,1307442559.2499886,150,752146545.7854316,1050,4
2563.1619314622308,2763.0,407,4481.312610243951,578.0,0.22550375723037963,0.0019508388607101053,1834.077062914555,0.34910429915025015,0.6508957008497498,2563.1736648476513,2767.3253439989353,0.007330788177339902,0.0061289238256442636,-12.93857570961631,615.6651088313856,3709940740.8541274,750,2556132321.3518643,250,2405878102.138923,850,2262623641.0946674,50,2181797470.010623,550,1902002841.9258752,650,1659848286.925571,950,900052209.7814703,150,853181350.5801315,350,646886644.3355772,450,4
2561.5330755394994,2898.0,409,4188.031338556426,1060.0,0.4138193729268651,0.00234192037470726,1486.8040928459877,0.41937659756893286,0.5806234024310671,2561.5621000750084,2911.8865871531243,0.007291176470588234,0.00644594192057048,-26.389115064387394,1343.9762518743646,14464062226.118307,50,7742003004.323921,750,7148648818.15274,650,6949048592.214363,950,6756014863.967054,850,3972561525.057215,550,3253805527.397957,250,2889628543.4881177,350,2009742665.7868772,150,1376472966.4208658,1050,4
2555.651277190522,2780.0,395,4420.3116137857405,688.0,0.2692088004937747,0.0019561815336463224,1751.4409328738832,0.38731494942474437,0.6126850505752557,2555.665447573082,2786.478453063363,0.007515989847715736,0.006629780004151745,-17.890117178832416,937.5603678887891,4486811974.547148,750,3223274980.171121,550,3017484318.411108,50,2772882149.883686,650,2549408020.7529564,850,1903465533.7265334,950,1816683759.0514054,350,1570018907.8794603,150,1557812618.673887,250,1228526146.244761,450,4
2560.445501637497,2758.0,403,4532.657282006805,641.0,0.2503488434749646,0.001952362358453729,1682.7023207250377,0.3835990344803614,0.6164009655196386,2560.4637560135943,2766.786864099602,0.0074022388059701485,0.0067794590226277745,-15.895449073761565,616.8909748875735,8722988616.080505,750,5525044485.963588,550,4341531830.264906,850,4050825134.504776,50,3103239523.8574095,650,1993003353.5855598,250,1687201205.083962,150,1598971149.164843,450,1500038361.560751,950,1020022549.5100147,350,4
2558.029912978277,2650.0,384,4358.050635444812,238.0,0.09304061481846959,0.0023455824863174357,2106.2785290513857,0.3338169928913351,0.666183007108665,2558.037176748163,2650.2408788596745,0.007797650130548303,0.006852909634398068,-2.290513968961998,58.67862707229481,1938533767.0786123,250,1334747986.3833063,550,1118145190.4152215,850,962080072.7469536,750,827094293.6228507,650,633740447.4602075,150,572684780.2762574,350,541346241.7083361,950,525535673.42287505,50,371632574.46687275,450,4
2562.15034380228,2801.0,427,4480.482682756092,716.0,0.27945449341050227,0.00195160031225605,1730.7533495296766,0.29100248897548303,0.7089975110245168,2562.1661830231587,2805.183404936536,0.007015258215962441,0.006273262964335978,-17.174277961934536,831.9132604642233,6674788613.368145,750,4631134116.678892,850,3628127781.435078,650,3535265163.5914,50,2305783557.302559,950,1924511780.1612232,550,1528708426.2859282,150,1323302363.630621,350,1304738239.931132,250,890969531.7244825,450,4
2563.1737549514005,2704.0,442,4415.493427637285,324.0,0.1264062989321898,0.0023410066328521262,1944.8110876954977,0.2814785017671685,0.7185214982328315,2563.184101471677,2704.054538227355,0.006758503401360544,0.005788390643427425,-3.5262209479027593,110.3919144070429,3901566261.614211,750,2987334676.1999063,850,2560343491.930237,250,1593510215.6986527,650,1292766662.0210505,550,931467734.3571688,350,727506894.3895005,950,614861836.5484223,50,594643817.8586539,450,557319398.4492294,150,4
2562.751552742665,2701.0,449,4393.47434443184,449.0,0.17520304307998916,0.0023410066328521262,1930.7594753155415,0.39327921844757624,0.6067207815524237,2562.7622299751374,2703.2125619194076,0.0066397321428571425,0.005621823064728176,-9.195051788600983,359.9767871439086,4420487309.525776,250,2234850182.9864254,650,2122578350.7514715,750,2021301569.3748548,850,1761544378.863718,550,1063498083.543696,450,945242228.0657792,50,820944229.9568583,150,664509111.0505599,950,470007836.80420566,350,4
2562.8883892087083,2690.0,402,4491.878731281059,335.0,0.1307122896832654,0.0023410066328521262,2049.300005857623,0.301790173620215,0.6982098263797851,2562.896112683572,2690.167013371406,0.007411720698254364,0.006201036618496593,-4.117832308006642,142.32941209197605,2169423108.6659317,650,1403843189.5295236,350,1287253227.4680398,250,1244126944.5621252,750,808710090.0182852,550,788684142.1590649,950,671431810.135247,150,641596190.4999561,850,567585873.5810754,50,450546700.5755259,450,4
2563.6103242288623,2770.0,444,4535.508189065679,603.0,0.23521641881747798,0.0019500780031201249,1807.7958128527482,0.34562593625054155,0.6543740637494585,2563.6240974647494,2772.3124137834375,0.006730699774266366,0.005513202394161153,-13.568442193153844,613.7216876596465,4312622886.310873,250,4276851864.741356,750,3364486176.7918854,850,2832859982.469853,950,2527047935.8179855,50,1568279582.8474028,650,1292379540.9285736,350,1242099584.9985623,550,790222717.5832734,150,611688154.7694867,1050,4
2563.5663045801753,2653.0,433,4435.513457625988,212.0,0.08269751329394197,0.0019508388607101053,2128.497603316033,0.3025263494088557,0.6974736505911442,2563.573058730656,2653.0524936899988,0.0068925925925925925,0.005780129655467882,-1.3101078154058778,43.8835989766528,1522606158.9732175,250,1003329555.129968,750,866090902.1926832,650,819228234.130861,550,800796782.5159899,150,775210311.3839314,850,641396978.3462731,350,542437667.3317403,950,395672446.29773676,450,361776324.4234555,1750,4
2563.784068764551,2668.0,431,4394.889585696177,273.0,0.10648354502092844,0.00234009360374415,2058.4966654529494,0.31332680413304864,0.6866731958669514,2563.791733812397,2668.2699583253084,0.006924418604651163,0.005781802568494463,-2.7661774056766526,87.2965398372112,2237824486.453697,250,1582482910.3946738,750,1279365505.2548096,850,1116494842.4425983,650,1027463078.1929356,550,767088634.663488,350,604407299.7029709,150,570238190.6271114,950,374742748.0725564,1750,366150179.852901,50,4
2564.217165058205,2685.0,425,4491.429333689055,330.0,0.12869470319966314,0.0019500780031201249,1980.2343246993382,0.34558377592126877,0.6544162240787312,2564.2262324778976,2686.110001024891,0.007040566037735849,0.006083375557218816,-4.353842523003938,147.7985986067333,2474945922.068069,250,1763711372.0928948,750,1749743629.9459918,550,1702485208.9325166,650,1555511368.1136591,850,996586738.4127791,950,892778173.1693964,350,830673474.8448143,150,569772881.8602796,450,529629715.92232454,50,4
2563.7669783946653,2834.0,436,4492.087289688489,859.0,0.33505673313042966,0.00234009360374415,1591.564392891052,0.35332651676678717,0.6466734832332129,2563.7890290634423,2843.664072208085,0.0068756321839080455,0.006582869042463815,-21.873041925670666,1068.0207424070518,8335989482.035168,50,8037699614.193271,750,6353043517.522547,850,5365587388.142887,650,3952349416.4124374,950,3437873184.8536787,550,2461481939.419428,150,1355359733.3007374,350,1269856937.6204057,250,1004604421.314168,450,4
2561.5688256568205,2686.0,384,4443.258033301077,317.0,0.12375276903176437,0.00195160031225605,1928.2927831384366,0.3682931382846572,0.6317068617153428,2561.578807135804,2686.713265865462,0.007717232375979112,0.006517909904287875,-4.944719690878317,154.86715444574978,2782017424.5749326,750,2456766631.2234926,550,2446502481.54191,250,1867263580.552912,650,1586644092.7630515,850,952865354.795876,350,905009361.3046263,450,826928566.2551967,950,773865003.1821253,150,752687080.9370005,50,4
2564.373946102652,2855.0,450,4534.569589434012,942.0,0.3673448190425281,0.00234009360374415,1549.2676055575773,0.3552164887695137,0.6447835112304863,2564.39976133808,2859.6339113000904,0.006610690423162585,0.0055208833510074894,-21.76651059405564,1038.0545431859546,11344805359.881655,850,9071096227.830244,50,6720970919.630658,650,5043480435.866475,750,3420092598.262496,950,2995920296.2076654,550,2847721686.0561647,150,2390684823.3592253,350,1952844727.3444233,250,1940943101.6357737,1050,4
2561.405510756107,2723.0,411,4034.6724454075675,488.0,0.19052135944915882,0.00234192037470726,1857.657440124483,0.2765611166006417,0.7234388833993582,2561.4184226806656,2723.175390056533,0.007290487804878049,0.006358219742870776,-8.191191098990643,304.68838476866733,7024091756.92221,750,3835950294.6265917,650,2762493721.7019997,550,2691773438.9445744,50,1589569131.7983284,850,1142430494.9780192,250,886303577.1413486,950,622077080.2342497,150,498761902.87489426,1150,497603976.4601716,450,4
2561.714350895252,2701.0,450,4390.9679140817825,483.0,0.18854645563589525,0.00156128024980484,1906.6428260392495,0.30788962836032685,0.692110371639673,2561.7258131789213,2701.886099954535,0.006655456570155901,0.005983918525202787,-10.771803922566212,445.450317418645,4628372029.213094,750,3585857374.4130063,650,2518784465.753033,550,2134142534.8965929,250,1590251715.6751266,50,1508455159.098829,850,792805668.8545926,150,494170154.1387452,950,459750011.69984746,350,445833281.19891506,450,4
2563.3879012564803,2769.0,427,4433.065350101745,651.0,0.2539624727922825,0.0019508388607101053,1715.9960635850507,0.35101442257939364,0.6489855774206064,2563.4049514137973,2775.4378727397593,0.006988028169014083,0.0060474005868936314,-15.942403732120734,654.2415594725941,7517693603.001451,850,4505097015.6328945,750,4397941679.814937,50,3530414656.839509,550,3409416218.888952,250,3019361001.3957596,950,2162131877.2665014,650,1097828621.7583313,350,826061112.0217259,150,550021696.4792211,1150,4
2564.0554024474736,2675.0,448,4405.869601467401,272.0,0.10608228817213677,0.00234009360374415,2035.3349303080806,0.289147416978493,0.710852583021507,2564.063547907258,2675.463483033404,0.006646308724832215,0.006324504279659886,-3.1478394971169736,98.05641975008915,1917089612.4091573,750,1484660913.6969566,850,1430665048.1109614,550,1367020060.7302263,650,1069159956.8778765,250,958799448.6584568,350,816758196.7342496,150,719634002.5684671,950,557336130.1717118,450,435738678.6035341,50,4
2563.473255959229,2774.0,462,4478.169507354658,622.0,0.24264169376093594,0.0019500780031201249,1619.281768301455,0.3261739557508315,0.6738260442491685,2563.4958929933655,2776.815323718345,0.006479826464208243,0.005606415287658814,-13.156910092117991,458.0838208942197,9127021201.672262,750,6601353997.310162,850,5999277335.43466,650,4946637920.052742,50,4550255640.907738,950,3998102964.042757,550,2874289228.4885974,250,1838046883.666366,150,1739248353.2773361,450,1453975929.8227003,350,4
2563.279491885383,2727.0,457,4529.863196529863,459.0,0.17906828072058237,0.0019508388607101053,1897.0473057647523,0.32100782542514716,0.6789921745748528,2563.29094856849,2727.0606467371927,0.006520175438596491,0.006458381333035815,-8.026213865013508,322.36485517866333,3433331519.2446313,750,3036323219.4425125,550,2566045802.380525,850,2228624047.4979925,650,1781175084.6132379,250,1517012201.2475905,950,1256416618.1951087,50,758211504.810503,350,742638815.892998,150,732419992.7747171,450,4
2562.169144107263,2693.0,424,4461.641094062708,342.0,0.13348110236251223,0.00195160031225605,1978.609535872665,0.38474495159540867,0.6152550484045913,2562.177847191088,2693.217081244147,0.007056264775413711,0.006249928774694899,-4.224643630429149,144.4026627183806,2090163188.7570367,250,1637404800.8892608,350,1585790966.9089332,750,1496318648.2992969,550,1472544571.4191084,650,1372196861.48291,850,1178421254.8594694,150,563385362.8586127,50,550433979.6668289,450,528464266.1336692,950,4
2562.0873673323617,2747.0,414,4471.850938302056,544.0,0.21232790125510098,0.00195160031225605,1820.4411628497041,0.2867002867910247,0.7132997132089752,2562.0997704368187,2749.4633235777183,0.007227118644067797,0.006488137111281295,-11.638539357267806,490.9589692236365,4327808856.981493,750,3814232208.690273,650,2529215651.1859007,850,2233270256.6944017,550,1961106020.6214995,950,1792029722.368445,50,1284804240.4964068,350,1082537902.5886302,150,1042030858.9599878,250,600280717.1223718,450,4
2554.240110742267,2826.0,374,4394.121175764847,924.0,0.3617564083091148,0.0019569471624266144,1428.868160944143,0.391145258362239,0.608854741637761,2554.275295099611,2839.277781443862,0.00801260053619303,0.007633373664724396,-25.481497054477003,1108.6323704752808,18092581759.46622,50,13739825187.70163,750,13101704735.617435,850,6996383103.913677,950,6407990038.446051,650,4856447538.277563,250,3441111257.448605,150,2461353345.252198,550,1663998719.159161,350,1109075847.8140762,1050,4
2561.9785286809465,3069.0,452,4074.4446668000796,1994.0,0.7783500750207349,0.0023410066328521262,1126.2620169350255,0.4396281386656014,0.5603718613343985,2562.1277840073985,3080.3571866786483,0.0066188470066518845,0.006170419708588773,-32.43229647485176,1469.0705722791108,104274917953.24438,50,64099631941.3645,750,53730120113.54808,850,26675491986.40419,950,26038970848.98715,650,15942746016.93951,150,14550924576.03064,550,11685105447.952343,250,4892101186.345217,1150,4814221846.468302,1050,4
2555.9994296404852,2775.0,406,4399.173112830088,665.0,0.2601737017681647,0.0027386541471048514,1759.6168029131065,0.3141163665907859,0.6858836334092141,2556.014162604264,2777.6928179381252,0.0073809876543209875,0.0061276309249932775,-15.139007341124868,707.0357399634447,5885745924.867461,750,3823999105.367452,850,3231610174.8213654,550,3098350204.6322727,50,2845860550.292216,650,2062253492.6191812,950,1573737813.3376217,150,953907960.1291435,350,947120838.4792826,250,661609129.6505215,450,4
2560.4647652775975,2635.0,369,4397.491912083514,158.0,0.06170768616308387,0.001953125,2201.125639424186,0.3776192827327795,0.6223807172672206,2560.470537112575,2635.135805287547,0.008114945652173912,0.0068693925351077665,-0.4291571047093106,24.91735895561576,2321398602.341468,250,743577029.6874895,150,704452735.0752691,350,432774612.5550808,750,404257509.2137044,650,375033319.4935956,50,360136377.5749283,550,326543432.8469167,4950,321121089.23465776,1750,309985948.34048706,450,4
2562.099263961394,2723.0,400,4468.340502150645,504.0,0.19671453730334942,0.00195160031225605,1897.3968835314274,0.2990768609614062,0.7009231390385937,2562.1103014072996,2727.842473468406,0.007459147869674184,0.006321353419032197,-11.542368774694507,481.57875372407426,3306767394.514146,250,3193522940.331403,850,2729342712.4602737,650,2549096548.041853,750,1404472627.9408174,950,1385000489.7808433,50,1116156100.9416437,550,664729359.2025985,450,630412755.8720003,150,357820907.1819838,1050,4
2565.1656797232245,2659.0,450,4438.586539424072,217.0,0.08459515813667909,0.0023391812865497076,2104.550417209352,0.3274038179158219,0.672596182084178,2565.1727288421403,2659.14350718658,0.006644766146993319,0.0053394339598994795,-1.9584737704350637,55.721074581907,1730567091.030941,250,1101941054.6854706,750,1009146860.8541424,550,921521616.2838852,650,882750577.7840118,850,771970047.4334513,150,764709476.9884723,350,553229342.406997,950,461987117.4865843,450,396630007.7974107,50,4
2565.0604525405597,2756.0,491,4401.574015406675,534.0,0.20818346975153762,0.0023391812865497076,1768.991761710963,0.45708506087428186,0.5429149391257182,2565.075752090274,2756.0493280697706,0.006087346938775511,0.005527309112261649,-11.108297932349853,425.25876312689496,5935348949.348962,550,5846747409.673882,650,3756251221.459004,50,2519392600.9197226,250,2082496152.5332298,750,1658855035.299523,850,1626819015.3549008,350,1346697690.5313694,450,1294112125.2815905,950,640107524.0307922,150,4
2565.7487640957343,2803.0,463,4386.836489730595,744.0,0.28997612620798435,0.002338269680436477,1672.9477371417493,0.33612880478897594,0.663871195211024,2565.7690668644764,2804.880558378863,0.006467748917748918,0.006037948079484523,-17.072551549945157,765.9540367223731,10479633878.167679,750,6924078286.839039,650,5595126982.146293,50,4787090773.832853,550,4126872083.0392265,850,2409447103.180327,250,1395505476.1600413,150,1269377353.4376876,950,736985168.0428069,450,617580256.124945,350,4
2565.5189902992693,2835.0,453,4571.676281303144,864.0,0.33677726444743233,0.002338269680436477,1592.2095466411074,0.33982295903940896,0.6601770409605909,2565.5441326079667,2837.6161104465664,0.006577654867256638,0.005648295285579164,-19.73320253456773,842.829494733849,10964905505.371866,850,8425595588.479334,750,7755058749.4199095,50,4721158604.67944,550,4009892658.2343454,650,3314121634.494411,950,2303468911.871956,150,2063574206.8615499,350,1971543459.0824423,1050,1512446711.1222315,250,4
2565.8289267807204,2836.0,505,4408.057093310211,883.0,0.3441416983758884,0.002338269680436477,1564.940217708145,0.3831101380642208,0.6168898619357792,2565.8542780527437,2839.530388085126,0.005900396825396825,0.00546365696778058,-21.237364341109778,985.2482410991333,10870073240.6553,750,9663851819.474932,50,6759918654.052143,850,5748609833.376417,550,4609648650.647744,650,4218491429.694031,950,2704667087.945154,150,2182242908.837157,250,1132685223.2933288,350,901210002.8072152,1050,4
2565.762712792363,2798.0,489,4506.520796504453,619.0,0.24125521869540328,0.002338269680436477,1760.0164913884812,0.31125976358006086,0.6887402364199391,2565.7778186781393,2798.17619078059,0.00610594262295082,0.005877212308679855,-13.909103279893271,591.6803011444081,4642653687.564484,50,4437926155.111974,850,4101981585.042748,750,3518312363.543406,950,3132640340.7422714,550,3128693637.4399443,650,1062210272.977803,450,799939961.0619003,1050,783064139.7003473,150,566791116.5490253,250,4
2566.5622000334697,2685.0,467,4456.010409368431,305.0,0.11883647649291153,0.002337358784573432,1958.335552605833,0.3356758971766789,0.6643241028233211,2566.5723698661636,2685.920518309793,0.006378969957081545,0.0059818168514750485,-4.077219693202991,123.64892898482252,3008028220.896414,750,2356455319.700036,250,2152161495.7138467,550,1808369474.4069374,850,1725252871.913174,650,955053288.2661152,150,949850704.0579288,950,873282908.1611254,350,701011753.845588,50,658120643.8312631,450,4
2563.030528683036,2657.0,435,4353.61216730038,189.0,0.07374103719968957,0.0023410066328521262,2113.521426806749,0.4029155189277182,0.5970844810722817,2563.037709524997,2657.0068832797347,0.006879493087557605,0.005589895320751256,-0.7810545380077509,33.046574038888046,3527974838.219511,250,845892707.5301993,750,754819605.6705825,150,720013649.3818115,650,713879496.0497649,350,697692695.922133,550,486858308.8109677,850,394119884.32278025,50,381482152.46276534,450,351964608.738636,4950,4
2563.518237032931,2979.0,434,4374.16644438517,1581.0,0.6167467888290644,0.00234009360374415,1275.5022764503735,0.5099191882627157,0.4900808117372844,2563.585751038544,3024.135474620309,0.00689838337182448,0.00609091794815678,-31.84962258982741,1584.7916450262956,53367292353.710495,50,18393030652.4369,750,15348393530.793571,850,15281086534.93471,650,12318684769.681894,950,7702298902.837018,550,6111199421.360806,250,5521208554.982938,150,4322851373.571333,350,2573487548.807274,1050,4
2563.2335000311946,2658.0,471,4411.234905597437,264.0,0.10299526895669196,0.0023410066328521262,2016.9108594894967,0.38641214397291235,0.6135878560270877,2563.2424680071135,2658.122311568481,0.00636127659574468,0.005659647239973669,-2.5803863247651893,73.0715408692537,3349814177.4655943,250,2420564567.3687925,750,1692296107.7167945,550,1446930403.621708,650,927626328.2044275,150,745990615.4764392,350,600764859.0687315,450,561274863.7262737,850,468812688.86300445,50,449265575.56486523,950,4
2563.5170552942564,2744.0,440,4522.246292284619,481.0,0.1876337463968103,0.0019500780031201249,1852.2681036353588,0.3898659656469852,0.6101340343530147,2563.529361320973,2746.7552774665214,0.0067883826879271076,0.0063782894058054896,-10.622338927554537,414.40888308591576,3549901634.2072344,750,3414292381.135042,550,2785173396.0446544,250,2316984902.8990383,650,2235025357.4873724,850,1711387898.39677,50,1369100988.1395614,950,1298470951.4387016,350,873125775.1973858,450,822052818.1413631,150,4
2563.4303277488566,2753.0,470,4427.547106886776,541.0,0.21104629498915534,0.0019508388607101053,1857.6148956572606,0.42298855321560136,0.5770114467843985,2563.4420461394925,2755.4601197383504,0.006376972281449894,0.005669205955282518,-11.127150539307506,491.4380283410184,3775786595.757711,250,2904699365.9766717,550,2570047452.0600557,850,2465831417.104288,750,1832108968.3511786,50,1705949128.7379982,650,1593736914.3474226,350,955305736.8630866,950,584038183.6384207,150,570527151.1155955,450,4
2564.041345984098,2682.0,450,4488.992661774516,277.0,0.10803288081676346,0.00234009360374415,2107.5062911789782,0.3002431936601486,0.6997568063398514,2564.048502361611,2682.3164063642166,0.0066365256124721606,0.005654995816412461,-2.2665470403549066,89.78481843704013,1797295031.6767454,250,1300374785.905383,750,1082304285.029287,650,869192335.4661112,850,792999172.5758647,550,783406279.8819185,350,582748367.4354587,150,505607326.36166114,950,464445355.8796557,50,376489338.5461433,450,4
2563.3478185930776,2656.0,400,4529.971392455592,183.0,0.07139117253385129,0.0019508388607101053,2208.930151282327,0.2789576065466441,0.721042393453356,2563.3535095811426,2656.530969582802,0.007471177944862155,0.006657541100110763,-0.03508906280863376,30.42618581441785,1145722696.0317066,250,909823100.4130778,750,764043705.8172624,650,615593349.5510864,550,592460682.5380968,450,534335632.2347036,50,432049304.49388516,150,364921094.4829437,1750,331797745.0767771,4950,306728491.67347884,350,5
2565.8853892405414,2750.0,458,4519.281914893617,418.0,0.1629073691594349,0.002338269680436477,1964.11213640621,0.21912528592175215,0.7808747140782478,2565.895445667971,2751.474610909404,0.006556455142231947,0.006015080147806048,-4.137042893337806,185.46734120995868,3839123001.6844573,650,3458206712.977563,750,1708386942.3737702,850,1378119834.982764,50,1263410185.1607554,550,1103719395.5993872,950,670484249.1367482,250,638473638.1181793,1050,601946308.2196695,450,596304479.1491876,150,5
2565.4306628770164,2648.0,409,4611.896505734862,157.0,0.06119842386190899,0.001949317738791423,2272.80114106262,0.2166989271122874,0.7833010728877126,2565.4357769774183,2648.1809974537473,0.0073176470588235286,0.006708622806050729,-0.08283901539593778,21.235821803453806,773117622.0607089,650,694340098.6987907,750,648906980.690288,250,434148900.25957847,150,377756860.56786907,350,367870943.9268583,4950,358525781.0323442,450,350100853.3763895,550,320339876.4528836,850,319217131.3575675,1750,5
2565.4806368603777,2875.0,447,4547.395103728903,983.0,0.38316886854951976,0.002338269680436477,1484.7211748764164,0.4254944127503784,0.5745055872496215,2565.5127703936905,2895.8287221085384,0.006674887892376681,0.005824903768406712,-20.518668648046358,852.0388310621112,16268580747.934196,50,12804343693.792036,750,7594945781.624626,650,6298821966.116069,550,5656987181.3537035,850,4638943189.07167,950,4152683373.185546,250,2148920890.015237,150,1983869995.641417,1050,1368786418.4038296,350,5
2566.022883404325,2660.0,477,4427.24664754153,282.0,0.10989804493888117,0.002338269680436477,2045.88880709064,0.2486477557195622,0.7513522442804378,2566.03105572127,2660.3877840759487,0.006265126050420168,0.0060005918987523065,-2.5177968499641823,81.12364592587059,2891911676.6159954,750,2108588213.3135707,650,1607672506.8833835,550,1014062725.2855151,250,789379268.64823,850,693606507.5684382,950,591893428.5828893,350,545339189.3768566,150,418360431.4413457,450,411706139.5592536,50,5
2566.9810014373984,2742.0,446,4536.264174786338,416.0,0.16205874631108355,0.002337358784573432,1921.7240909172424,0.2743716788112004,0.7256283211887996,2566.991632706726,2742.6158289410537,0.006658202247191011,0.0063869323335427105,-5.2531456791118645,191.81726324696234,4954665565.099957,750,2500697233.4595237,650,2057816068.6739888,850,1844420108.7419777,550,1434583184.1288571,50,1179070641.2682886,450,862099508.5357372,350,859001754.9994467,250,699314739.6533041,950,517206814.57496476,150,5
2565.9269498790986,2722.0,442,4531.682738830124,370.0,0.14419793039305076,0.002338269680436477,1993.8110130005982,0.2657575055168485,0.7342424944831514,2565.9363515906775,2722.481008361566,0.006778231292517006,0.006280169094522918,-4.683973673997689,177.75385555091887,3631456980.799064,650,3208124797.7190685,750,2164067693.1858397,250,1055604216.9938053,50,982875355.2855028,550,903306589.460371,850,520486292.96497816,150,480589464.7815074,450,455149746.6314436,350,382539193.48120403,950,5
2566.033117714476,2690.0,474,4472.981987991994,242.0,0.09430925054032939,0.002338269680436477,2124.557404453413,0.3269807926925357,0.6730192073074643,2566.0401173228906,2690.550042486893,0.006295137420718817,0.005646926387320946,-0.703765807200038,49.62350500825083,2463871360.673768,250,1068939474.7757449,750,878393920.505483,650,874910912.5389822,550,703318966.5727894,950,551452881.6719685,850,521334319.366195,450,454829867.60155,50,421383941.3542933,150,420221444.12911534,350,5
2566.1677545222788,2693.0,457,4492.710105761852,355.0,0.13833910592712756,0.002338269680436477,1971.0340606733303,0.2502584567819705,0.7497415432180295,2566.177533495999,2693.332004319453,0.00654890350877193,0.005882933138025525,-6.598475468435265,235.05401375471612,3890377902.378339,650,3350802221.8368006,750,1834405799.0186267,250,1587874306.6166098,850,1181781137.6881754,550,1126802128.6395807,50,739655411.4259647,150,403117129.82727975,950,340736124.10696566,450,317683524.8136324,1750,5
2563.5181590741904,2775.0,435,4465.423491343363,482.0,0.18802370000207427,0.0019500780031201249,1895.2851000814358,0.20886011444348515,0.7911398855565148,2563.52969635312,2776.9237497666836,0.00685,0.006259596319488126,-5.583830544523951,229.3241020512127,6139622841.234669,750,4347237546.758137,650,1764431533.329018,850,1624352013.0079956,50,1076714233.0759177,550,1074804832.0236032,950,981329225.8616469,250,696829368.3622303,350,657068896.9954859,450,532589144.0547965,1050,5
2563.4322101486805,2690.0,377,4424.50722075843,316.0,0.12327257922864089,0.0019508388607101053,2064.715501415572,0.25410367003285117,0.7458963299671488,2563.4395128290043,2690.7654306306104,0.00792313829787234,0.006892952131507708,-3.0833203102616995,131.81387269739946,3989997347.871251,650,1490238234.492693,550,724877117.6512399,250,709264256.6352662,50,627202878.1050239,750,499661077.5002419,950,434502878.4104898,450,414917092.2479348,150,392046446.1450336,1050,391064172.44506454,350,5
2564.5289166395596,2645.0,463,4422.242978184001,143.0,0.055760854349379003,0.0019500780031201249,2220.9167253078554,0.3144063101611263,0.6855936898388737,2564.5347159286566,2645.017030991271,0.006464069264069263,0.00582545606965196,0.29980375303754453,16.020881174951942,2046048304.0656643,250,762490252.6104157,650,534059003.3985002,750,530066990.74970883,150,463365488.2977974,350,441384250.3664153,550,363038584.92747533,4950,333806119.5640151,1750,320680610.75411063,50,282844894.09072816,450,5
2560.5757439394247,2796.0,412,4532.386098325662,668.0,0.26088045592079573,0.001952362358453729,1728.1001112534675,0.32110655099244423,0.6788934490075559,2560.5917177266992,2800.3709867662933,0.007208515815085158,0.0064293768063758,-15.08997631592502,664.3249042057229,6232374204.693615,750,4874947832.576946,650,4159890882.9248266,850,3984382347.2298503,50,3573599636.6364613,550,1537723147.7598772,250,1302955876.48612,950,1070376279.9014556,450,1019325194.9022887,150,723140939.5231972,1050,5
2562.6100901247296,2877.0,446,4456.826371279861,1098.0,0.4284775452834903,0.0023410066328521262,1417.5214336441531,0.45748939140535705,0.542510608594643,2562.6588207787113,2907.125389551028,0.0066802247191011235,0.0066562306669070885,-21.844313189435884,811.3372307284768,31278597730.75444,50,12924850709.247606,750,11937004485.409779,650,9928425273.982918,850,9675502717.950544,550,9593233423.118961,950,3822030966.6282005,450,3127248911.2787685,1050,2850756029.312786,150,2096087799.6586587,1250,5
2564.981922746854,2654.0,436,4483.805330397945,202.0,0.0787531883733853,0.0023391812865497076,2162.474452414494,0.27097090733139473,0.7290290926686054,2564.9883292830364,2654.388625436763,0.006849195402298851,0.006141842027482755,-1.156072291225985,42.69957145292586,1488484821.8984854,750,1189265968.1664798,650,1179770605.4833648,250,1170862787.7615724,550,485165418.6889117,850,462354881.02394915,350,461459050.83049154,150,369130917.1649787,950,329501705.3620928,50,324111284.51436865,1750,5
2565.8558243870652,2723.0,474,4491.994663108739,369.0,0.14381212486404785,0.002338269680436477,2026.758894627713,0.34603346282156205,0.6539665371784379,2565.864016232071,2724.7008348778404,0.006324947145877378,0.005602828043020665,-3.7084368384726445,180.0601799746472,2751296313.609572,250,2057850067.5842545,750,1546713742.4848158,650,1406148825.6330667,550,772266976.2907932,50,716711918.3565537,850,540551893.1968834,450,518906561.8860698,950,479795563.3343484,150,452317006.65364325,350,5
2564.9909003717653,2883.0,500,4333.366690016344,1051.0,0.4097538143649519,0.0023391812865497076,1405.3088531379606,0.5370908715971718,0.46290912840282816,2565.027031896724,2892.0629261765166,0.0059829659318637275,0.005706850857896163,-23.912103084040403,1074.753906037306,18404589169.513298,50,12726571021.015602,750,12117072895.049862,550,10757254772.885414,650,4762364878.29085,250,4318535380.404545,850,3714959235.915748,450,3662025793.5685344,150,2241784676.2087264,950,1940940917.870128,350,5
2565.301425837791,2655.0,444,4543.543543543543,169.0,0.06587934150860653,0.0023391812865497076,2220.461456953401,0.2859168107283637,0.7140831892716364,2565.3070216791207,2655.041703596588,0.006661625282167042,0.0060441505087151645,0.07119979465301012,25.854904229919946,1334346153.093692,250,822143126.3133216,650,533343363.1072353,150,520094601.77016526,550,485366712.85507834,750,474775592.5306077,450,391379593.8538506,350,371371578.94880384,850,346778869.93621,4950,333459259.17148733,1750,5
2565.737880366419,2714.0,439,4539.026017344896,325.0,0.12666958699422437,0.002338269680436477,2047.8237329419005,0.25531441446957254,0.7446855855304274,2565.745439809351,2714.7020769145847,0.006825342465753424,0.006153992040407765,-2.775492892455591,127.83854239135368,2356785413.8674707,650,1459736555.2153835,250,1419603394.0080419,750,1217165218.4207513,850,1025660238.671542,550,682813307.13257,50,547257729.1103091,950,466188520.3395606,150,372881168.94279754,450,345169048.3195646,350,5
2566.4875065954034,2751.0,449,4555.218304926453,485.0,0.18897507700156202,0.002338269680436477,1923.9521855331068,0.2618413671198121,0.7381586328801879,2566.499011671636,2754.7517657354565,0.006654464285714286,0.006549661092552491,-7.1573046712948845,289.2061733510174,4311655040.638543,750,3855800764.4336042,650,2478443948.9284077,550,1509084998.6666603,850,1401469135.037207,50,1381649641.1738458,950,1211389145.1143644,250,719006112.7361343,150,521985201.01263756,1050,518329430.1134396,450,5
2566.482091890921,2675.0,458,4480.688413047828,265.0,0.10325446038558792,0.0019485580670303975,2122.4444270792287,0.260650653977411,0.7393493460225891,2566.489098666221,2675.006664374476,0.0065109409190371986,0.005790073996308149,-2.6052579569942615,90.12207034653505,2010671690.1765628,650,1647367771.55126,550,1434013192.608838,750,747402115.1455312,250,539395301.5505986,850,528966501.0718733,150,442918476.725439,450,442107986.823884,50,376639122.9665481,4950,347664220.6738248,1750,5
2567.100241153837,2664.0,438,4479.653102068045,171.0,0.06661228361756708,0.002337358784573432,2161.188888744325,0.2649242373554871,0.7350757626445128,2567.1063857587374,2664.079383515381,0.00681350114416476,0.0064413655940971,-0.28784723219654507,27.046667253063276,1256405075.5858402,750,1118377024.5405924,250,827901648.2846627,650,731480635.9834359,550,516855890.90802634,150,497341285.0316707,350,492816457.7638696,450,455072618.82698864,850,437858395.55212694,950,365644672.9002793,4950,5
2565.6259352495194,2751.0,435,4561.743018250976,445.0,0.1734475952573208,0.0019485580670303975,1936.337520426238,0.32793981010270346,0.6720601898972965,2565.6354412489095,2751.1177998053395,0.006880645161290323,0.006357277012395982,-6.187956046836302,278.6295117878314,2444952740.4478903,650,2408071072.749979,550,2191741321.6054153,750,1802084059.964386,850,1436114578.9009542,250,1099822049.5055156,50,839256235.0993158,450,703013314.5077994,150,643911679.711561,950,561887834.5271955,350,5
2564.3046802227386,2687.0,441,4504.519529035056,271.0,0.10568196875551873,0.0019500780031201249,2099.6311277371683,0.3051072528425604,0.6948927471574396,2564.311938724521,2687.7770140115445,0.006745227272727273,0.005967051574588716,-1.6303341474420676,75.36396379192031,2208568327.934496,250,1738306289.6903749,650,1271439804.6309333,750,846430621.6589534,550,694225562.6192648,850,564377273.8382415,450,469946778.2874198,350,459622611.1288568,50,429130845.1262124,950,427620417.8876506,150,5
2565.084299095575,2709.0,442,4527.962116917331,322.0,0.12553236413703725,0.0023391812865497076,2020.9425011639712,0.31703745014879997,0.6829625498512002,2565.093032082784,2709.104539046144,0.006775056689342403,0.005983868265474686,-2.4202712437251095,105.61651246723993,2702368106.77392,650,2194469913.502298,250,1965888727.324277,550,1797864565.5066938,750,1181189748.0641418,850,709803084.8699933,50,602102221.5615894,950,591102687.0377748,350,477482702.84219974,450,337841796.64442897,4950,5
2566.58347005481,2749.0,477,4482.689613768261,423.0,0.1648111829704002,0.002337358784573432,1924.226463541061,0.2868924980033349,0.7131075019966651,2566.593528415888,2749.9084500423205,0.006265966386554622,0.005989933547046226,-5.057580937295426,203.6055352460575,3678200254.8544397,750,2771249665.737961,650,2035480272.1032968,550,1687536141.6282926,250,1555206061.1113849,850,1043561706.2803802,50,920878790.9705725,950,652026746.8289583,450,598150551.6307106,150,533724763.15236413,350,5
2566.5241085561356,2714.0,463,4587.391594396264,313.0,0.12195521671005355,0.0019485580670303975,2040.6735819953178,0.2858742233179074,0.7141257766820925,2566.532339613264,2715.321216338123,0.006462987012987013,0.006100879412502097,-1.8885040887589628,99.66896839120022,2256659913.192463,650,1762781883.7093842,550,1501872958.5790865,750,1458268721.6840634,250,1318565091.3076015,850,699385591.288718,950,617062573.7436652,50,533925924.7847226,450,526303711.1464251,150,426925002.9207754,350,5
2566.6213313290123,2677.0,485,4460.861154654304,280.0,0.10909315976334621,0.002337358784573432,2059.4651873306266,0.3327335615974314,0.6672664384025687,2566.6289481972394,2677.274565891418,0.006130991735537189,0.005803254132001529,-2.272241032833306,87.04061955182921,2530017727.3712025,250,1679788330.6353853,650,1641859835.2284112,750,1096842145.5086892,550,728333879.5657449,450,583454295.7114512,850,531830819.76612836,150,474245426.53939784,50,415728452.19430614,950,361953222.86488974,350,5
2567.3110319157418,2661.0,487,4548.24400493613,250.0,0.0973784384968721,0.002337358784573432,2074.5010985179215,0.31802976687160894,0.6819702331283911,2567.3186251938105,2661.29947856996,0.006104115226337448,0.005817030440630052,-2.3640505644458427,70.60982639814463,2351747190.9075565,250,1859006380.5812624,650,1623375086.653278,750,1078583864.3368914,550,835875163.6822085,850,734594891.0890492,450,523354628.13574946,150,382795645.578652,50,382264973.5951228,350,349871565.818097,950,5
2566.2060389394937,2758.0,477,4516.677785190126,480.0,0.18704762768329844,0.0019485580670303975,1801.0674120909318,0.30775018277295196,0.692249817227048,2566.2207497086174,2758.370065205651,0.00628655462184874,0.006002001408070362,-6.785030195316331,225.74751210345988,7006490074.84008,750,3736691206.346416,650,3727023691.437373,550,3204554790.083217,850,2307221360.754385,50,1981170990.025484,450,1301440240.50356,950,1017364060.6719596,350,725060213.0417174,250,644937677.8168288,1050,5
2566.380484513977,2713.0,475,4543.695797198132,318.0,0.12391029974830597,0.0019485580670303975,2072.2517002220043,0.26843448066303294,0.731565519336967,2566.388353576939,2713.7232084318334,0.006304008438818565,0.0058656696956811095,-2.199761559962517,111.35731520963482,2325971786.9744496,650,2106196454.734652,250,1928821946.2106779,750,693359506.724544,550,626073726.0251684,50,597606544.0900338,850,483082847.333727,150,436950883.16539514,950,431068537.69249606,450,425480858.78280133,350,5
2567.253483542758,2682.0,441,4543.998932550537,277.0,0.10789777375813019,0.002337358784573432,2034.4092945393966,0.3690253588200846,0.6309746411799154,2567.2621533222546,2682.715082101463,0.006747272727272727,0.0064515954205974805,-3.4220823333993975,112.82706091268018,2324591326.0276723,550,2313294410.17813,250,1847648315.999943,650,1390329772.8334463,850,1268304068.342186,750,860518103.5534174,450,673768833.1449423,50,600013891.4909762,350,479060705.86761475,150,430267927.7403483,950,5
2567.276412873634,2719.0,483,4492.101579684063,331.0,0.12893078478924072,0.002337358784573432,2078.6198002839083,0.2651570921147274,0.7348429078852725,2567.283879336453,2719.342832159581,0.006189834024896266,0.005932283884696922,-1.9777061681846702,115.34275168915559,2070212914.3518777,650,2009245199.6249838,250,1821805776.7027838,750,704009590.2188256,550,637047640.1959815,850,626449884.1553524,50,457951077.7561822,950,400871164.2471391,150,396774408.5780232,1750,392674381.84962344,450,5
2562.6423653177167,2648.0,385,4518.313429848556,208.0,0.08116640493853902,0.0019508388607101053,2197.0177090807383,0.28987146219962756,0.7101285378003724,2562.648130218674,2648.3368423886923,0.0077731770833333325,0.0068283747997705535,-1.2203262687675287,45.44267715426226,1247832856.1203058,250,1146459388.4264097,750,1092379528.1145437,550,613910664.4212271,650,448793998.85283875,150,400889468.46547115,350,362748894.8970511,1750,352758054.9359275,4950,318628843.27981627,850,288050770.25914955,950,5
2566.2102651916707,2674.0,496,4538.389700486959,255.0,0.09936858904703381,0.002338269680436477,2125.3479326986057,0.22636332299159034,0.7736366770084097,2566.217241127973,2674.064131143181,0.00601010101010101,0.005018496997210329,-1.7125365531990098,67.89580934104093,2203731944.3756847,650,1105564775.793201,750,1021213312.0332282,550,920161980.110993,850,637551889.7792319,250,560321032.1560428,150,534266913.7802599,350,458240964.4370482,950,401307426.25324976,50,394300336.7276242,450,5
2565.483741032917,2623.0,405,4533.088848141357,108.0,0.042097404760089455,0.001949317738791423,2315.0454728930104,0.2650950256771641,0.734904974322836,2565.488668920846,2623.0011587166114,0.007349504950495049,0.006310146218549958,-0.039240734769302975,12.416655547542149,1338212110.9491816,250,492707200.5169008,150,401489991.41251457,650,350359519.13897234,1750,318977124.8734801,350,293425498.148007,4950,276091982.8001007,750,264544961.7888323,50,259734556.71088567,550,252191059.17253044,3550,5
2565.8689188091807,2889.0,446,4460.681279818503,996.0,0.3881774372632088,0.002338269680436477,1471.3161039873933,0.42715690899041747,0.5728430910095825,2565.9009173247364,2897.3479739420773,0.006654831460674158,0.005887171754223699,-20.913212443978356,906.5716537426615,15741200566.119513,50,14170404204.114246,750,8646507773.013584,650,4957962996.98061,250,4610723769.175465,950,4089867996.557336,550,3880478731.504916,850,2998811867.3697515,450,2479244414.6032495,150,1394055383.4975874,1050,5
2566.2746194534902,2724.0,466,4542.575181703007,378.0,0.14729574635868006,0.0019485580670303975,2000.6821103993889,0.2299612701738148,0.7700387298261852,2566.283685359629,2724.030105140318,0.006407311827956989,0.005465015841703946,-4.44822994681804,173.72820287151796,4372516275.573715,750,2297745913.795642,650,1235708401.6807365,550,1033694524.6535082,50,953679966.5279614,850,801998406.9374286,450,703839887.8557041,350,636054620.0911077,950,585513819.8529671,250,372356661.3083905,1050,5
2566.355401874902,2655.0,422,4600.733822548365,190.0,0.07403512939725576,0.0019485580670303975,2190.284641503166,0.25714827856651756,0.7428517214334825,2566.3615360979825,2655.0676468078823,0.007068646080760095,0.006168182500871092,-0.6433092863364129,34.73800469680075,1470948146.4211047,250,1317590126.776584,650,901804912.814709,750,534044145.6312372,550,500944277.7157523,350,489415709.0804507,850,368665619.42899233,150,362011709.92642117,450,334676375.2817562,4950,316442730.4453093,1750,5
2565.463097657312,2785.0,481,4619.565217391304,604.0,0.23543640797477258,0.0019485580670303975,1786.4442756853973,0.29314464613714275,0.7068553538628572,2565.4776087012524,2785.778272299147,0.0062431249999999995,0.00600094390361841,-11.490771305956752,477.59229791548336,6365685606.074153,750,4118120414.3832707,650,3194387147.4114757,550,2916026438.2110896,50,2181647168.6855683,950,2158679850.4421654,850,1583587165.980113,250,822991538.522146,150,740902124.9160038,1050,629141935.5184128,450,5
2566.184326082027,2752.0,472,4513.87962097958,472.0,0.1839315673110949,0.002338269680436477,1861.5143778733855,0.3310764564228564,0.6689235435771436,2566.196858385417,2753.1126631812244,0.006317197452229298,0.005917061354731944,-7.149554574102609,246.6767826330556,5799933280.5631485,750,2774014921.8457937,650,2691126212.220666,550,2069083439.1925864,850,2028355084.5147061,50,1960640236.7962506,450,1175987593.152975,250,1051245420.7694093,350,680948814.0656228,950,542171362.199197,150,5
2566.7383693827655,2673.0,440,4489.292147574888,261.0,0.10168574565300949,0.002337358784573432,2124.1018129822455,0.30827243881441263,0.6917275611855874,2566.7453019431223,2673.477887136093,0.006768109339407746,0.005879796986165703,-2.1648467319683076,76.63752355848743,2188417830.439594,250,1513885124.6984968,650,1023642631.133406,750,702395369.9803066,450,690106157.7431835,850,678727893.9562703,550,465611696.48784435,150,446652506.3258246,50,388577125.24861234,1750,340304946.3919194,4950,5
2566.1357271918837,2832.0,417,4610.201154218234,767.0,0.2988953628028917,0.0019485580670303975,1637.6720889011467,0.32107272446254,0.6789272755374599,2566.1560323996987,2834.939363839209,0.007181490384615384,0.00621269394449658,-16.38613233681091,698.5580896764731,7886775358.429848,750,7480619635.796009,650,6344937298.963852,50,3788166540.1717434,850,3045090274.7394705,950,3029548857.8689246,550,2723084852.4871607,250,1203914660.6088738,1050,1180397317.0484877,450,1053916416.2980027,150,5
2564.804826524964,2868.0,492,4303.818575954644,951.0,0.3707934942691224,0.0023391812865497076,1486.9566618470242,0.43916092248086336,0.5608390775191365,2564.8397342823373,2886.125937441257,0.00609409368635438,0.005701961800478402,-18.15143965004415,676.9952370447411,18705568999.65773,50,14434946291.963903,650,8434475867.057663,550,7210666791.471924,750,5915772832.831284,950,5644948608.959128,850,3788785733.081072,250,1797823064.3636563,350,1537457084.6269364,150,1378384216.9275966,1050,5
2564.4210888613106,2675.0,444,4460.825189286548,209.0,0.08150006827842776,0.0019500780031201249,2210.5132312497217,0.3142556514528801,0.6857443485471199,2564.42714818961,2675.168227755461,0.006738826185101581,0.005488488299525849,-0.5584024650058766,40.64834224882543,1886448384.2450006,250,564027103.2372122,150,543306336.3852754,750,528094779.82641435,350,510463955.9117054,650,502066586.5984898,550,433468818.2803968,950,427895039.0402868,450,397531965.7527405,1750,368930982.7419334,4950,5
2559.197714423815,2760.0,374,4488.856265848124,504.0,0.1969375681247573,0.00234375,1873.4130626432056,0.2697553674798252,0.7302446325201748,2559.2087535663254,2760.8761475077918,0.007989276139410188,0.007231154132823327,-7.995199999718249,344.5678613205542,3964057115.194418,650,3839043248.2186346,750,2375488660.090688,550,1718561924.9977643,50,1522846081.3929253,850,1324908822.298971,950,857476275.9779441,250,668203848.560456,150,626180882.4537191,350,599819584.6587797,1050,5
2565.364925487348,2656.0,424,4508.7900723888315,253.0,0.09862175229246539,0.001949317738791423,2059.4916704376938,0.28784148069978843,0.7121585193002117,2565.372877270227,2656.019836838001,0.007079905437352245,0.005942060518556501,-3.185295279513022,94.07326620502089,2956352790.033473,650,1819665150.3549566,750,1775010153.7738745,550,1539069930.0594678,250,703425892.01082,850,534436785.7977241,50,488144079.3054147,150,483315023.48193336,450,335460322.1074089,1750,327757464.16729546,350,5
2566.32130722429,2852.0,490,4501.718213058419,975.0,0.3799262367556227,0.002337358784573432,1459.3251609377232,0.49457588526520724,0.5054241147347929,2566.354988476887,2858.0366759312105,0.006106543967280165,0.005719771446251248,-21.427471145980217,921.5513298740988,13874886288.329453,50,12115697355.602913,750,12035338099.859802,650,10266273096.267105,550,5136252993.91201,250,5069153044.849804,850,3931008839.173859,450,3021450962.3155622,150,1854810969.113441,350,1790536450.5386467,950,5
2566.7237297152637,2759.0,465,4577.356728267396,475.0,0.1850615734517976,0.002337358784573432,1945.49109542034,0.25017640532819135,0.7498235946718086,2566.734169393615,2759.838268455571,0.006423275862068966,0.0058468582450486375,-6.508508923552368,281.33090432230625,3580942968.371679,650,3390819436.444945,750,1848974810.8696568,550,1421479783.2895963,50,1370286535.5145648,850,1064285481.823652,950,1048509507.9296899,250,646764848.568075,1050,645048843.0220577,150,604211843.351686,350,5
2567.144461401193,2750.0,447,4578.0393205831215,422.0,0.16438560132979987,0.002337358784573432,1952.7252636453716,0.3925503926267675,0.6074496073732325,2567.1541088138033,2752.188691484368,0.006654708520179372,0.006310270849066784,-5.241353462866334,243.1721123897109,2693626534.679981,250,2652514767.1661,550,2312652959.5588865,650,1580549737.7945445,850,1576367809.916599,750,1352236236.1102986,50,894915575.506188,350,656786885.275726,450,452340792.0199561,950,375822868.60393333,150,5
2561.4794967379903,2743.0,420,4367.206774688271,452.0,0.17646132468916387,0.00195160031225605,1823.6343551809705,0.6364726454768405,0.36352735452315954,2561.49119934319,2745.766848295102,0.007138902147971361,0.006232407391798625,-7.534448609573344,300.5777757327235,4912540188.825029,250,3191535381.5525017,550,2925397851.45821,150,2200536944.4151454,50,1925387513.2905233,450,1749862613.6423142,350,860480525.1467814,650,715566051.3726989,750,410623912.29951835,850,405575189.38860214,950,6
2554.7828291493806,2876.0,375,4260.490789386181,1081.0,0.4231344556771847,0.0023483365949119373,1334.0912507444193,0.7855856844903657,0.21441431550963427,2554.8221564086502,2892.5382573362494,0.007995989304812835,0.006698775525421979,-26.99660931243644,1225.064094571033,23863557143.966583,50,17381734732.43724,550,10853551797.831009,250,7685912649.95289,450,7263343980.462945,150,6185004307.184896,650,4095593891.5579405,750,3907378041.3836718,350,899013364.1648734,850,808384156.995203,950,6
2560.0371446630647,2743.0,420,4300.956953752792,444.0,0.17343572897896037,0.00234375,1836.2398042434163,0.6240922310921564,0.37590776890784355,2560.0481481031493,2744.200738578765,0.007133651551312649,0.0062039858450400305,-7.17449173759085,301.38882971679874,4759523091.9307995,250,2754701469.0100517,550,2537552156.284475,150,2085845443.4957662,50,1817868880.6563356,450,1565512520.0059652,350,927635852.191215,650,745462630.7481754,750,388191368.68632984,1750,369295330.73552036,850,6
2561.3708772605573,2748.0,398,4497.681091721998,449.0,0.17529765476200462,0.00195160031225605,1748.6953835660781,0.6098084201029865,0.3901915798970136,2561.3840419980775,2749.0129025501324,0.007448866498740555,0.006458472651661002,-8.669832248983688,313.3069943703701,4684647713.306921,250,3630795849.6715713,550,2966726843.539606,150,2532542896.67479,50,2293853982.810537,450,2079740267.8281088,350,1765310868.0965328,750,1486837611.7164273,650,888590949.3385175,850,543073857.0856742,950,6
2561.3728045002927,2832.0,401,4482.091642766624,815.0,0.3181915003594834,0.00195160031225605,1501.9655163168834,0.6928078129274635,0.3071921870725365,2561.394978341747,2837.5352522873773,0.0074399999999999996,0.006769564240037911,-20.327998272323388,966.1908036384584,9027682537.558498,50,7683279525.16629,550,7047478091.371334,250,4614389495.359784,150,3998393542.5288267,450,3099036511.9244986,750,2997566818.238261,650,2803612912.6585712,350,1415829956.381425,850,1120817700.7079673,950,6
2561.492881067818,3024.0,481,4270.652609101828,1753.0,0.684390455219963,0.00195160031225605,1191.5630266044898,0.5965739652446619,0.4034260347553381,2561.5824153987287,3049.6323068152624,0.006217916666666667,0.006128105661055097,-27.370609618624467,1248.0690866993714,66451536859.77938,50,24172011245.998615,550,17255041397.269962,650,16991405423.502926,850,16612515506.629398,750,15842810035.809055,950,10643638033.972446,150,8790605577.074226,250,8258763432.513627,450,3936952991.0231805,350,6
2563.060127544272,2801.0,441,4351.147584734454,671.0,0.26179863936111225,0.0019508388607101053,1558.5360655963739,0.6634064042295095,0.3365935957704904,2563.081723631105,2806.6147783920565,0.006778409090909091,0.005804000361499032,-15.21513820905958,578.6772579321196,8039663920.016842,550,7218680485.469278,250,6437411315.267437,50,4237191459.3080688,150,3875030195.1336107,450,3003107892.863283,650,2891317180.547623,750,2694088329.305113,350,1576522440.3631177,850,1268175150.8615484,950,6
2564.770481472381,2805.0,478,4348.652614727855,556.0,0.2167848473291411,0.0023391812865497076,1707.4261706930604,0.6170048498505152,0.3829951501494848,2564.786060201575,2806.674348500453,0.006274004192872117,0.00580806885639738,-9.704067868028016,369.33399834343106,5913571923.479584,250,4161239030.231819,550,3787764887.3272614,50,3473717691.4421306,150,2418213044.295554,450,2022313715.1285074,350,1963428974.2086225,750,1677856324.1195521,650,1046649528.7367313,850,681125368.4453478,950,6
2565.5387943335654,2740.0,469,4449.111577824448,429.0,0.16721697642172456,0.0019485580670303975,1921.89063578624,0.5660519492444548,0.43394805075554516,2565.5486023976773,2743.0099432474617,0.006370085470085471,0.005824594405853074,-6.760092806111329,300.5425176403418,3572463262.564928,250,2727232758.8207426,550,1952083749.3885286,150,1633496694.6980681,50,1490625471.3569016,450,1239556197.924235,350,807049111.0142964,750,785086745.6607633,650,345358640.69836265,1750,328281664.20133656,850,6
2564.154664571512,2753.0,452,4484.15081748415,465.0,0.181347137111412,0.0019500780031201249,1838.481496921415,0.6164563429815387,0.3835436570184612,2564.166285022201,2755.7914583318934,0.006634368070953437,0.005902736652493674,-8.025086717517151,335.2642779056942,4590218997.122166,250,3511910875.896516,550,2400407556.7872777,150,2191954076.4695687,50,1910220657.0086663,450,1584165101.0999808,350,1158051937.6040952,650,751180940.0542243,750,374947646.43549556,4950,350098303.86133695,850,6
2563.708603659484,2768.0,423,4387.908311367655,503.0,0.19620111683856623,0.00234009360374415,1750.0389934823027,0.6536824521611505,0.3463175478388495,2563.721301213571,2770.910238581278,0.007022748815165877,0.006060297650271973,-9.403298150974074,384.60779900850633,5686996357.765501,250,3525392688.6291914,550,3018050087.1982145,150,2739792109.631834,50,1972469289.6479745,450,1907765875.3443356,350,1008458340.4883484,650,893383208.2520175,750,629704494.9591029,850,391406614.5566902,950,6
2558.8420608553893,2745.0,367,4394.247772847086,477.0,0.18641332640472197,0.00234375,1784.9164858339225,0.6862808347814926,0.31371916521850735,2558.8541860489054,2749.216108007852,0.008147540983606557,0.0064364936290958455,-9.975383530355224,411.8215296533652,5176946204.996322,250,3542867524.6981974,550,3163546816.4379005,150,2614649854.155177,50,2376635024.980894,450,1958372662.719027,350,714863499.236484,650,542755844.4766533,750,322966833.866075,4950,306206182.7458461,1750,6
2564.2625401743917,2862.0,438,4458.602975515378,929.0,0.36229154606895003,0.0019500780031201249,1419.6047622019955,0.7026241218313636,0.2973758781686364,2564.291907653428,2873.293122871242,0.006823112128146453,0.005972514575991004,-20.76119956321529,921.2607118621662,15406379064.45094,50,9252825064.873566,550,8248519326.372588,250,6237346559.819204,150,4797035445.282968,450,4570657968.1872425,750,3375774420.7527976,650,3092784610.6305265,350,2397348982.0815477,850,1964220312.011653,950,6
2563.636935031279,2744.0,409,4432.06458284685,429.0,0.16734108590801716,0.0019500780031201249,1836.1425328160058,0.5795305190324125,0.42046948096758746,2563.6476232287923,2745.5478033316335,0.007323774509803922,0.005996085199016113,-6.862624327204287,263.48720405017656,4552258592.408692,250,2295467108.15627,150,2182247398.098844,550,1984970297.5057716,350,1752603725.2520368,50,1224546412.7388568,650,1209343036.6270452,450,956104584.6309687,750,589887511.3848367,850,471029616.2733493,950,6
2563.374868292749,3033.0,447,4379.540153282239,1636.0,0.6382472695778958,0.0019500780031201249,1110.0250542334811,0.8344446303273872,0.16555536967261264,2563.4798553474175,3082.6950274396354,0.006675336322869955,0.005716126330235336,-29.48351456528406,1192.8958821769797,104960505610.5171,50,35603502638.99764,550,19350816622.24208,250,18247352853.07749,150,16408025539.21762,450,13141768533.397009,650,10401675952.355797,750,6929454960.216868,350,2506726939.20652,950,1884783917.1481328,1150,6
2562.293000307914,2941.0,421,4432.102471730211,1376.0,0.5370341394206162,0.0023410066328521262,1178.6949132264203,0.8181151751410826,0.1818848248589174,2562.365277405494,2985.9005287796385,0.007091904761904762,0.006345739567426029,-28.345796981380563,1175.992871593614,63591800725.66788,50,25417680020.884537,550,15765708089.901917,250,13436949673.15315,150,11185055109.311329,450,9651735151.99084,650,7391385893.884592,750,5881549864.165817,350,2071748433.4245434,950,1355869376.7216668,850,6
2562.5824786273347,2892.0,429,4404.523618895116,1039.0,0.4054560036942831,0.0023410066328521262,1346.7476387095776,0.7800605766377817,0.21993942336221836,2562.6181186240033,2910.935272157169,0.006929205607476636,0.006246663582345101,-24.73559046695111,1111.309276916924,22336623778.381577,50,11984564182.735142,550,11203108438.644745,250,7447790125.66016,150,6484043188.321263,450,4364300076.982383,350,3770840122.58926,750,3371569564.971732,650,1717551272.6348367,950,1655736848.6244898,850,6
2565.2143677173385,2841.0,471,4483.437301931481,854.0,0.33291902400274886,0.001949317738791423,1484.1399899044577,0.7544820800108503,0.24551791998914976,2565.2403907733096,2849.462855651656,0.0062825531914893614,0.005583001735162754,-22.63755554233949,1009.4995881346886,12380668063.850204,50,11419356026.083656,550,8074328934.697384,250,5139547356.732693,450,4857571052.370634,150,3557496771.985717,650,3078416440.982731,350,2390955108.609561,750,657234901.2149822,850,647394242.2003534,950,6
2565.153276357836,2715.0,453,4497.414512093411,336.0,0.13098681271183865,0.0023391812865497076,1950.7113766057896,0.45615026454225477,0.5438497354577452,2565.1628329135965,2716.3283197303986,0.006560840707964602,0.005669823255921392,-3.1194935176341376,126.30017771869353,2544148007.572922,550,2188239254.8121257,250,1639008712.485197,350,1456694920.2561183,150,1408338711.6496038,650,1261475068.3594556,750,1096074598.6903515,450,1010442857.7249837,850,916525885.4397309,50,535581822.3809028,950,6
2565.1640952646117,2909.0,468,4442.665599359615,1149.0,0.4479328885728952,0.0019485580670303975,1301.193394017249,0.789838183094853,0.21016181690514696,2565.2117864050047,2922.284136272538,0.006385438972162741,0.006312969042087979,-25.754877921712662,1081.9561491162451,35174974676.20703,50,17264784225.33709,550,11714360549.221897,250,9722909792.949318,150,8207544538.489253,450,5359539964.40349,750,4709476231.504986,650,4343331140.0863905,350,2237612852.5230656,950,1614713219.4001434,850,6
2564.4505018919963,2878.0,479,4453.518216059464,1018.0,0.39697298302852785,0.0023391812865497076,1325.839899564113,0.7207020064627545,0.27929799353724544,2564.4947498956117,2894.4146692560626,0.0062334728033472805,0.0060221634645028915,-19.770735898814902,750.9057359484214,23856972565.55281,50,20856652060.0302,550,9533906426.060751,250,9188360387.226562,650,7935820852.712761,450,7585441255.150033,150,4976435656.916902,750,3617430534.141994,350,3236588596.9087405,950,2908534345.5533347,850,6
2561.06293555597,2748.0,383,4435.844398478681,440.0,0.17180438938970827,0.0023428348301444747,1821.6672020730039,0.575576127465529,0.424423872534471,2561.0737249019485,2749.0182608701134,0.007801832460732985,0.006610745797024191,-7.04337206946658,273.29120461719094,4246790182.954921,250,2409918027.636591,550,2274227462.9398227,150,1822741026.9922824,350,1727069880.7892618,50,1477381348.9002383,450,1398179796.431539,750,1264346903.6151347,650,668738117.1603081,850,353204202.7791711,4950,6
2560.9266088280606,2827.0,416,4304.489959303489,783.0,0.30575160611342367,0.0023428348301444747,1507.4240289265538,0.7656007625998471,0.23439923740015287,2560.9508888482064,2831.162064764638,0.007189397590361446,0.006308153711789238,-19.484925688952938,815.0200104868798,10548202009.645315,550,9734904123.576008,50,8612792068.701447,250,5184978630.866719,450,5000959273.93333,150,3112435068.0590224,650,3103194091.287954,350,1819377939.6275253,750,399913136.92926145,850,348205161.48360085,1750,6
2560.21287280924,2752.0,423,4437.735597291256,489.0,0.1910005622096408,0.00234375,1860.5465332676604,0.5968268757690758,0.40317312423092416,2560.2238574571297,2752.928366132141,0.007076540284360189,0.006280764614607991,-9.384781604605767,423.22768511948567,3811114574.2722096,250,2966512472.8939257,550,2455846899.875907,150,2228044325.1616263,50,1866535197.5489836,450,1397560455.510661,350,1120929153.103361,750,821906050.9242334,650,349460543.4754588,850,341602128.6294225,1750,6
2556.048875528175,2749.0,365,4463.713980789755,467.0,0.18270468282158617,0.002347417840375587,1802.2910346215103,0.6616516302253663,0.33834836977463373,2556.0603641618254,2751.171316848993,0.008139560439560439,0.007171013524713363,-9.114083042567048,373.6890839013947,4779438339.77781,250,3022308293.814401,550,2817741507.438649,150,2743829399.447012,50,2023315493.3901546,450,1710276056.476982,350,759236392.6042042,650,646830332.1076517,750,310908348.16373026,1750,296903793.3169805,4950,6
2560.1623688228237,2819.0,438,4406.937958639092,777.0,0.30349913099780856,0.00234375,1531.2006667308626,0.7346873410444548,0.26531265895554523,2560.1856112869855,2825.34418794909,0.006849427917620137,0.006243728635196744,-19.839075192852945,850.8264713747811,9926066484.48211,550,8998761006.95668,50,7464201226.103683,250,4828333712.711564,450,4645553768.776058,150,3054308670.387146,650,2888127430.1673045,350,2560696938.9143147,750,561734369.6675316,850,477812201.96826094,950,6
2558.402025203162,2763.0,409,4404.964468021219,492.0,0.19230859312424659,0.0023455824863174357,1734.371698346211,0.6011665318965217,0.39883346810347825,2558.416034448652,2764.465327437109,0.007297794117647059,0.006733215882063716,-7.998641755424752,295.67441884472925,5232272446.272373,250,3787089687.658985,550,3177390556.3835897,150,2758658136.699761,50,2143752383.033846,750,2119065333.9671974,450,2039034310.7502668,350,1765777449.9074214,650,921566532.3302916,850,644369138.5007105,950,6
2559.4108462730237,3077.0,445,4051.6580569905013,1746.0,0.6822188644508814,0.00234375,1209.2423202007421,0.845438404826888,0.15456159517311202,2559.5257033887774,3089.8982291709804,0.006729954954954955,0.006045907632198002,-28.322380778085694,1096.0387213194203,125416195803.45813,50,33169078761.023224,550,21225427373.58857,150,19475596930.792007,250,16647317634.293629,450,11275103350.807354,650,9625395908.661425,750,6911099765.849485,350,2247386559.7932634,950,2146423548.7819552,1150,6
2556.460057345892,2832.0,370,4418.550376742015,873.0,0.34149133575722873,0.0023464998044583495,1477.2028821701115,0.7424452662178878,0.25755473378211224,2556.486293083353,2839.5353407483676,0.008076693766937669,0.006629334408949315,-22.654559975615385,1031.2480441302769,11929515036.076393,50,10932446276.244396,550,7917785051.63997,250,5351299300.686932,450,5333273600.989783,150,3926243364.727434,650,3066595366.5184345,350,2985051069.50455,750,683958228.9939221,850,463176293.2150862,950,6
2560.0572793770816,2793.0,393,4510.490676807099,577.0,0.22538684242702905,0.00234375,1710.6510900337164,0.6789047135486783,0.32109528645132174,2560.071595266389,2794.9655570834716,0.007603316326530613,0.005941214077632958,-11.624543287238287,496.20883045692455,5908466573.726733,250,4207331455.923805,50,3754785019.5528045,150,3606738867.9271936,550,2329401478.674921,450,2110643689.1111846,350,1164375563.5215735,750,1125698549.5911882,650,449691368.29819906,950,376958813.1393032,850,6
2561.80325339931,2740.0,412,4365.558408643745,420.0,0.16394773168434207,0.00195160031225605,1815.4202830454208,0.5642029306337231,0.435797069366277,2561.8144301833454,2740.6821204901576,0.007270802919708028,0.006547905003836077,-6.992197308555025,246.89258322937764,3721642461.8008566,250,3082504884.5722547,550,2467598604.978243,150,1781929135.111604,50,1726580267.962511,450,1433349037.5496325,750,1400599711.5141697,350,1358220128.705029,650,658170606.2972212,950,543419401.9047263,850,6
2564.1599778304917,2795.0,438,4465.125587911538,550.0,0.21449632718237324,0.0019500780031201249,1767.1201493472302,0.6618867341496139,0.33811326585038615,2564.1734863947145,2796.4532674813336,0.006779633867276888,0.00576150103229385,-10.352247433251716,445.9771029670042,5507931253.782344,250,3705169804.6332293,50,3600049274.785679,150,3130024870.265231,550,2200391382.9288206,350,2160035486.7824593,450,996119244.2129967,750,906823585.2441199,650,412307768.32008797,950,399732740.4639827,1750,6
2563.709192734052,2757.0,459,4423.981583425082,465.0,0.18137884724272418,0.00234009360374415,1735.5924297364113,0.6046771178439041,0.39532288215609585,2563.72362677075,2758.223196123658,0.006504803493449783,0.006246114850495265,-8.783464792199009,315.4937256117824,5113589634.388277,550,4508225649.841607,250,3031630830.702804,150,2719423173.6409206,50,2462244707.0641384,450,2151028645.9819574,650,2024678604.965955,350,1993837531.1334538,750,816808395.7376952,850,675715437.4388512,950,6
2562.25299091454,2782.0,413,4361.592099556267,522.0,0.20372804775103703,0.00195160031225605,1748.510687722582,0.677764656262979,0.32223534373702106,2562.266733098251,2785.601977308009,0.007214320388349514,0.006121219956955387,-8.840633431753389,375.84009732024634,5971707631.949419,250,3895740417.9575877,550,3442628559.9859233,150,3243858435.4137588,50,2532611504.5546913,450,2081382898.9268067,350,964775059.4080601,650,903173484.1456225,750,472795560.2657292,950,406261033.832702,850,6
2564.0513927877964,2867.0,468,4381.61011577086,904.0,0.3525710658827785,0.0019500780031201249,1445.2859546632465,0.7030972288610443,0.2969027711389557,2564.080698696079,2882.2935462795017,0.006388865096359743,0.005570621565144949,-19.437795844509786,837.3704454513411,14434396726.222618,50,9746566067.17846,550,8456722801.515032,250,6184530092.803319,150,5272996339.556262,450,4181080125.5145025,750,4073482055.436942,650,3135188439.11817,350,2246953997.6808033,850,1534844478.501742,950,6
2560.903774326733,2840.0,428,4252.835223482321,833.0,0.32527927814903257,0.0023428348301444747,1451.3202216505458,0.7366497441634454,0.2633502558365546,2560.931230186283,2853.876227657265,0.006985011709601874,0.006040205665756776,-19.48079679287784,813.620769428514,11921944938.531494,50,10784567507.72445,550,8964762882.126408,250,5968942107.531553,150,5120622603.63187,450,3841568807.9952207,650,3436501239.400128,350,3019408456.530657,750,1047562167.0190943,950,962937100.6517028,850,6
2561.079940088627,2822.0,425,4493.846102531604,705.0,0.27527684711487815,0.001952362358453729,1543.4708005041578,0.6714352962403397,0.32856470375966035,2561.1017765255415,2825.3011691472843,0.007043632075471699,0.006747641587748047,-15.374638740606091,596.5847751299867,7815812030.893829,50,7648229928.3987665,550,6996250100.810169,250,4669231958.594364,150,3869569490.5528016,450,3221461099.7511845,650,2630476643.3679724,750,2398316940.7019815,350,1524577602.5668974,850,1365065044.3708167,950,6
2561.991114667617,2770.0,439,4389.861597465399,530.0,0.2068714265585836,0.00195160031225605,1742.4009235504575,0.6424355279469984,0.3575644720530015,2562.0044403714755,2771.6077033590554,0.0067933789954337884,0.005621044687325514,-10.207082068888901,419.5870793550504,4953645237.718501,250,4065539546.471018,550,3162393486.485979,150,3123978241.265315,50,2453910353.7163877,450,1739680404.1603918,350,1432353295.136603,750,1254430598.4095654,650,547185670.3291434,850,361828103.75505626,950,6
2562.490379286675,2750.0,431,4429.028815368196,562.0,0.21931939384474577,0.0019508388607101053,1660.4282750785294,0.44181271670898103,0.5581872832910189,2562.507872912577,2752.3530976063175,0.006908372093023256,0.005916883580349302,-10.632029481506095,394.3185421959063,5379696084.223485,750,4032685770.22684,550,3769496246.097796,850,3587783500.255779,250,3466739659.69707,50,2952935982.569998,650,2874106786.360347,150,2128525311.6807442,950,1930987802.9422817,450,1702324221.1796017,350,6
2556.7356536064226,2739.0,365,4434.805818764179,485.0,0.18969583368551196,0.0023464998044583495,1814.419794485928,0.5619618104119072,0.43803818958809276,2556.7467307629117,2741.199744352011,0.008200549450549452,0.0071586840927549255,-8.955007739798658,396.22619104349525,3761762923.5778074,550,3013617379.650216,250,2307254416.6942005,150,1903983295.628523,50,1855485027.1927137,450,1435874911.8106627,650,1430411646.9226518,750,1210847276.266285,350,673565540.3393291,850,481120463.24793655,950,6
2553.4432255748247,2749.0,390,4366.441208809516,473.0,0.18524105674868588,0.001957713390759593,1743.2830136533805,0.5706900862461701,0.42930991375382993,2553.456837243084,2750.704049460469,0.0076688946015424165,0.006878608400968774,-7.984020371055941,293.37554535634797,4346495430.308983,250,4049444851.637927,550,2816155748.939924,150,2627835767.8322473,50,2166898532.546706,450,2166390948.744505,650,1584402181.4487944,750,1576101614.5065637,350,1212037578.3475876,850,905351037.0388117,950,6
2554.2201371424962,2755.0,371,4330.43304330433,471.0,0.18440167835100169,0.0023492560689115116,1734.8667932506698,0.5050654540343046,0.49493454596569547,2554.2335868787695,2756.917132220614,0.008026216216216214,0.00707493399887135,-8.286365603560865,311.37790295695044,3679731966.9716535,250,3260409122.723054,550,2954581801.4258814,750,2559403285.4446297,150,2387063812.848629,50,2174440974.234349,650,1783439612.2563171,450,1633191080.425002,850,1632688185.4422934,350,1240662178.4109874,950,6
2557.5854297619326,2836.0,412,4318.985652318986,860.0,0.3362580406489685,0.0023455824863174357,1482.8070715776157,0.6845127194132403,0.3154872805867597,2557.6111989295864,2850.9487646603898,0.007270072992700731,0.006391376089375436,-20.6797537203585,928.9893717514826,11438300466.503044,50,10346301691.736881,550,6132005452.565105,250,5252234126.755312,150,4439553256.898148,450,3879424678.8697405,750,3698550742.430065,650,2343841194.9129,350,1671731851.826635,850,1640973322.3241062,950,6
2561.365891930015,2910.0,449,4349.247656223934,1279.0,0.4993539219216932,0.00195160031225605,1245.3005093266152,0.7686496177020868,0.23135038229791313,2561.4221706393196,2946.9236500163834,0.006666294642857143,0.006038049192913445,-28.447800846181604,1287.9062534765878,40842793984.81613,50,20784893643.411797,550,12054139891.587461,250,10680487181.719559,150,9736732929.535305,450,8493199784.03304,650,8087353891.839449,750,4643519602.412491,350,2552325572.42812,850,2060402594.5112689,950,6
2562.121047539153,2896.0,419,4371.83079797171,1117.0,0.4359757415910308,0.0019508388607101053,1251.390390533011,0.747308751243504,0.2526912487564959,2562.1729386747616,2922.5517337984425,0.007122727272727274,0.006558115993557145,-23.025898898126446,894.032862101534,32248404445.06964,50,22048031442.095703,550,11736069737.717297,250,9403980145.803043,650,9159438937.297121,450,8929071178.709373,150,5767785250.82201,750,4667530492.697641,350,3230059097.1401644,850,3126045661.7541766,950,6
2562.627861730228,2807.0,483,4361.47150051696,619.0,0.24155070290176814,0.0023410066328521262,1611.2371597913336,0.6050393985790404,0.3949606014209596,2562.646744900206,2809.8538751073015,0.006199792531120332,0.005607354754503114,-12.297000410491089,452.43118162442005,5965211778.648795,250,5616460246.164667,550,5261305421.486457,50,4036671351.565119,150,3246157441.002783,650,2971124362.736252,750,2782261127.8443613,450,2217788223.4219723,350,1866345107.5726237,850,1259327344.1969967,950,6
2565.794464346485,2778.0,459,4322.169591033424,521.0,0.20305713846390785,0.002338269680436477,1723.6504745961086,0.598945202976758,0.401054797023242,2565.808655572466,2781.877165808178,0.006509606986899563,0.0057286794261689625,-9.242853714702687,352.89836293077803,5250994519.283876,250,3575079070.3660727,550,3063102573.9174685,150,2983623322.00077,50,2394539430.5932903,350,2093313343.0078168,750,2086891672.277746,450,1829272141.8946767,650,1047997678.6226006,850,686385818.6717429,950,6
2559.9724393737847,2873.0,405,3965.7646234442254,1028.0,0.40157262821368006,0.00234375,1345.4749463852354,0.7281990140679058,0.2718009859320942,2560.0094449315725,2893.243731496404,0.007340841584158416,0.006531946648167637,-23.22553367370154,1021.3020482378886,22074629106.778763,50,12811505546.379805,550,9410710195.212044,250,7284670944.2887535,150,6314763005.152173,450,5184030022.578215,750,4816826616.031012,650,3425141889.2539525,350,3117006723.505208,850,2219752047.3208857,950,6
2557.581291541267,2713.0,396,4321.881254169446,361.0,0.14114957482244175,0.001954652071931196,1870.23892295459,0.5085402498941816,0.4914597501058185,2557.592002513626,2714.649825367977,0.007542025316455696,0.006843580079399709,-4.017051159504658,149.3622514974477,3334967450.524765,250,2674112734.408953,550,1981762059.8355742,150,1831689129.0877542,750,1497282862.3222556,350,1445649964.7355556,50,1344784145.081615,650,1341742294.7928467,450,838738615.2588503,850,527785030.44224036,950,6
2551.875310545904,2886.0,386,4313.162986189872,1105.0,0.43302222353175585,0.001959247648902821,1280.950304894093,0.7553939040907056,0.24460609590929447,2551.918543502774,2906.472069422732,0.007743636363636364,0.007631814291127771,-24.009289834270273,1026.892789242079,25451239957.512623,50,17087878340.774632,550,10974154935.654217,250,8415602747.241603,450,7498400181.781769,150,6688226143.700862,750,6538095384.042396,650,4757373673.824892,350,2140756940.6606696,850,1375853132.2584145,950,6
2565.1914575631354,2697.0,405,4387.391289860384,272.0,0.10603527721659865,0.0023391812865497076,2070.04125559825,0.4963437208486514,0.5036562791513485,2565.1988825833696,2697.317928308255,0.007408910891089108,0.006048767962432249,-2.292718216024131,83.03886337063763,4294111112.58441,250,1135255330.627472,150,897143881.4732299,50,752386330.8512175,350,637074363.4689826,450,557398435.832126,650,555507207.9302607,550,426267923.57476515,750,403650372.38792086,1750,316548399.8640652,4950,7
2564.301362854687,2815.0,429,4433.845845979388,644.0,0.25114219707301055,0.0019500780031201249,1629.9091338630499,0.6004083500383794,0.3995916499616205,2564.318397810464,2818.1246610189487,0.006963785046728972,0.00603841067089931,-14.131073194198576,602.7960372352901,7063822624.985895,250,5598010061.605356,50,3489371230.5435057,650,3423750435.7696576,550,2988351441.049655,750,2651553569.8861003,450,2620694564.1226254,150,1941965464.2880754,350,1203455946.2356136,850,481317129.19132245,950,7
2564.3680538774033,2681.0,435,4515.913791953026,220.0,0.08579135935554663,0.0019500780031201249,2082.1223731520613,0.42274751617602346,0.5772524838239764,2564.3752946303853,2681.0816239952405,0.0068470046082949295,0.005686304410414981,-0.9885572864450263,45.68756080269384,3531302960.1052437,250,869239788.1499214,650,865646228.9469724,150,779652217.5512391,750,724623457.8453699,450,628514774.9278787,350,599120815.0088931,550,557126003.4067761,50,395042794.9565952,1750,385740716.46262264,850,7
2563.645618988662,2928.0,474,4348.014681348014,983.0,0.3834453997975792,0.0019500780031201249,1399.3937525466176,0.6275628607173838,0.3724371392826162,2563.6928717161018,2928.079625512293,0.006312684989429176,0.005855187593484171,-17.94042073474633,597.9789652489227,34301264182.46941,50,11098786159.314709,250,9258425500.317314,650,8960825198.916813,750,7504363307.4769,550,7251505008.930391,150,4549926846.803799,450,3763986709.4794397,950,3735963643.1529994,850,3246767394.561777,350,7
2564.743832409282,2725.0,413,4473.798325494513,322.0,0.1255490130260945,0.0023391812865497076,1999.7719419955545,0.506802391669377,0.4931976083306229,2564.752250000584,2725.1669411763664,0.0072286407766990295,0.0059972489726449274,-2.540385010927695,123.1143555926944,4640071971.807001,250,1391222042.8139205,150,1079603632.2001483,50,1002343391.4118075,350,846273527.1574525,650,760000865.3614253,550,732706374.5310935,450,707334519.8651742,750,364133842.7197663,1750,326076846.4186335,4950,7
2564.324257527939,2850.0,454,4472.2277788891115,908.0,0.35409409389809327,0.0023391812865497076,1439.1545514825384,0.47412878805687514,0.5258712119431249,2564.3583563175707,2854.7406874661074,0.006538189845474614,0.006075632456594388,-15.996154982507795,609.465822109202,13622631621.870281,50,11979528222.381523,650,10970138744.40495,750,7635355286.739243,250,6458893452.699277,550,5801268377.811193,850,3607914534.112789,150,3585597211.429961,950,3351909645.220789,450,2418975708.599425,350,7
2563.8606415803665,2702.0,363,4455.230851347745,337.0,0.13144282330505982,0.00234009360374415,1975.136544478204,0.5347156037266203,0.4652843962733798,2563.8688673882502,2702.413051588038,0.008205524861878453,0.006721263559818351,-4.111600944814908,152.299721159822,4868812626.33465,250,1208732749.094913,450,1154912889.7675104,150,934804535.4181633,50,903993153.9247892,350,841445046.0915573,550,782890002.8681191,650,618359916.929163,750,340804292.37408954,1750,315928200.2020669,4950,7
2563.1357902279956,2852.0,470,4338.995445932918,713.0,0.2781773222775079,0.0019508388607101053,1530.1964722880705,0.6216372146069967,0.3783627853930032,2563.1582604438217,2855.0533721937118,0.006368017057569297,0.006003982377014797,-14.675531519944554,568.5670494820407,10353622428.996128,50,8236948102.88612,250,4690991723.751244,650,4444041053.176701,550,4147853895.8409033,750,3687025936.1975317,150,2952493512.027736,450,2570272689.570863,350,1270004146.9700239,950,1069003411.1405071,850,7
2563.98232724108,2728.0,442,4338.962726091736,406.0,0.15834813798979583,0.0019500780031201249,1827.074727379042,0.5198605339642364,0.48013946603576363,2563.993867314533,2728.880650286481,0.006778458049886621,0.006254711666460202,-4.839255937591122,171.51836534894812,5980937238.881462,250,2377387277.0697546,650,1941140828.7288918,750,1804780245.732915,550,1642413431.6566825,450,1472161003.0651305,50,1427424112.4029012,150,1314885535.5115504,350,744135392.7229763,850,394206128.8327031,950,7
2563.7636159709946,2853.0,413,4447.742279730541,681.0,0.26562744446955405,0.00234009360374415,1521.3231613699747,0.6059606783848261,0.3940393216151738,2563.7861187623225,2855.1742511455714,0.007216990291262136,0.00629279543897614,-13.220527916191257,490.2143111625961,9867682175.717365,50,8282724843.665974,250,5383345348.610705,650,4424316891.859288,550,3710955766.161701,750,3436276237.383255,150,2926980654.5802126,450,2204162137.13472,350,1499710368.832621,950,1491652306.0985432,850,7
2563.880105891283,2729.0,418,4366.286438529784,396.0,0.1544539976060348,0.00234009360374415,1878.9911062052447,0.5538581684452691,0.4461418315547309,2563.8900223850396,2730.724550380615,0.007145083932853717,0.006394195588435738,-4.861660869756992,199.4279378919685,5652719333.345448,250,1591637496.6224875,650,1452007475.1786335,50,1416224336.4277833,150,1364834522.4228556,450,1348571337.186985,550,1245540124.530701,350,1041466971.2651274,750,426804367.2402547,850,336136194.27444154,1750,7
2565.3075369253497,2806.0,456,4517.678452301534,553.0,0.21556985888438324,0.001949317738791423,1701.1486963394993,0.5825810144408161,0.4174189855591839,2565.321377963822,2806.293769021749,0.0065604395604395615,0.005655721194009568,-9.70257901051026,414.478180811781,6308911792.958193,250,4375733848.984933,50,2466960873.587163,750,2124797824.3949146,450,2103890271.7668042,150,2031621742.520889,650,1915727994.6698112,550,1594026182.1251602,350,836544918.5941914,850,601604305.9036281,950,7
2564.484939182069,2768.0,472,4452.054794520548,499.0,0.1945820021497738,0.0019500780031201249,1760.0192760259295,0.4071028938221118,0.5928971061778883,2564.498372590793,2773.282504449073,0.006340976645435244,0.005514135310104218,-5.5684541310441675,226.36785563996426,5146445133.01189,250,3958191823.846958,650,3008108029.891716,750,2181687806.9824066,50,1997119138.2364786,850,1515199495.8101158,550,1435485028.223002,950,1434094853.4419196,150,1189751408.3269901,350,1143161688.121023,450,7
2564.373970990745,2704.0,473,4435.274542429284,307.0,0.11971780942031941,0.0019500780031201249,1885.3080711529199,0.46876901557421824,0.5312309844257816,2564.384280539737,2704.2717128147624,0.006344491525423728,0.00590934438094787,-3.060591782459193,101.85899577225777,4915971492.988737,250,2351693058.7887135,750,2051256166.5172641,650,1521009632.496027,550,1248935910.2574024,450,1231965405.9811864,150,1103986364.6944544,50,1009786103.9968797,350,762745218.2376635,850,419676902.4933894,1750,7
2564.419215857136,2786.0,423,4471.56911789228,532.0,0.2074555061362445,0.0019500780031201249,1748.3154550115362,0.3608640078583877,0.6391359921416124,2564.433128987462,2786.8116171688075,0.007055450236966825,0.006499362430352541,-7.825885819764536,328.4514380416983,4528384538.037902,750,4472054826.611765,650,2904589694.36905,250,2649469183.669162,50,2445517566.4744067,850,2196107533.8344464,550,1494118454.7445192,950,1341285120.7347102,450,1185063919.4753027,350,1166107772.5209227,150,7
2562.600760600687,2685.0,390,4437.59989344699,263.0,0.10263044424661527,0.0019508388607101053,1985.8562127574644,0.4566282190287944,0.5433717809712055,2562.6090860018317,2685.596197818887,0.007687660668380463,0.006678704362137424,-2.3174911375379272,79.29627447719155,4125173992.485043,250,1403301420.8251598,750,1146728813.3448858,650,967862937.4625504,150,947376732.6291704,550,887037782.8949883,450,885433997.7414284,50,844021547.8760302,350,453431187.6955807,850,382055450.11505306,1750,7
2563.7396240493345,2721.0,405,4446.186172164226,364.0,0.14198071029903325,0.00234009360374415,1856.9442161231868,0.4314676662552937,0.5685323337447064,2563.7507018746355,2721.1976827802246,0.007353960396039604,0.006510331405414981,-3.7158731418182835,139.99412714239446,4801116602.176419,250,2832193718.1132584,650,2217629921.6430044,750,1336166269.102886,550,1250814846.8894544,50,1240675507.8119736,450,1236222434.3857698,150,1069273495.5943388,850,998808685.0023627,350,878042911.6507769,950,7
2562.9812280764127,2887.0,442,4303.729899246013,763.0,0.29770359038921207,0.0019508388607101053,1431.2567873921214,0.580441645581484,0.41955835441851597,2563.0104974517267,2892.580222861579,0.006754421768707483,0.006943708530584501,-13.895055323584781,479.65511791045645,15027436802.828701,50,7438914689.510197,250,7068973680.406507,750,6728767431.349256,650,5884040735.468212,550,4229820290.7142925,150,3454963556.7361107,450,3035564478.892675,850,2716354293.088146,350,2332220633.547909,950,7
2564.1563855201493,2711.0,439,4385.906376163624,326.0,0.12713786740448832,0.0019500780031201249,1881.1536117960807,0.41563188718164973,0.5843681128183503,2564.1671969397944,2711.021836868241,0.006809589041095891,0.006276232569376537,-2.8084432834764335,105.63506218847726,4802032640.385408,250,2640440544.3239202,750,2552630393.3425007,650,1246729008.5934706,150,1236119159.7018714,50,1060903575.1952446,550,957622385.4064405,350,945655451.3027859,850,906448845.3576057,450,716056731.5306319,950,7
2564.6998583134514,2759.0,424,4503.3024217759685,437.0,0.1703910383822079,0.0023391812865497076,1814.5106024990616,0.508221364043319,0.4917786359566811,2564.7108445643844,2761.0304671729605,0.007026950354609929,0.006183217728642977,-5.996027936782679,257.67094682459725,4982765800.871483,250,2192156985.403193,750,2174659255.7012043,50,1983411519.3788126,650,1606497411.2063794,150,1466319696.467418,550,1278215643.2031305,350,1193114045.712266,450,744927657.2674268,850,467051749.3219247,950,7
2564.884702769311,2688.0,432,4502.284323206723,227.0,0.08850325738919194,0.0023391812865497076,2071.4608498635894,0.4604311070967188,0.5395688929032812,2564.8920586672243,2688.3021618307366,0.0069171693735498845,0.006250169918179459,-1.3877962701637097,53.39946696191574,3971004180.3396945,250,929864830.1403241,150,773805423.6062956,350,746841063.7868948,750,735306586.907722,650,671636051.0555784,50,649809228.0861194,550,625866528.5927337,450,372936423.7264694,850,319780749.8824521,4950,7
2564.9313097315517,2816.0,476,4394.131377125708,746.0,0.2908484114570032,0.0023391812865497076,1592.299025472807,0.41856988832171016,0.58143011167829,2564.952615763004,2817.968298165154,0.006305473684210526,0.005617335155508125,-14.956922591603574,615.1036049748852,7669111134.055071,650,7666911139.688298,750,6877414207.273417,50,4937237599.310808,250,3960668272.812785,550,3238981914.571654,850,2159608502.534971,950,1936498801.3803825,150,1366307699.3353395,350,1305953763.891302,450,7
2564.9382694895903,2770.0,438,4351.453265258451,456.0,0.17778285924707907,0.0023391812865497076,1812.3037712348764,0.5348317507280919,0.46516824927190814,2564.949852905579,2772.6523897604966,0.006821510297482837,0.005894848583658838,-6.061854572194005,271.66510804849065,5637430479.447738,250,2396709136.771842,50,1976606845.5766163,650,1946185376.8059366,750,1828354243.9150152,150,1427193034.316288,550,1419405908.331842,450,1376963694.854697,350,572916682.6020817,850,469910876.493946,950,7
2564.4018681602365,2889.0,425,4442.591233571286,848.0,0.3306856379477168,0.0023391812865497076,1384.4091274778489,0.6653533330586933,0.33464666694130674,2564.434731957669,2901.9796010741843,0.007033490566037736,0.006420777085523717,-19.247323353301184,701.2253988938646,22883556455.82103,50,9438308443.563059,250,6591217751.165054,650,5908705071.743256,550,5796699632.632933,150,4076467863.500582,750,3372364790.3824997,450,2699201157.536718,350,2277584764.3190956,950,1998620227.8565903,850,7
2564.2078597435006,2710.0,412,4477.542471491738,323.0,0.12596523422666303,0.0019500780031201249,1975.9523903025197,0.5107796293135293,0.48922037068647056,2564.2161450062927,2710.0080668425803,0.007270559610705596,0.006430480521352792,-3.2605031772151056,131.53274866415987,4666286415.838745,250,1239414920.6492958,50,1222085460.2822924,150,1074816149.470876,650,930292328.6456845,450,890327514.9905937,350,874508253.7578251,750,778222336.7276423,550,342608630.8653921,4950,329056163.1073369,1750,7
2564.4239236803755,2712.0,388,4448.59563680032,333.0,0.12985415340099368,0.0019500780031201249,1979.6301466531609,0.502098531207409,0.4979014687925911,2564.4323755601795,2712.9107271941825,0.007707751937984496,0.006418363662479698,-3.386867824105062,138.92831808462356,4596963931.624716,250,1177814823.2382216,150,1079245048.9764519,650,993996673.5594687,50,993486822.1172302,450,902901030.6644549,550,877703192.4272246,350,813669574.9711578,750,352153758.70374787,1750,315825916.5999545,4950,7
2564.5634513915834,2727.0,439,4498.415346121768,435.0,0.16962032676999111,0.001949317738791423,1818.817338437372,0.40075293087336705,0.599247069126633,2564.5757767856485,2728.3729840017695,0.006812328767123288,0.006032959969398828,-5.100457409068371,178.42296409556462,4852938260.6398115,250,4534545144.820784,750,2435859021.4522524,650,1636150084.556851,550,1594969637.2322512,50,1395889172.7437105,950,1252371460.3689797,150,960628289.4800081,450,947260339.6903034,850,919162488.6543485,350,7
2565.89142745918,2867.0,452,4429.839193968105,785.0,0.30593967061022365,0.002338269680436477,1472.3341674919698,0.631378067729494,0.36862193227050605,2565.917504291585,2874.5624937494904,0.006584478935698449,0.006318622627798521,-17.24867000958038,671.290525387308,13199471531.280453,50,8930445255.636333,250,6467022215.073843,650,5368592656.349353,550,4422452701.260227,750,4098001979.7693357,150,3622567937.6753407,450,2479806961.39469,350,1936780147.89787,850,1107714298.4320312,950,7
2564.8133883630903,2722.0,448,4439.291314937773,356.0,0.13880201610651824,0.0023391812865497076,1941.8969222552894,0.5071450830468195,0.49285491695318057,2564.822532590946,2722.112439030083,0.006666442953020134,0.006062315592674107,-3.6052448112383013,147.92691343783937,4859746036.23955,250,1273847363.645716,650,1248106201.5768123,150,1214914843.7174597,50,1212382214.4363575,750,1113924519.2020266,450,1054973762.9042324,550,1018059278.1744618,350,354952708.43845403,4950,350731197.46846485,1750,7
2563.530051800242,2708.0,396,4531.927670647894,339.0,0.1322399631562078,0.0019500780031201249,1950.779341974717,0.5130615582229189,0.48693844177708123,2563.5385175230126,2708.2491150642236,0.007478227848101266,0.007249438696646772,-3.791582125151888,150.14559188557976,4756195189.10952,250,1230467653.6460853,150,997203239.5805032,650,993372486.3846846,750,984127139.2927202,350,973104112.1581696,50,970937029.296784,450,896053037.4612876,550,334643710.2856393,4950,310964776.47886807,1750,7
2562.117210783888,2709.0,433,4413.118910983584,325.0,0.1268487357767881,0.00195160031225605,1886.5531898752884,0.4819979315836028,0.5180020684163973,2562.127688573842,2709.971961495412,0.0068432870370370375,0.005932264364615238,-2.7413349137501126,104.8160502572318,5498134656.11083,250,1992468252.9274297,650,1836059692.7786539,750,1375651364.761587,150,1233715557.2870607,450,1141664222.9830387,50,1129864725.0690103,550,1084198533.8297553,350,714963378.8641067,850,509411913.880059,950,7
2557.686980738728,2717.0,390,4335.512709320168,380.0,0.1485722617828948,0.0023455824863174357,1933.6186076133495,0.5247313988845074,0.47526860111549263,2557.6959967561625,2718.6349857618907,0.007697943444730076,0.0065366159406584625,-5.029807909629122,218.9521799532335,4589311438.79929,250,1511501942.2951744,450,1362662470.1235447,50,1172712371.2147186,150,1163150431.6149006,550,1133858910.3462114,650,924841106.2098875,750,878705426.9502712,350,365242890.83694935,850,346928866.77945316,4950,7
2560.2615538023856,2710.0,431,4449.224612306153,369.0,0.14412647176004503,0.00234375,1924.1052959228834,0.3654363257006917,0.6345636742993083,2560.2717152015944,2711.096179475916,0.006949534883720931,0.006699936637495726,-3.2618988908778603,122.9566870617139,3669426061.6240015,250,2666731028.080061,750,2133624245.6419425,650,1185705268.0804882,550,1133241761.223836,850,1026791089.8085738,50,945994009.8127562,950,918688854.482398,150,849582420.2071526,450,756835321.375714,350,7
2564.4116660214495,2796.0,463,4534.848838372054,600.0,0.233973286132616,0.0019500780031201249,1672.2534569315023,0.5922386374745905,0.4077613625254095,2564.4280117827143,2798.4030987876,0.006462554112554112,0.00581130823767067,-11.697308361573251,481.83918339360105,7398487146.166175,250,4496629324.722147,50,3437517542.904384,650,3256225584.1029234,550,2986540881.9430604,750,2529453017.9450245,450,2417371906.1919594,150,1951123449.1746864,350,720414484.2431824,850,538855980.9221629,950,7
2562.229390940435,2714.0,411,4447.964253559638,326.0,0.12723353992290828,0.00195160031225605,1831.3162795607373,0.4802477814297733,0.5197522185702266,2562.2413020829263,2714.964336015351,0.0072590243902439025,0.0066425809724093635,-3.8104931613567588,123.33085390790849,4590555541.073942,250,4092307921.174999,650,2929212382.7625303,550,2096571718.4986532,750,1489324619.9571693,50,1466941790.2370763,150,1254376430.402739,350,1251956647.743564,450,460972969.4820081,850,422945269.39796686,950,7
2563.7891068073136,2691.0,384,4466.012941097992,237.0,0.09244157739647271,0.0019500780031201249,1991.6816440335585,0.42297061286103016,0.5770293871389698,2563.796777403064,2691.184767879684,0.007804960835509139,0.007357194055605323,-1.4516401236829344,63.37598406805978,3604321081.6203074,250,1327040438.854067,650,1184576559.7303529,750,1042193010.4980849,150,803656138.0845737,350,720723967.2702487,50,639854983.9469423,550,534133177.1130438,450,438125925.33626056,950,431080025.26369727,850,7
2561.427178274977,2812.0,380,4449.596370671826,552.0,0.21550605894019587,0.00195160031225605,1696.1958277937113,0.5521594865221771,0.4478405134778229,2561.44145293,2812.745658430806,0.007845118733509234,0.007039125198566953,-8.787272788256317,379.45031317853943,5886428085.477118,250,4428382431.832702,50,2827203341.0223956,750,2796311396.500474,650,2435214650.655305,150,2113090544.0992455,550,1571447590.7007327,450,1548977231.7829356,350,833559433.1947374,850,807708794.9655213,950,7
2561.9805436108954,2732.0,430,4337.578343779171,412.0,0.16081382856474533,0.00195160031225605,1821.8116587495379,0.38293280888374537,0.6170671911162546,2561.9923571007585,2732.941921919508,0.006940326340326341,0.006291251252155202,-4.443238615672279,161.07912630759995,4169083880.146854,250,3403953227.1064014,750,3156667683.848119,650,1658777023.5725467,50,1466314841.2492208,550,1364789482.5388498,850,1222958346.1096606,150,1077504189.9413857,950,904687224.4707937,350,865759781.6156781,450,7
2564.151140563817,2772.0,409,4542.90951508082,468.0,0.18251737723654246,0.0019500780031201249,1795.256984545132,0.531450745925033,0.468549254074967,2564.1628709756533,2773.761100385425,0.007261764705882352,0.006286041868776354,-6.723780507715445,298.4207981435721,5573059021.033672,250,2675620918.1831107,50,2464598196.60867,750,2066893514.3639145,650,1825396292.0586705,150,1607460378.1257262,550,1393926677.147455,350,1153035289.7668555,450,589755377.3007323,850,426150664.97353816,950,7
2563.7874616213535,2805.0,440,4495.712808194041,510.0,0.1989254828102977,0.00234009360374415,1737.1280222276155,0.498573341385547,0.501426658614453,2563.800826486018,2806.7766511347345,0.0067567198177676535,0.005912670784067812,-6.069856418190642,269.8464439774038,5228151698.018311,250,3213906108.9591203,650,3162023281.449793,50,2656210363.316516,750,1858777967.1308134,150,1787385108.0520039,550,1687249653.5045877,450,1391926576.0216777,350,1239110980.4227257,850,805421973.9859238,950,7
2561.710823046512,2851.0,400,4273.757919306436,673.0,0.2627170028643489,0.00195160031225605,1571.5939357830061,0.6124466499258047,0.3875533500741953,2561.729814447729,2854.3190447506176,0.007468421052631578,0.00621260786662243,-13.406198046407711,551.5332021870724,7937422961.577372,50,7530696477.977791,250,4101842321.0679736,750,3494950028.9377947,650,3440810417.627326,550,3082270961.232375,150,2408528722.704441,450,2162035561.3643503,350,913575538.7312086,850,794631179.5948067,950,7
2559.903996673178,2716.0,417,4279.901274097791,303.0,0.11836425274606738,0.00234375,1937.934262403379,0.5057251633436707,0.4942748366563292,2559.913489289903,2716.2024245913613,0.007127403846153847,0.006492530396716908,-2.2254936831803924,90.39296106498553,5316642171.8499975,250,1453752923.871676,750,1341769021.7274656,150,1275745850.3192573,650,1147669205.6641886,350,1090065462.467624,50,1028849155.3138738,550,917035997.2728895,450,409638823.8203392,850,383417847.3429869,950,7
2562.200114350034,2708.0,384,4356.785595198399,327.0,0.12762515095470003,0.00195160031225605,1930.9108766606585,0.5191132133816351,0.4808867866183649,2562.2093315139978,2708.5330761778314,0.007785378590078328,0.0068596557929814445,-3.0473562782046155,113.40473015064156,5238167096.127932,250,1348976395.6345425,50,1278342898.0120456,750,1253112924.684301,150,1126841749.6745265,650,1055156244.4561095,450,1002171443.1601317,550,965343161.0565214,350,378206013.4575348,850,352770119.5007899,4950,7
2562.599410316649,2890.0,442,4228.947017216068,843.0,0.32896730882294045,0.0023410066328521262,1397.1189810223432,0.6423247744396688,0.3576752255603312,2562.6341597183823,2897.4751979931693,0.006762358276643991,0.0065973565700898455,-17.353925452694458,616.4332203329035,21784979846.91336,50,10230853716.670038,250,7307301046.159475,650,7082261835.30702,550,5542771522.428532,750,5480641076.9396305,150,3663611422.6344604,450,2928080391.268092,350,2699857603.8322344,850,2610970498.3353653,950,7
2564.156653684017,2818.0,450,4453.192767064789,615.0,0.23984651808854737,0.0019500780031201249,1659.0494253159259,0.5810671309258184,0.41893286907418154,2564.173519197129,2822.997556644599,0.006643652561247215,0.006008687921175032,-11.457186215197003,486.53906256066165,7143992051.86998,250,5626702602.1068735,50,3649557467.352483,750,3128732155.1782503,650,2826667148.5167265,550,2627697950.1078377,150,2352254491.778792,450,1854707147.4156137,350,918771464.4748474,850,619857982.6395886,950,7
2562.7343721627617,2728.0,430,4393.8635984658995,531.0,0.2072017317976893,0.0023410066328521262,1737.9246184703636,0.4663131920582061,0.5336868079417939,2562.7488509637496,2729.9522723658924,0.006954778554778555,0.006634968236980532,-9.467537774539865,364.1683398261551,5489591255.3688135,250,4193268680.2204537,650,3671735188.5566425,750,3122284011.748396,550,2321194871.0268726,50,1663270602.9901485,450,1535297384.6868792,850,1507667891.6782715,150,1281142553.4644873,350,937869731.1755967,950,7
2562.879138850205,2747.0,417,4419.613075383589,421.0,0.16426904875385703,0.0023410066328521262,1853.6481740225508,0.531763391901775,0.4682366080982249,2562.8895984816304,2747.546645338694,0.007117548076923077,0.006072182375041566,-5.5743768972923835,230.81233730550136,5323796941.751566,250,1746092333.7632535,750,1675847773.3683758,50,1631462153.1632912,550,1549716382.5316026,650,1473946435.3155313,150,1283182089.409203,350,1231846353.9583602,450,591439072.441632,850,351222828.2269824,1750,7
2563.863489916716,2689.0,408,4427.722904431393,253.0,0.09867947438861682,0.00234009360374415,2070.767953120654,0.4926872228659576,0.5073127771340424,2563.870599547488,2689.5152370871942,0.00734029484029484,0.006476659884121783,-1.5917877836731988,66.51872904325253,4334188733.24358,250,1009274192.9438508,150,716377284.6472794,350,658340445.6648029,50,615733434.5083964,450,558681717.1567957,550,499814871.80059505,650,412459135.7179387,1750,409737443.7972818,750,305967281.2912606,4950,7
2563.6622422716505,2697.0,403,4487.059765208111,293.0,0.11429001699081599,0.0019500780031201249,1971.4310283374123,0.44616662773483357,0.5538333722651665,2563.671002060031,2697.036045200064,0.007427860696517412,0.0067866469641068294,-2.2574292841860117,89.97601409539556,4223775039.4170423,250,1611333533.8355546,750,1311273422.1664693,550,1267987129.5734558,650,901460524.2178228,350,894413022.4438013,150,828374496.6599977,50,703548034.6268401,850,681770650.5332849,450,373242334.3607171,950,7
2563.8735208156168,2744.0,412,4383.109302558287,444.0,0.1731762014853494,0.00234009360374415,1840.6426066018134,0.5778380739583091,0.422161926041691,2563.884361888252,2745.777152467624,0.007244525547445256,0.006456068116830292,-6.903124066144402,286.1567435641245,6033098374.361042,250,1952613816.4902115,450,1811536182.5580754,50,1703487901.6865778,550,1525316686.5438895,150,1336424157.2278106,750,1248579264.5230718,350,1231030513.7282083,650,429122517.5294112,1750,416176520.3204332,850,7
