3260.0,3260.0,3258.0,3258.0,3240.0,3237.0,3237.0,3219.0,3188.0,3179.0,3150.0,3150.0,3146.0,3146.0,3146.0,3145.0,3141.0,3137.0,3137.0,3133.0,0.2768764871295695,0.553752974259139,99.39865887951547,21.319489508976854,99.1217823923859,99.95241185377459,0.8306294613887086,5.53752974259139,99.67553536664504,4024.9534934025523,27.133895738697813,122.10253082414016,21.87324248323599,227.31559593337658,21.596365996106424,121.27190136275145,126.2556781310837,98.84490590525633,227.038719446247,4451.897036556348,21.042613021847284,220.9474367293965,199.90482370754918,4651.801860263898,126.80943110534284,126.53255461821327,120.99502487562188,22.15011897036556,27.687648712956953,5.260653255461821,26.857019251568243,326.714254812892,3997.5427211767246,120.71814838849231,248.63508544235344,121.82565433701059,230.63811377893143,326.9911313000216,100.50616482803373,199.35107073329007,199.62794722041963,554.0298507462686,4448.574518710793,4096.941380056241,3.3225178455548345,200.18170019467877,230.36123729180184,227.59247242050614,675.5786285961497,3976.2232316677478,4224.304564135842,4224.858317110102,221.50118970365563,4351.9446247025735,323.94548994159635,100.22928834090416,125.97880164395413,224.54683106208088,20.765736534717714,26.580142764438676,675.3017521090201,121.54877784988102,3998.096474150984,127.08630759247241,77.80229288340904,225.3774605234696,225.10058403634002,221.22431321652604,226.76184295911744,774.9772874756651,127.36318407960198,224.82370754921047,104.38243564784771,653.7053861129136,3.599394332684404,4352.498377676833,27.410772225827383,575.3493402552455,4452.173913043478,4678.658879515466,4424.486264330521,4025.2303698896817,4224.581440622972,4024.6766169154225,326.4373783257625,221.77806619078518,4097.772009517629,98.56802941812676,5.81440622972096,4.983776768332252,4003.6340038935755,4102.478909798831,78.07916937053861,554.3067272333982,230.0843608046723,124.31754272117672,675.8555050832792,4551.295695435864,4673.675102747134,3.045641358425265,28294.818099803324,26944.520281394012,25004.28677350237,24172.3200027732,23849.896731804318,23609.610920054354,23501.788562197115,22756.547302557417,22467.691883282085,22452.098953576653,21922.918463874576,21756.84304351627,21736.692104637965,21468.115316739208,21436.0024063534,21401.387622348324,21352.791908628195,21314.760170544756,21078.41737770077,20947.2708244815,20771.651588077042,20329.452387470934,20289.68905668592,20228.73132470227,20212.11605203207,20087.126045660938,20010.1535312792,19849.900325078994,19821.9541727862,19666.982491714345,19643.476718400445,19490.686663581884,19442.518306393973,19437.454745281895,19322.3309284932,19303.776844500975,19286.725374494297,19280.481266027404,19221.077579721365,19197.005880132554,19133.329734977684,19063.707745052398,18987.28045519194,18883.843383146475,18873.662250284353,18862.47300430895,18817.234764649464,18747.964838649583,18728.487218005335,18690.4459912901,18680.187873491686,18657.16029904215,18643.262623714083,18600.95826924434,18593.83909115762,18584.0574521559,18582.745458104557,18574.9353181385,18568.745489433637,18548.645513700136,18542.12583629957,18507.364348501862,18500.087532738668,18464.32184437275,18448.134997579145,18402.830211175955,18396.504982003557,18357.604225942716,18357.10764309391,18314.50984753887,18281.64241417026,18226.508441719612,18169.958585593795,18145.50532722832,18136.34973741796,18131.837134586505,18129.40951402515,18117.102472620758,18042.618700465187,18039.50243249658,18031.13775610719,18001.461150632844,17931.306135351417,17898.202480990243,17885.24221284352,17869.876759849492,17857.422814669757,17829.160756001133,17768.680370380094,17744.41609597444,17664.842803870863,17651.277378540115,17649.169003838757,17634.2446575373,17614.822022283675,17581.850761828337,17579.52481605004,17516.02611459696,17497.22169863161,17489.325778715196,1067.0,1067.0,1152.0,1739.0,1739.0,1801.0,1801.0,1900.0,1900.0,1900.0,1964.0,1981.0,1981.0,2148.0,2148.0,2317.0,2379.0,2395.0,2408.0,2408.0,1
3265.0,3265.0,3256.0,3256.0,3184.0,3184.0,3175.0,3175.0,3165.0,3160.0,3155.0,3155.0,3144.0,3143.0,3140.0,3140.0,3139.0,3133.0,3133.0,3131.0,0.92505600925056,0.61670400616704,4447.052588470526,22.81804822818048,4098.306472983065,0.30835200308352,23.74310423743104,23.126400231264,24.05145624051456,4228.122666281226,23.43475223434752,22.50969622509696,4422.692780226927,175.14393775143935,1.85011201850112,4253.715882537159,1.23340801233408,151.70918551709184,4273.758762737587,150.16742550167424,4402.033196020332,22.20134422201344,148.93401748934016,24.35980824359808,151.40083351400833,4250.015658500156,4252.482474524824,24.6681602466816,21.584640215846402,149.55072149550722,173.60217773602176,4426.3930042639295,152.3258895232589,174.2188817421888,4297.810218978102,21.276288212762882,4252.790826527908,174.52723374527233,174.83558574835584,127.34937727349376,1.5417600154176,173.91052973910527,2.77516802775168,4247.5488424754885,4246.932138469321,175.4522897545229,4402.6499000264985,4277.767338777673,4276.533930765339,149.85907349859073,349.05446749054465,4422.07607622076,150.78412950784127,4296.268458962684,126.4243212642432,127.9660812796608,149.24236949242368,4246.315434463154,350.2878755028787,148.31731348317314,4751.39601551396,19.42617619426176,4253.099178530992,4447.977644479776,20.65958420659584,2.46681602466816,349.9795234997952,44.40268844402688,173.29382573293825,46.56115246561152,325.9280672592806,4424.851244248513,4426.701356267014,371.87251571872514,4075.488424754884,4247.857194478572,4227.814314278143,125.19091325190912,349.6711714967117,171.44371371443714,4121.4328732143285,198.27033798270335,4447.360940473609,4122.974633229746,4469.562284695622,4277.150634771506,152.01753752017535,198.5786899857869,4103.856809038568,197.96198597961984,4274.992170749922,4098.614824986148,45.63609645636096,172.36876972368768,20.967936209679362,170.51865770518657,176.06899376068992,4223.8057382380575,326.8531232685312,350.9045795090458,20850.54920188918,19335.693158252212,18717.99948852849,18639.082956223683,18434.44304497472,18417.350405917183,18414.06103353526,18369.11417911931,18336.74654624753,18011.808417130324,17810.891373223945,17660.048386832936,17659.356569700674,17507.099652774938,17453.907877820184,17404.55025591324,17254.936710778424,17225.900337977248,17038.14439028248,16913.25896138505,16787.27130884691,16575.841254238516,16462.496029189064,16443.0953615645,16413.984620018062,16411.464679299475,16369.32980779823,16361.486440660874,16307.585378933829,16159.106776943792,16141.88878179467,16110.35081848404,16001.803075709508,15943.295004145855,15941.419392715474,15852.16322471725,15838.97789785047,15781.839302421664,15766.711605263716,15723.154618654255,15711.706852372014,15704.222142799814,15625.323808306266,15585.319850036767,15543.240939469593,15458.751577967692,15427.973578500856,15425.948074103087,15341.970998024926,15309.583585099264,15301.407922538927,15298.973335943967,15240.420869331932,15205.818346549553,15191.517550630195,15184.444779918189,15170.018428308229,15138.543838945057,15115.29571930601,15088.606617409738,15082.920802825738,15018.575172250525,14984.30925418919,14983.010842837628,14972.234080804508,14955.500308189994,14951.478952762938,14897.256430536576,14877.976448897029,14868.198661963563,14847.896631660706,14830.407961526982,14820.898960929688,14813.063320587238,14812.229765744654,14747.234282495781,14742.777743848303,14700.817503933451,14689.637191160844,14687.555324061586,14654.197683638851,14650.215573677106,14628.936168400316,14602.825610287699,14559.770783811946,14509.693116226646,14500.201701854174,14491.413337782335,14467.346608422271,14461.394287087933,14444.520896411044,14424.858557825986,14404.683265493817,14389.749834489063,14376.677969015054,14373.663538116873,14369.57959101757,14365.473215305077,14360.68247266823,14337.946719310865,1577.0,1577.0,1738.0,1738.0,2004.0,2004.0,2169.0,2169.0,2241.0,2241.0,2263.0,2358.0,2376.0,2376.0,2389.0,2389.0,2410.0,2410.0,2624.0,2675.0,1
3295.0,3248.0,3234.0,3220.0,3210.0,3204.0,3188.0,3175.0,3155.0,3152.0,3152.0,3152.0,3152.0,3151.0,3151.0,3149.0,3146.0,3145.0,3142.0,3141.0,0.2936049178823745,4177.704376548307,31.709331131296448,4.404073768235618,7.633727864941738,273.9333883842554,31.415726213414075,4173.300302780071,4.697678686117992,20.55234425176622,4325.387650243141,24.369208184237085,7.340122947059363,4200.018350307368,4399.963299385265,226.0757867694284,11.744196715294981,4253.160840444078,23.781998348472335,4051.454261858886,32.00293604917882,4177.997981466189,268.9421047802551,27.305257363060832,27.011652445178456,11.450591797412606,4200.31195522525,4.991283604000367,7.927332782824112,4205.009633911368,258.0787228186072,12.037801633177356,253.96825396825398,28.186072116707955,4320.6899715570235,257.78511790072486,4170.070648683365,4325.681255161024,234.00311955225249,226.66299660519314,19.37792458023672,20.84594916964859,269.23570969813744,233.41590971648776,4399.669694467382,47.85760161482705,15.854665565648224,4801.027617212589,4325.094045325259,23.488393430589962,4277.8236535461965,4880.007340122947,4185.044499495367,3.816863932470869,253.67464905037158,4020.038535645472,4298.3759977979635,14.973850812001102,4368.547573171851,16.1482704835306,226.36939168731075,233.70951463437012,7.046518029176989,4.110468850353243,4301.312046976786,4170.364253601248,4411.120286264795,249.56418020001834,4099.0182585558305,24.07560326635471,4199.724745389485,47.56399669694467,4051.7478667767687,241.63684741719425,22.313973759060463,35.23259014588494,43.15992292870906,254.26185888613634,4168.309019176071,4399.3760895495,4079.346729057712,19.671529498119092,776.878612716763,4047.0501880906504,237.526378566841,15.56106064776585,4926.690522066245,4188.861363427837,261.6019818331957,35.52619506376732,4347.701624002202,229.59904578401688,16.44187540141297,22.02036884117809,4173.593907697954,10.863381961647857,4400.256904303147,4320.983576474906,4221.157904394899,261.3083769153133,18566.54964251806,17288.82597998392,16873.46168260033,16842.873453307704,16650.775709948713,16384.568899630256,16204.602698139523,16189.017909350683,16144.672808788651,16143.785314297698,15907.883493490644,15866.168764531873,15865.497468846726,15857.37633701315,15737.222487413514,15722.045155395446,15615.929329964367,15551.120189739977,15519.309633548228,15512.921266384546,15312.726496743955,15279.289920875568,15114.77904112564,14991.50223555235,14898.510612778271,14810.419742863738,14764.33162459654,14635.239793299646,14633.77776729182,14454.290832636889,14410.991157419932,14360.01760784508,14346.431342833332,14264.34241483885,14216.639419209281,14196.173047597575,14181.368698977425,14158.653341858555,14127.77337862086,14103.870177103645,14093.109876902461,14078.732340401913,14032.786049409855,13956.078125650454,13931.362996204653,13912.908341848473,13908.034714950454,13851.340573419171,13814.066242940708,13807.416492406477,13797.863041517152,13766.957078318628,13746.624793814855,13745.145812785348,13738.87632769034,13706.67767531414,13705.434727684566,13658.869750381906,13650.047552944972,13595.228634513742,13585.169479061504,13565.907261380098,13557.38051765928,13534.773963905265,13532.16152936454,13511.299898368685,13504.323388460092,13485.383972640735,13477.204873804592,13437.156379532062,13396.887195714775,13385.161625032299,13383.189143395588,13370.313985953302,13360.002855619565,13341.93892602924,13333.238760322403,13303.233823174989,13237.131218720264,13226.063378070137,13164.649199834712,13136.066763093188,13133.835783438057,13125.697365500493,13117.51258330067,13115.93221918051,13107.062724492105,13098.321194804694,13093.17283333867,13092.939143205329,13068.163375414535,13053.093049478855,13021.044892117203,13013.224898941575,12988.12626448633,12984.463102401118,12965.0551168384,12964.353700327294,12952.573196075882,12943.596216314483,1113.0,1324.0,1803.0,1814.0,1906.0,2093.0,2137.0,2178.0,2381.0,2463.0,2463.0,2534.0,2537.0,2537.0,2600.0,2600.0,2634.0,2648.0,2653.0,2661.0,1
3227.0,3227.0,3217.0,3217.0,3214.0,3214.0,3184.0,3181.0,3177.0,3177.0,3152.0,3148.0,3148.0,3148.0,3148.0,3147.0,3147.0,3135.0,3135.0,3135.0,4230.825651699872,4251.759341857469,99.59361681038756,77.39121815839033,4230.5084745762715,0.31717712359996036,20.616513033997425,4028.7838239666967,4254.613935969868,201.40747348597483,101.49667955198731,4452.532461096243,4029.4181782138967,4275.8648032510655,24.73981564079691,24.422638517196948,20.933690157597383,0.6343542471999207,4131.549212013084,77.70839528199029,201.72465060957478,101.81385667558727,4229.874120329071,119.89295272078502,4152.482902170681,299.73238180196256,299.41520467836256,4231.142828823471,4049.7175141242938,102.13103379918724,99.2764396867876,78.02557240559025,4251.442164733869,4131.232034889484,3.8061254831995246,4.440479730399445,99.91079393398752,98.32490831598771,4177.539894935078,201.09029636237486,1.9030627415997623,4233.680245812271,202.04182773317476,4153.117256417881,77.07404103479037,98.95926256318764,3754.4256120527307,4332.639508375459,4.123302606799485,4173.733769451878,4053.8408167310936,4029.1010010902964,21.568044404797305,122.74754683318466,199.50441074437506,222.3411636435722,3951.392605808306,800.5550599663,4276.499157498266,123.06472395678462,97.69055406878779,279.11586876796514,25.05699276439687,21.250867281197344,298.78085043116266,176.98483496877788,977.2227178114779,4053.5236396074934,4255.248290217069,4430.964416691446,200.138764991575,97.05619982158787,4352.938844285856,197.91852512637527,4132.183566260283,3.488948359599564,299.0980275547626,177.30201209237785,98.00773119238775,4051.3033997422935,4278.085043116265,4255.882644464268,102.4482109227872,4233.363068688671,124.65060957478443,97.37337694518783,3853.7020517395185,4228.922588958271,222.02398651997225,4353.256021409456,4153.434433541481,4351.352958667856,221.7068093963723,398.37446724155024,4349.449895926256,20.299335910397463,4455.0698780850435,2.537416988799683,4328.516205768659,799.9207057191,19084.179520268477,18716.98644444574,18276.820682750833,17962.735948061083,17645.008176115203,17112.281404668898,16999.55646686346,16943.738725431067,16728.058181280456,16617.121537278897,16515.071954604282,16488.177572390083,16417.787501958286,16399.036417200696,16380.386971796297,16366.04259398145,16332.849361637946,16242.635643117326,16099.976076907,16042.087659767667,16033.35620463455,16015.565341734751,16004.782326135175,15825.05331754296,15816.430671214364,15800.560601703075,15764.684579663657,15740.180362662473,15725.60588457117,15721.130674120019,15697.840650574528,15684.87668833472,15622.669285361708,15573.809114306434,15561.5055985871,15551.791700892629,15550.01146869945,15539.012007958567,15441.419968389398,15429.81200909924,15403.64343226584,15351.507667241603,15334.550463181864,15317.57947418475,15256.48045994903,15250.307120732563,15031.07969853692,14992.736956759469,14963.975119829778,14942.940282932517,14915.771112551787,14914.83942856969,14910.045654650821,14905.056851384346,14898.318524319719,14808.206331347088,14723.711428690734,14652.950700453614,14620.770982384549,14616.641110452301,14566.400206053653,14529.73715269014,14524.519712411855,14476.203621648503,14464.649456542138,14459.094314295404,14457.002501151579,14454.577366208065,14431.092680600636,14422.927246670679,14403.047739115396,14399.123695788048,14362.920089852105,14360.640382639052,14357.512593055242,14356.22142240568,14345.161868992529,14344.845126180566,14307.064093138031,14297.082281870857,14295.527025037301,14294.593185890088,14261.281589917096,14227.622331765133,14167.131019282366,14136.075291280997,14092.775844128766,14077.237497791595,14056.692588636435,14032.407564521971,14007.899893140839,13986.92936993936,13978.812366542206,13968.227989165061,13949.9439286638,13942.613349239937,13916.919769674354,13910.517012826216,13896.063425132026,13874.233447618759,919.0,919.0,1475.0,1475.0,1714.0,1831.0,1831.0,2446.0,2446.0,2570.0,2570.0,2657.0,2657.0,2709.0,2709.0,2754.0,2754.0,2765.0,2768.0,2768.0,1
3257.0,3253.0,3226.0,3204.0,3196.0,3196.0,3168.0,3147.0,3143.0,3143.0,3139.0,3139.0,3139.0,3139.0,3134.0,3131.0,3130.0,3130.0,3128.0,3128.0,4276.417688591601,5.232255667038276,0.4756596060943887,0.713489409141583,4375.830546265329,119.15273132664436,4276.893348197696,4374.165737643998,102.98030471943515,4900.48309178744,4.0431066518023036,128.90375325157933,4375.354886659235,946.8004459308806,4.518766257896693,4268.09364548495,426.66666666666663,302.9951690821256,5103.82757339279,4272.136752136752,98.46153846153845,97.74804905239688,4072.1218877740616,119.39056112969156,97.98587885544407,4.280936454849498,4375.117056856187,4371.3117800074315,4797.264957264957,102.74247491638795,4147.751765143069,323.9241917502787,98.22370865849126,4179.620958751393,226.8896321070234,4028.3612040133776,302.5195094760312,103.45596432552954,195.73392790784095,4148.227424749163,4699.041248606466,4072.835377183203,4678.112225938313,1151.8097361575622,174.56707543664064,298.7142326272761,21.166852471200297,75.39204756596061,119.86622073578594,103.69379412857673,200.25269416573764,200.49052396878483,1151.334076551468,107.02341137123746,3849.751021924935,118.67707172054997,226.6518023039762,200.9661835748792,4271.898922333705,4451.2225938312895,0.9513192121887774,5299.799331103679,4147.989594946116,302.7573392790784,204.05797101449275,4153.221850613155,4251.445559271646,3726.0795243403936,4148.703084355258,3.8052768487551094,4375.592716462282,4749.9368264585655,4578.699368264585,4277.36900780379,227.1274619100706,4576.558900037161,4148.465254552211,4503.782980304719,307.75176514306946,4148.9409141583055,4250.494240059457,4252.396878483834,299.1898922333705,25.2099591230026,118.91490152359717,107.26124117428465,124.14715719063544,226.41397250092902,4276.179858788554,525.3660349312523,4503.0694908955775,5219.412857673727,119.62839093273875,427.142326272761,307.2761055369751,422.14790040876994,9.27536231884058,848.8145670754366,4374.879227053139,204.77146042363432,14669.703823399532,14325.065252308461,14293.835260323665,13687.096570453177,13411.872496737758,13280.90999746682,12957.76025151607,12951.911745874273,12933.227151890473,12909.15136212899,12891.650259209826,12836.881741850644,12789.462567791117,12772.527884318766,12656.401735936404,12588.068237043526,12561.002539308543,12449.930066941606,12396.895252632383,12318.392044127022,12300.983864834336,12281.693399716518,12263.483543640781,12237.476712698877,12165.195209114636,12142.49435980169,12116.213793155797,12050.86993426429,12047.67774027925,12031.744417340084,12020.045866794499,11986.620764072451,11976.065753347333,11971.391833759513,11932.491155352207,11925.614247139647,11894.409223526363,11883.936507095847,11883.879057691454,11866.688916790377,11862.200761611177,11806.941055031419,11785.77706263539,11768.318570058926,11755.720045843858,11747.027870106118,11714.481667183109,11708.890953400374,11611.366333349797,11611.30850072741,11601.095544945458,11597.195338266169,11581.42689134618,11580.069933635643,11568.901248653327,11542.360762254324,11542.191841236034,11539.372651984657,11520.78631453811,11477.521425714713,11465.196602970544,11460.224818154931,11457.046956995777,11396.903739899088,11380.332181556298,11359.970588083499,11333.056593283642,11312.085271284002,11310.007311414915,11291.270455788761,11289.466026314081,11277.22899162883,11262.217065713334,11251.724461908409,11244.995605125272,11240.662905753796,11238.562946346832,11225.965045023628,11221.7821623278,11219.733042101801,11201.99374387351,11193.443065353596,11126.543645456035,11123.81112111023,11120.876389759946,11069.36392972998,11058.252778376267,11045.31645240416,11039.818224834211,11032.210841594731,11030.356337592424,11014.12337593252,11013.476076620651,11000.227460611863,10999.354754818085,10987.277281150677,10979.247230803732,10972.894883523966,10945.687937335066,10942.778027292796,1174.0,1348.0,1875.0,1949.0,1949.0,2423.0,2489.0,2516.0,2516.0,2539.0,2539.0,2545.0,2595.0,2604.0,2604.0,2644.0,2684.0,2684.0,2701.0,2746.0,1
3350.0,3313.0,3308.0,3302.0,3269.0,3253.0,3240.0,3236.0,3222.0,3201.0,3196.0,3187.0,3179.0,3173.0,3168.0,3167.0,3166.0,3156.0,3152.0,3148.0,18.106838016687448,0.30689555960487197,18.41373357629232,14.424091301428982,28.848182602857964,28.541287043253092,10.434449026565646,10.741344586170518,14.11719574182411,32.53092931811643,3.682746715258464,14.730986861033855,36.213676033374895,46.95502061954541,46.64812505994054,3.9896422748633356,7.365493430516928,17.799942457082576,4179.303730699146,65.06185863623286,36.52057159297976,32.22403375851156,32.8378248777213,64.75496307662799,3.3758511556535917,4.296537834468207,29.155078162462836,7.672388990121799,4193.420926440971,4197.103673156229,35.90678047377002,4193.7278220005755,50.637767334803875,4225.951855759087,28.23439148364822,4207.845017742399,25.472331447204372,4226.258751318692,21.482689172341036,21.78958473194591,13.810300182219239,7.058597870912055,4244.365589335379,43.27227390428695,10.127553466960775,4229.941498033951,11.048240145775392,50.944662894408744,4197.4105687158335,4211.834660017263,46.341229500335665,4222.576004603434,22.096480291550783,65.36875419583772,61.379111920974395,18.72062913589719,4178.996835139542,47.26191617915028,4208.151913302005,4207.538122182795,4160.889997122854,42.96537834468207,15.037882420638727,0.6137911192097439,4183.600268533614,75.4963076627985,83.1686966529203,43.57916946389182,4211.527764457658,82.86180109331544,39.28263162942361,79.48594993766184,79.17905437805697,61.07221636136952,4258.789680636808,4179.610626258751,57.38946964611106,50.330871775199,4183.29337297401,4164.879639397717,93.60314567948595,75.18941210319363,24.551644768389757,4168.562386112976,33.14472043732617,4215.824302292126,4161.196892682459,4165.186534957323,21.175793612736165,4150.455548096288,4194.03471756018,54.320514050062336,4189.738179725712,4197.717464275439,54.01361849045747,4147.079696940635,79.79284549726671,51.25155845401362,25.1654358875995,4175.620983983888,40011.881477329516,37203.4181791204,37112.30401858379,36903.34954760586,36866.128833263785,36122.711998620805,35658.99840337387,35472.602263474015,34939.27649925435,34899.88398187688,34896.11018089613,34895.635518668256,34892.28738690416,34734.4903439552,34556.62968956054,34440.61302822188,34266.71802810644,34017.027532262546,34010.146349243754,33563.27067028407,32744.051877255693,32494.159160454106,32465.12811427007,32393.575082968506,32300.64368028685,32196.628510903112,31616.52808375537,31584.27566508055,31113.576489117302,31108.254916814796,31056.866166736057,30755.39790696806,30622.660033550084,30546.637242856923,30413.83011294492,30121.948951064423,30056.691400909614,29938.90946241566,29716.012104396425,29648.490363424844,29503.29142458312,29349.316093816407,29291.775185246974,29280.81055774733,29226.480072454637,29204.48354779528,28881.11740811099,28860.2632609771,28739.39424159479,28576.21668452556,28537.029733167525,28200.882942944867,28182.204175696257,28136.622283917943,28001.744353801943,27989.98678253869,27984.934813895452,27876.687262748892,27613.920690940424,27587.425106414546,27573.540129617686,27416.698249806937,27158.14479912885,27151.768988960797,27143.19136254353,27128.37706624927,27074.16396486986,26991.40522798923,26981.059319785963,26862.555251588685,26857.506319404874,26845.829266439312,26828.678321602234,26800.9906413799,26783.293264306638,26769.633213993013,26703.20756198472,26676.8927351551,26658.36773000397,26579.04281864044,26561.267770194198,26531.842773760614,26531.508687442656,26501.341951498296,26373.23398369921,26335.980055124157,26318.088989895685,26297.480435990117,26253.2593293868,26098.13425798448,26040.349887840715,25987.695036141355,25977.145197628728,25922.78768727889,25909.52613474916,25810.29355758258,25796.531147530335,25774.93152100812,25722.544930566943,25697.978252083176,779.0,833.0,913.0,941.0,952.0,1172.0,1303.0,1558.0,1613.0,1641.0,1659.0,1696.0,1786.0,1859.0,1890.0,2144.0,2155.0,2179.0,2344.0,2361.0,2
3356.0,3356.0,3287.0,3287.0,3285.0,3285.0,3276.0,3272.0,3272.0,3244.0,3233.0,3231.0,3222.0,3189.0,3189.0,3174.0,3174.0,3171.0,3164.0,3164.0,0.28173354169876524,25.074285211190105,25.356018752888872,24.792551669491342,5.35293729227654,2.253868333590122,20.003081460612332,30.14548896176788,1.9721347918913568,19.721347918913565,4.789470208879009,3.0990689586864177,30.427222503466645,22.53868333590122,21.97521625250369,27.046420003081465,5.071203750577775,3.380802500385183,27.32815354478023,22.256949794202455,20.2848150023111,2.8173354169876523,50.43030396407898,50.14857042238021,5.634670833975305,23.10215041929875,21.693482710804926,28.173354169876525,2.5356018752888874,46.76776792199503,24.510818127792575,44.795633130103674,45.07736667180244,29.863755420069115,47.049501463693794,19.439614377214802,22.820416877599985,48.176435630488854,26.7646864613827,27.609887086478995,21.41174916910616,49.86683688068145,28.45508771157529,420.90991129795526,27.89162062817776,375.8325446261528,23.383883960997515,426.26284859023184,400.6250962956442,3.662536042083948,55.21977417295799,48.458169172187624,51.55723813087404,49.585103338982684,400.90682983734297,51.838971672572804,451.05540025972317,54.93804063125922,425.98111504853307,3976.9506746197703,4377.8575044571135,420.6281777562565,4.507736667180244,4372.504567164837,450.7736667180244,75.22285563357032,25.63775229458764,851.6804965553673,30.70895604516541,4377.575770915414,26.48295291968393,3976.6689410780714,76.63152334206414,1.6904012501925916,16.904012501925916,4372.786300706535,52.12070521427157,73.25072084167897,52.6841722976691,425.6993815068343,4397.578852376027,52.40243875597034,376.1142781678516,53.5293729227654,47.89470208879009,4124.5790504699235,445.7024629674466,425.41764796513553,44.51389958840491,0.5634670833975305,19.157880835516035,49.30336979728392,75.50458917526909,4352.501485704224,47.331235005392564,4124.860784011622,46.48603438029627,405.9780335879207,73.53245438337773,53.81110646446416,47125.29513927562,46809.18652112004,41609.99791727709,41342.32213588869,40904.75739307512,39932.51346091156,38441.14737520604,38236.40473519676,37188.500728904444,36977.6852445998,36792.02348874162,36077.45381961815,35706.69252398007,35664.7571430766,35302.38185247019,35301.35989531618,35171.755301684614,35170.979320884966,35039.05710732661,34786.93592652172,34472.88579534912,34139.38325560981,34055.61777724747,33911.59865622737,33897.15717791943,33862.60317387815,33755.85573904125,33492.39483029602,33333.248842668916,33237.956756706975,33230.28998470976,33054.826471887834,33004.43050740281,32605.14744180273,32277.426678933847,32261.429764545683,32039.63117676832,31644.353453215426,31631.889471201168,31414.56069319342,31302.465950176153,30889.03342597671,30875.34700805334,30591.235205664005,30492.837134870617,30449.44212589233,30308.1725537183,29990.783638628243,29832.239576845146,29738.92391950305,29720.673063054437,29399.16209204859,29337.637530155127,29203.593157707175,29082.81147744628,29001.721268286015,28899.295401441344,28761.023024606537,28473.03843173848,28337.176040459704,28300.276199466945,28234.254946765097,28197.91921199216,28190.02949732725,28188.97592341889,28090.058351304517,28011.35922768962,27885.456765950155,27698.66386346332,27674.05122677827,27668.901321772064,27654.994792746144,27547.79712524506,27531.187949102397,27504.75382431786,27495.34467996017,27463.10191139797,27287.08421780291,27157.31575400046,26933.645343397195,26808.557849291465,26755.403619907207,26667.42788427486,26650.102491556645,26475.45605443653,26465.531075507617,26444.165498346912,26388.85958150391,26375.168900599787,26363.050979820906,26275.422752599166,26186.663088569323,26161.870655736373,26138.058311917543,26115.904374821614,26095.67243174974,26067.32538099065,25986.185354012658,25936.46664806007,25902.717766624304,815.0,815.0,978.0,978.0,1163.0,1163.0,1179.0,1230.0,1230.0,1323.0,1394.0,1625.0,1950.0,1958.0,1958.0,2062.0,2074.0,2170.0,2196.0,2196.0,2
3340.0,3307.0,3307.0,3215.0,3215.0,3210.0,3203.0,3199.0,3198.0,3197.0,3196.0,3186.0,3186.0,3172.0,3172.0,3165.0,3162.0,3160.0,3160.0,3156.0,0.3820325324578421,101.23862110132815,22.15788688255484,21.775854350097,123.77854051634084,26.360244739591103,101.62065363378599,71.8221161020743,251.75943888971793,4.2023578570362625,150.5208177883898,26.742277272048945,124.16057304879868,179.9373227876436,123.396507983883,51.95642441426652,252.14147142217578,127.9808983733771,78.69870168631547,180.31935532010147,29.79853753171168,22.539919415012683,98.18236084166541,48.900164154603786,48.518131622145944,75.2604088941949,150.13878525593194,25.97821220713326,4.584390389494105,43.93374123265184,273.91732577227276,53.48455454409789,247.17504850022382,25.59617967467542,49.28219668706163,303.71586330398446,53.10252201164005,247.55708103268168,202.4772422026563,4182.492165348455,225.39919415012682,145.55439486643783,79.08073421877332,3.8203253245784206,128.36293090583493,127.59886584091926,145.93642739889566,52.338456946724364,22.921951947470525,56.15878227130278,102.00268616624383,3.4382927921205786,202.09520967019847,71.44008356961646,225.017161617669,97.41829577674973,100.85658856887031,78.31666915385763,274.2993583047306,97.80032830920757,325.87375018653927,75.64244142665274,27.124309804506787,48.1360990896881,304.0978958364423,79.46276675123116,93.98000298462915,300.6596030443217,74.11431129682137,47.75406655723026,4186.312490673034,74.87837636173705,4208.852410088046,176.1169974630652,150.90285032084762,98.56439337412326,172.67870467094463,199.80301447545142,176.88106252798087,177.26309506043873,105.05894642590657,56.540814803760625,278.50171616176686,375.9200119385166,72.20414863453215,199.42098194299356,76.02447395911058,322.43545739441873,70.29398597224294,172.29667213848677,44.31577376510968,171.91463960602894,4.966422921951947,229.6015520071631,4204.268019698552,18.33756155797642,153.57707804805253,51.57439188180868,4257.75257424265,70.67601850470078,28537.39652799052,25946.46718921876,25461.214525637097,25031.20659378203,24810.654475796407,24532.002447275034,24253.4068190309,24161.764780205925,23174.694841655266,23069.567817712108,23045.425638167235,23026.796545004603,22814.5677986926,22633.23845959916,22533.885893899584,22480.966015240017,22308.074418597807,22255.915258227255,22246.891157535392,22173.10085826016,21957.420105893296,21749.835005681995,21611.54888542167,21427.50357719415,21421.462034830347,21406.035621846415,21317.434898686282,21282.424592429572,21059.936364929414,21039.02262891516,21024.493546681115,20929.11816091003,20901.87331565311,20884.807322355537,20875.254733402613,20862.097301066657,20825.435998538043,20790.788773004868,20620.99883276286,20591.435619590007,20542.271396539785,20463.622251098463,20460.26431963028,20459.09489454342,20390.861954086933,20372.440888155874,20331.743304604177,20291.182414644027,20278.54450492197,20234.25908213741,20190.6937036413,20104.804703785157,20077.575106598277,20061.478811438945,20050.031345599007,20039.736994117793,19852.787908889495,19821.805166664,19808.644037946993,19800.96009691243,19697.72539737622,19629.175028755544,19629.012892737635,19612.5431439877,19607.960157128742,19564.36916975371,19499.097383835273,19461.666037046267,19444.777616217776,19427.647777680846,19410.049671944857,19380.659490926908,19318.465529373047,19232.70368158492,19148.189128444377,19084.63436858885,19073.08706297232,19001.219916298916,18815.741328144166,18768.79519477601,18731.207111450218,18689.096962983363,18641.604349233094,18591.270856114792,18591.2613921669,18553.326288500983,18507.878985571922,18481.139951406363,18419.93534577449,18404.963414390262,18347.784281769855,18273.890813597103,18223.90501228723,18181.70669726831,18131.182591874658,18102.79347694209,18055.479479777357,18042.464626642064,18034.030431593506,18032.758957248894,819.0,819.0,829.0,1291.0,1343.0,1343.0,1810.0,1810.0,1863.0,1863.0,1883.0,2181.0,2247.0,2247.0,2288.0,2288.0,2327.0,2428.0,2428.0,2429.0,2
3319.0,3291.0,3291.0,3255.0,3227.0,3223.0,3223.0,3213.0,3205.0,3196.0,3178.0,3178.0,3175.0,3175.0,3173.0,3163.0,3162.0,3156.0,3156.0,3152.0,0.32954018845579525,24.38597394572885,21.749652438082485,177.29262138921786,176.96308120076205,4.943102826836928,21.42011224962669,5.6021832037485195,24.715514134184644,251.43916379177176,4228.000617887853,5.272643015292724,4232.94372071469,202.00813552340247,19.44287111889192,251.76870398022757,26.692755264919416,271.2115750991195,226.39410946913134,23.397353380361462,74.47608259100973,252.09824416868335,25.04505432264044,246.16652077647905,4233.2732609031455,21.090572061170896,247.81422171875803,45.80608619535554,4056.3101797023837,222.4396272076618,497.93522475670665,3981.834097111374,4927.614437979506,245.83698058802327,22.07919262653828,4252.386591833582,15.817929045878172,4253.045672210494,29.329076772565777,272.85927604139846,19.113330930436124,226.06456928067553,24.05643375727305,4206.580505638226,222.76916739611758,4257.000154471963,276.813758302868,4211.194068276607,74.80562277946552,16.14746923433397,202.33767571185828,200.3604345811235,4051.037536687091,4010.833633695484,196.40595231965398,201.6785953349467,674.8983059574687,19.772411307347713,4.613562638381134,45.476546006899746,40.86298336851861,473.219710622522,227.05318984604293,3.624942073013748,497.6056845682508,4233.602801091602,205.96261778487204,45.14700581844395,0.6590803769115905,200.6899747695793,276.4842181144122,177.62216157767364,25.374594511096234,699.6138200916533,270.8820349106637,226.72364965758712,29.658616961021572,296.25662942175995,206.62169816178363,4050.707996498635,502.8783275835435,448.1746562998815,4206.910045826682,3985.129498995932,248.14376190721381,27.02229545337521,3783.450903660985,680.1709489727614,267.58663302610574,230.34859173060087,4249.091189949024,1.6477009422789761,4227.671077699397,28.669996395654188,4055.980639513928,4211.523608465063,274.83651717213326,251.10962360331598,5098.97533597652,1.9772411307347715,28975.37634152049,22953.81407841847,22774.61745451205,22649.35295007492,22510.818253328718,22459.150098772472,22043.745682312558,22019.39676265531,21755.86192786907,21330.40137896231,21081.667456201816,21028.01764075231,20787.625729251544,20781.21528169437,20773.25275339961,20459.653245224006,20002.215402422746,19954.98812022659,19929.12619817585,19737.124321061416,19645.805641569445,19539.269792055107,19517.165659701714,19492.73644303668,19420.940088767446,19371.428262029538,19345.277611728307,19332.92095445683,19294.795857512505,19235.157055261196,19072.11397544302,18884.1874127332,18869.4809217352,18841.800006874608,18834.90336176566,18809.863464643055,18689.474628037442,18663.393839591947,18604.28185371197,18588.78641114385,18545.317086928673,18531.905435469056,18431.0296697049,18416.575345460762,18403.836485094074,18392.145591835826,18344.92953545104,18334.626474494627,18316.351164260417,18258.708341873393,18254.99965117098,18226.167787817885,18193.281027540357,18184.304418497082,18141.607043691038,18140.872873244993,18080.366765588853,18055.2160803841,17964.438678785456,17944.453003190178,17877.424903286592,17874.544341872057,17827.771679169262,17797.488281076796,17785.847001015543,17724.696333875974,17698.051366604792,17674.60931857808,17646.0828855063,17645.256115381348,17590.938682167875,17583.91199305862,17537.627193494827,17527.015618276644,17518.500415287683,17509.523670630424,17506.098691846815,17503.30264817018,17474.375760583225,17452.667307889067,17439.652486699055,17432.390755054996,17428.688067665844,17404.58114591165,17400.960032241204,17355.718562230722,17350.700141531343,17344.171826146936,17337.79278144107,17314.34765112731,17245.789109718135,17216.907879401388,17169.011728720354,17168.354700742017,17167.74316756921,17146.762498944157,17133.83825404053,17116.29358303334,17101.374478928043,17086.667293839706,821.0,821.0,1015.0,1378.0,1631.0,1631.0,1794.0,2018.0,2036.0,2036.0,2075.0,2092.0,2115.0,2140.0,2227.0,2227.0,2314.0,2434.0,2434.0,2469.0,2
3231.0,3231.0,3231.0,3231.0,3204.0,3204.0,3198.0,3179.0,3179.0,3156.0,3152.0,3152.0,3149.0,3145.0,3145.0,3144.0,3143.0,3143.0,3143.0,3141.0,0.3314344899016054,26.51475919212843,27.177628171931644,26.846193682030037,26.183324702226827,0.6628689798032108,4051.1237700673228,4077.6385292594514,222.39254272397721,27.509062661833248,4947.985499741067,4050.792335577421,4.640082858622476,4299.699637493527,4476.685655100984,4948.316934230968,25.85189021232522,22.537545313309167,4299.0367685137235,4298.705334023822,5.302951838425686,195.5463490419472,4925.779388917659,0.9943034697048162,4449.508026929053,222.06110823407562,4273.184878301398,4295.722423614708,4045.820818228897,4077.9699637493527,4449.839461418954,4073.3298808907302,4077.3070947695496,4072.004142931124,4325.882962195754,4.971517348524081,53.36095287415847,4072.3355774210254,5.634386328327292,223.05541170378044,902.4961160020715,226.0383221128949,4926.7736923873645,53.692387364060075,4327.20870015536,4899.927498705334,4502.868979803211,248.90730191610567,222.72397721387884,250.23303987571208,4076.975660279648,196.2092180217504,5351.672708441222,902.1646815121699,253.54738477472813,4273.847747281202,4268.876229932677,21.211807353702746,199.19212843086484,4299.368203003625,4045.4893837389955,249.90160538581048,4952.957017089591,154.4484722941481,4322.237182806836,4272.522009321595,4300.031071983429,180.96323148627656,226.36975660279649,4273.5163127913,172.67736923873642,22.868979803210774,195.8777835318488,4104.484722941481,4325.551527705852,4921.139306059037,21.543241843604353,4072.667011910927,848.1408596582082,625.748316934231,4503.200414293113,203.5007767995857,4071.6727084412223,4952.62558259969,195.21491455204557,4353.060590367685,4899.596064215432,4023.6147074054898,249.57017089590886,4295.390989124806,223.38684619368203,5324.495080269291,227.3640600725013,248.57586742620404,21.874676333505956,4730.233039875712,22.206110823407563,4254.293112377007,901.8332470222683,4050.129466597618,30662.45340349483,23272.263281854946,23162.861354570556,22591.916571732152,21976.514697628336,21723.74659523916,21451.357591241525,21006.75792362005,20243.73076755621,19927.73108455692,19884.135495782724,19818.46833424326,19594.41294151336,19448.901576257955,19257.501527114207,19253.907753178974,19179.851889803947,19118.986457644114,19112.09922409585,19107.160507090768,18949.584369353837,18854.43596302855,18795.175216220112,18722.54790585498,18621.378840656962,18559.245607533703,18517.60086246468,18473.043385893114,18296.868850810883,18221.541836374032,18190.459426327856,18187.74997078256,18165.248090757766,18094.43779384538,17998.915696673244,17975.099988503578,17959.75322310064,17955.876301518118,17946.024846472854,17938.346764812388,17839.48889112808,17838.618538416642,17825.186673871904,17803.863063939883,17765.413162036464,17606.24673011424,17551.41062870651,17549.84750760442,17536.99399909614,17534.796536562968,17422.172597841207,17420.845090165058,17358.84632121071,17349.51657022476,17283.765434813984,17253.37362838829,17211.926625287837,17173.030969695992,17071.47299947197,17069.22691900036,17044.992052239882,17003.03798949303,16968.5372980994,16961.487658807288,16952.716464314763,16939.064097323855,16911.79428575354,16908.087591526393,16905.95185845472,16905.841753220488,16905.153861204522,16901.850501112862,16884.38225841421,16877.110240889004,16862.116689143175,16850.660655931664,16823.858196142955,16768.418140322294,16766.913623383833,16764.83651581467,16753.95170765998,16733.973670124964,16726.266868260525,16725.705668324885,16663.898204112716,16651.556344637986,16645.156690978278,16619.132363196863,16600.910242564063,16569.530519481053,16567.764496259613,16526.934416985605,16525.34193033492,16495.73465840289,16484.97736405912,16482.01651969989,16459.52272340336,16455.579114127533,16428.500928032496,16426.687683907767,1003.0,1057.0,1057.0,1385.0,1385.0,1414.0,1414.0,2112.0,2240.0,2240.0,2389.0,2389.0,2399.0,2399.0,2532.0,2553.0,2563.0,2563.0,2595.0,2595.0,2
3329.0,3313.0,3303.0,3299.0,3241.0,3231.0,3219.0,3195.0,3185.0,3184.0,3174.0,3173.0,3172.0,3171.0,3171.0,3157.0,3152.0,3148.0,3148.0,3142.0,4.610120655501531,4.994297376793325,13.830361966504592,18.824659343297917,9.604418032294856,0.3841767212917942,23.81895672009124,18.440482622006122,23.434779998799446,14.598715409088179,9.98859475358665,19.20883606458971,28.429077375592772,14.214538687796386,4.225943934209736,5.3784740980851184,9.220241311003061,8.836064589711267,23.05060327750765,27.660723933009184,13.446185245212797,28.813254096884563,28.044900654300978,3.841767212917942,18.056305900714328,32.65502130980251,33.423374752386096,37.649318686595834,0.7683534425835884,14.982892130379973,33.0391980310943,37.26514196530404,10.372771474878443,42.25943934209736,19.593012785881506,46.86955999759889,38.03349540788763,8.451887868419472,5.762650819376913,13.062008523921003,32.27084458851071,24.203133441383034,42.64361606338915,1.1525301638753827,47.253736718890686,22.666426556215857,36.880965244012245,38.41767212917942,41.875262620805564,29.197430818176358,47.63791344018248,46.4853832763071,234.73197670928624,31.886667867218918,33.80755147367789,15.367068851671768,229.73767933249292,211.29719671048682,3.457590491626148,43.02779278468095,19.9771895071733,41.49108589951377,224.74338195569962,27.27654721171739,220.51743802148988,215.90731736598835,206.68707605498528,52.24803409568401,216.29149408728014,192.4725373671889,192.8567140884807,210.91301998919502,205.9187226124017,24.58731016267483,8.067711147127678,220.90161474278167,202.07695539948375,225.5117353982832,220.1332613001981,206.3028993336935,235.11615343057804,22.282249834924063,225.1275586769914,187.47823999039556,253.55663605258417,51.86385737439222,230.1218560537847,17.672129179422534,192.0883606458971,187.86241671168736,51.479680653100424,239.72627408607957,197.08265802269042,201.69277867819196,197.46683474398222,201.30860195690016,215.52314064469655,211.6813734317786,56.47397802989375,57.24233147247734,27181.463331315037,26825.214282734596,26232.18137632689,25959.299022153802,25875.681988008626,25853.973509866963,25824.0135322277,25299.82839588684,25203.600271152707,24953.652015707517,24703.419556671513,24658.986482844884,24514.94149019158,24487.84862516722,24476.801976714374,24268.209377931005,24164.560293996903,23933.830984811982,23595.968728396623,23475.283151788848,23443.10489889707,23355.3296025079,23268.436608985296,23187.48885378492,22996.883528145492,22961.733317033897,22542.931104023603,22488.368716592093,22463.93260213433,22444.516271682223,22427.84454233992,22301.74861164249,22139.45654833805,22128.11144168442,21809.38904098316,21364.002299507054,21337.653706972484,21243.016782933202,21181.194910940798,21103.53533246193,21101.19641034169,20799.189498182644,20796.86397330887,20622.675502420796,20499.72157098902,20299.522200865238,19987.52314069945,19810.54238954672,19762.585071180532,19408.01128016208,19322.284421410986,19307.57092613632,19097.390417686656,19027.504141605303,19011.68684356268,18972.08600849449,18942.21740244348,18859.894578706568,18758.420720784452,18725.34020558966,18683.694853002584,18643.6776551935,18605.47405602372,18598.894203752487,18461.921788240685,18408.788777155707,18357.09526063865,18300.950327889623,18281.203915161914,18196.505341016837,18181.265374602724,18163.68777872857,18153.048541539283,18136.029389645668,18094.359640985447,18054.093346993937,18046.80047479772,17950.182902242723,17864.512631636615,17859.146793266133,17707.989927276278,17705.606127313386,17643.842681198563,17637.600469405257,17625.427050001264,17622.942125329035,17616.009891966503,17581.73360072693,17524.33637836751,17514.15132787182,17492.004421287664,17454.243323951618,17445.6297144071,17438.885838286726,17403.77402573806,17390.660228636705,17341.17328456296,17304.645325835656,17283.092918740735,17278.772929699702,821.0,963.0,1310.0,1325.0,1567.0,1655.0,1981.0,2024.0,2074.0,2096.0,2154.0,2215.0,2237.0,2266.0,2286.0,2295.0,2370.0,2469.0,2501.0,2506.0,2
3255.0,3255.0,3230.0,3229.0,3184.0,3144.0,3141.0,3140.0,3140.0,3138.0,3138.0,3134.0,3134.0,3129.0,3123.0,3122.0,3122.0,3121.0,3120.0,3116.0,4247.95786106285,0.35299633214748627,4424.456027136593,4248.310857394998,4271.608615316732,23.65075425388158,4051.3389040567,76.953200408152,4324.205068806707,4150.530873390144,75.89421141170955,76.60020407600452,4247.6048647307025,0.7059926642949725,4499.644245884007,22.94476158958661,4500.3502385483025,76.24720774385703,4424.103030804446,4676.4954082898985,4305.49626320289,99.54496566559112,4227.484073798296,100.60395466203359,153.20040815200903,4324.5580651388545,100.2509583298861,75.54121507956206,4126.527122804115,4150.883869722291,4051.6919003888474,373.823115744188,4271.961611648879,24.003750586029067,4126.880119136262,4172.063649651141,120.72474559444031,4600.954193210336,121.07774192658779,4400.8052728827115,4171.004660654698,4.235955985769835,80.83616006177435,99.19196933344364,4127.939108132705,4323.8520724745595,4329.500013788919,297.22291166818343,4268.078651995256,4027.6881498028183,4347.502826728441,4271.255618984584,4424.809023468741,20.120790932406717,4419.161082154381,95.66200601196878,4203.480323212267,77.3061967402995,4253.252806045062,4325.26405780315,4644.372742064477,4425.162019800888,24.35674691817655,4303.025288877858,23.297757921734092,1.411985328589945,4046.0439590744877,4722.0319351369235,4448.106781390475,152.84741181986155,4.588952317917322,99.89796199773862,273.57215741430184,4226.778081134001,175.79217340944817,197.32494967044482,4601.307189542484,4273.373596977469,176.49816607374314,18.70880560381677,4202.774330547972,4227.837070130443,1.7649816607374313,196.97195333829734,19.061801935964258,177.5571550701856,4523.647996470037,4303.731281542153,4645.078734728771,4147.000910068668,4676.1424119577505,4027.335153470671,4280.080527288271,449.7173271558975,4581.186398610077,4404.688232536334,4501.056231212598,4581.539394942224,4524.000992802184,4524.353989134332,13735.197357325274,13167.182484282463,12618.363327425675,12236.966095970196,11510.057955239135,11409.08319499848,11175.435684242064,11128.09750224019,11095.982973166772,10962.825899989884,10747.26867229674,10588.30134684534,10442.518955791173,10295.814629550578,10175.887621029533,10159.68419855454,10145.60678071553,10104.474197695892,10104.402730910964,10063.11526382674,10058.746350418563,10054.22945212733,10040.132136369062,9992.100391647162,9937.299111898283,9927.820270596178,9916.04003250485,9907.745412666676,9905.612306746123,9886.857504835602,9879.19017746541,9867.853269998399,9823.46749636661,9774.915433171336,9752.486780029945,9746.174969463364,9742.622282678847,9678.135048687682,9607.557761546821,9576.01967079782,9570.583582784966,9562.389013860158,9541.414231386983,9534.785291490785,9525.45461536365,9501.96059077125,9434.574842567215,9429.423897652709,9368.602080387802,9340.875736753485,9338.59794692844,9338.19948515987,9308.203569782369,9283.157475922253,9279.264503197604,9249.819980237986,9243.006711627011,9233.89115542785,9228.011095598607,9209.160204457006,9173.56500326334,9139.191941707795,9130.361478389394,9110.83720118834,9068.399578480814,9058.996321132556,9025.329630950144,9012.142485245868,9002.544111300265,8999.473289776724,8995.346973269485,8990.337638970532,8954.200856518952,8939.474172610222,8934.000031398276,8930.302318928218,8904.710089736343,8895.293367329998,8855.493841257607,8853.134286176739,8849.23145204575,8848.470223245507,8820.843891061773,8815.690525737371,8814.41848562071,8808.682086489458,8806.75794408679,8805.435889555674,8778.185466237363,8758.957890689348,8750.397487099166,8723.899748873193,8714.739949868812,8698.068937730446,8695.517102245458,8682.432745530346,8677.682525958833,8677.006790713884,8667.354524497734,8639.687057277883,2129.0,2129.0,2356.0,2356.0,2380.0,2443.0,2449.0,2449.0,2509.0,2599.0,2637.0,2710.0,2710.0,2721.0,2742.0,2773.0,2785.0,2785.0,2813.0,2813.0,3
3262.0,3141.0,3138.0,3138.0,3129.0,3129.0,3127.0,3125.0,3125.0,3125.0,3124.0,3124.0,3124.0,3123.0,3123.0,3123.0,3123.0,3123.0,3121.0,3120.0,4172.151898734178,4255.354088265481,4200.615805679097,4198.426274375642,4200.250883795188,4227.620025088379,4223.240962481469,4248.785494355115,4222.511118713651,4150.6215075835335,4198.791196259551,4277.614323183943,4025.818223286578,4248.420572471206,4175.071273805451,4348.044246778424,4405.701904436082,4023.6286919831227,4299.509636218497,4173.246664385905,4448.397764853461,4651.29433230699,4206.454555821645,4278.344166951762,4806.386132968411,4350.23377808188,4179.085414528453,4074.717755730414,4452.411905576463,4270.315885505759,4524.3015167065805,4100.992131371879,4100.26228760406,4142.958148021439,4146.607366860531,3770.007982666211,4473.5773748431975,4200.980727563006,4249.150416239024,4334.177215189874,4283.8179952104,4481.97057817311,4146.242444976622,4423.2181548637245,4447.302999201734,4474.307218611017,4249.515338122933,4193.682289884821,4476.496749914471,98.16398677158172,4371.034325464705,4672.824723457635,4124.347131942069,4220.321587410195,4250.97502565857,55.83304823811153,4355.7076063405175,4441.099327175277,4199.15611814346,4243.676587980385,4051.3627551602235,4273.965104344851,4498.027141065116,99.98859619112784,4095.8832249971492,4216.672368571103,23.71992245409967,4265.936822898849,4172.516820618087,4679.028395484092,4426.5024518189075,225.5217242559015,4425.772608051089,4217.037290455012,4251.339947542479,4397.673622990079,4233.093853347018,4446.9380773178245,4307.902839548409,4523.206751054852,4256.083932033299,3997.3543163416584,4331.2578401186,4441.829170943095,4398.403466757897,4575.390580453872,4228.349868856199,4299.874558102407,4080.921427756871,3992.9752537347476,4349.868856197971,4277.979245067853,4326.878777511689,3871.4562663929755,4356.802371992246,4396.578857338352,4329.0683088151445,4151.351351351352,4366.290340973886,4125.076975709887,8595.865879796509,8527.347360791611,8343.277841887188,8238.813484435468,8075.326628217521,8060.726487706325,8043.650732111625,7977.4961040859425,7944.242113071571,7935.298720727331,7717.4806060084165,7606.192105720133,7461.125583718895,7378.550026495716,7245.9744188609475,7229.284038221765,7182.176511503224,7137.609590293099,7099.44135014391,7091.3498671104035,7024.384955106868,6944.831232908172,6935.721043712443,6818.9412921113335,6797.7868574389795,6796.6969249857575,6775.534139628139,6734.899994855871,6733.0349121558675,6706.69405527616,6677.606964584609,6673.3080429255215,6647.064019977959,6582.842365620848,6548.589614565686,6546.683832709889,6532.579060119521,6529.91449544078,6492.885995239643,6481.725662478567,6462.018457895941,6446.827130792938,6424.869519907414,6408.793201694922,6405.009991979396,6393.571321221707,6323.947737797178,6315.5010503978,6295.421123422791,6273.567446077943,6262.466754662935,6249.923348032606,6238.153519388173,6234.2407779959485,6218.163355751403,6204.10147295826,6181.736096341823,6141.402031698946,6137.850369158608,6122.609655740067,6072.078105160049,6051.647666424535,5983.866817853343,5968.449762476129,5955.140442343215,5928.064057410046,5901.441365597203,5899.995158268343,5899.269579941417,5887.247034174374,5878.9681051871685,5876.365135659971,5861.995619252006,5843.084064623098,5841.928201633045,5821.79080786986,5818.5969494414485,5788.594646104042,5783.791011910442,5772.983243236808,5770.950709165691,5752.068177269948,5750.871888039212,5707.006267093028,5705.6884616542175,5704.478536499358,5698.110782802049,5696.726459723207,5695.912305628415,5694.055933995395,5687.543152746311,5677.130074122668,5637.326982945793,5628.27520304361,5627.8666114348935,5607.045005773385,5604.302926827546,5601.860701563985,5581.339796944989,5575.240808476674,2006.0,2294.0,2662.0,2739.0,2763.0,2763.0,2833.0,2907.0,2910.0,2910.0,2914.0,2914.0,2915.0,2915.0,2931.0,2931.0,2937.0,2937.0,2938.0,2942.0,3
3293.0,3293.0,3246.0,3216.0,3216.0,3199.0,3199.0,3159.0,3159.0,3154.0,3154.0,3139.0,3135.0,3133.0,3133.0,3132.0,3132.0,3126.0,3126.0,3125.0,0.35892546688351745,26.56048454938029,4100.364533677303,27.278335483147327,4.666031069485727,4253.625708036565,26.919410016263807,4272.648757781391,4150.973024507879,4119.746508889013,4120.105434355897,26.201559082496775,4.30710560260221,31.226515618866017,19.381975211709943,24.04800628119567,50.96741629745948,19.023049744826427,4376.737143177612,23.689080814312153,4273.0076832482755,4073.4451236610394,3.948180135718692,4124.053614491616,19.74090067859346,4101.082384611071,4647.725870674668,4105.030564746789,4073.804049127923,50.24956536369244,4253.984633503449,0.7178509337670349,2.5124782681846223,4129.078571027985,4648.084796141551,28.35511188379788,4272.289832314508,46.30138522797375,4153.485502776064,4100.723459144187,4129.437496494868,2.8714037350681396,4273.366608715159,4653.468678144804,46.660310694857266,4653.10975267792,3977.6120240031405,4371.712186641243,4151.690875441646,375.4360383601593,4127.283943693567,4095.6985026078178,45.942459761090234,4276.238012450227,4124.412539958499,4148.460546239695,4475.800572037462,399.1251191744714,4248.95967696708,22.25337894677808,4146.306993438394,4050.114968313611,4105.389490213673,22.6123044136616,24.406931748079188,375.07711289327574,4675.004206157815,4425.909932140654,31.585441085749537,21.894453479894565,4652.750827211037,4426.268857607537,51.326341764343,4124.771465425382,4248.2418260333125,4246.0882732320115,4173.226403454657,4398.99052212439,348.87555381077897,399.4840446413549,4046.8846391116595,24.765857214962704,426.40345465761874,4253.266782569682,2.153552801301105,4178.61028545791,380.102069429645,375.79496382704275,5.0249565363692446,4626.190342661656,4376.378217710729,50.60849083057596,4172.867477987774,27.996186416914362,4403.297627726992,30.8675901519825,4675.363131624698,4096.057428074701,49.89063989680893,22.971229880545117,16526.85071314469,14941.876868499327,14224.774724197057,14203.592301849887,14085.115735185485,14050.244090744894,14005.358232177448,13804.582341089015,13780.282353555653,13772.662954500704,13551.737209657602,13506.006236818488,13502.696388749186,13180.272600489903,13107.454931570875,13099.285040367055,13088.28259660649,13070.062431018563,13067.333906048385,13049.403407752317,12871.119599012336,12867.1389307504,12729.50415546665,12665.103800390485,12596.988434296865,12520.575030092525,12456.136633959475,12435.970885472934,12343.417174942584,12319.98273470747,12308.702765272723,12303.743828213377,12289.000529281762,12185.367221016993,12172.013480923719,12171.127239308576,12170.855679514507,12164.166762584604,12117.644482466014,12028.65658676196,11995.587469620556,11971.611280711977,11958.169937435996,11951.433567986418,11939.16119917157,11934.689274478778,11918.861199611867,11893.735591776322,11875.658066627062,11854.081339520031,11847.346578984756,11826.662422941772,11796.499425904713,11769.265504492494,11768.251280503788,11717.080794461017,11685.244855418472,11653.394081824026,11647.281965988619,11626.466505934191,11621.328627562945,11615.193916452617,11600.484931614585,11576.824837477114,11539.942911602968,11536.4741058274,11491.886999190088,11487.340968776034,11476.93505046506,11424.788797959007,11400.718051448262,11346.414610404,11285.315739181582,11278.236665570865,11272.004944205182,11224.562689069833,11220.069263297168,11198.214570520771,11162.454551313862,11161.6164655284,11124.57267684613,11114.408084786932,11112.253130591756,11104.868407091137,11094.357055430599,11083.583248687784,11040.041011410147,11025.415652988066,11015.14585652612,10999.607759129225,10971.007821180046,10944.199087026294,10895.362555127738,10872.076148748487,10865.425603633024,10864.616358714635,10856.418174042368,10843.185745143388,10839.12464198296,10810.353146634186,1776.0,1776.0,2177.0,2266.0,2266.0,2425.0,2425.0,2428.0,2428.0,2481.0,2481.0,2481.0,2507.0,2507.0,2601.0,2669.0,2669.0,2717.0,2717.0,2729.0,3
3268.0,3228.0,3216.0,3214.0,3202.0,3173.0,3163.0,3163.0,3156.0,3156.0,3149.0,3141.0,3136.0,3136.0,3135.0,3135.0,3130.0,3124.0,3124.0,3124.0,4220.417173746922,4220.05490617836,4194.696176379022,24.634194662213794,4225.851187275352,4727.591769733677,24.271927093651826,4418.577533750318,18.475645996660347,4173.3223898338665,4429.8078283757395,4219.692638609798,4371.482749837262,4195.420711516146,4195.058443947584,4195.782979084708,4371.1204822687005,4177.307333088048,4407.70950669346,4650.066510061416,4175.8582628138,4242.877762997764,176.78657345824018,4595.001839639996,176.4243058896782,4569.643109840659,4176.220530382362,4230.922933235219,4407.347239124897,4425.460617552996,4201.941527750262,4454.442023037953,0.36226756856196757,18.837913565222312,4201.5792601817,4448.2834743724,6.1585486655534485,157.5863923244559,4625.432315399202,4200.492457476014,4374.380890385758,0.7245351371239351,4231.285200803781,4548.993858432626,4296.855630713498,176.06203832111623,4572.541250389155,4370.7582147001385,4231.647468372344,4212.809554807121,4418.93980131888,4437.41544731554,4382.350776894122,4250.485381937566,4224.402117001104,4594.6395720714345,11.592562193982962,4528.7068745931565,4250.123114369004,17.75111085953641,4207.013273710129,4072.9742733422013,5025.375711091614,4454.804290606515,4418.215266181756,4372.569552542948,4176.945065519486,4225.126652138228,4548.6315908640645,4570.005377409221,4213.534089944244,4213.1718223756825,18.11337842809838,4570.367644977783,4530.155944867404,158.31092746157984,4430.1700959443015,4625.07004783064,151.42784365890245,152.15237879602637,4575.801658506212,4421.113406730252,4454.079755469391,4472.555401466052,4194.33390881046,4417.852998613194,121.7219030368211,157.94865989301786,4646.806101944358,157.2241247558939,4249.036311663318,4422.5624770045,4522.548325927603,4752.950499533014,4378.003566071378,4623.983245124954,24.996462230775762,4073.3365409107632,4396.479212068039,4213.896357512806,11366.74157744239,11352.007970741373,11216.612071986168,10624.023072017195,10623.59395827284,10587.486791438672,10553.440750524605,10522.758995590746,10465.0437442761,10326.00365779567,10288.70127471867,10282.513655092276,10198.186021785741,10178.923399036665,10108.258471374691,9934.469883182426,9931.031613620351,9847.2259099802,9725.695822951518,9717.751496721326,9714.98357190203,9684.338582385144,9679.393177415848,9598.428369143357,9559.769340896873,9440.858405112896,9406.895982980059,9356.403663313778,9299.260730538046,9295.25098965593,9259.118400393125,9248.916030621669,9237.729351910799,9231.246554133959,9195.34567437404,9179.126007627794,9155.954846567125,9142.944669384053,9134.507943295543,9125.63258819392,9117.671713803142,9108.59689448294,9096.633592979984,9095.43849901712,9067.156568245882,9059.696746036918,9041.748864326393,9041.40768065867,8989.76680611148,8977.194939836003,8963.309669555041,8948.015514352324,8880.131545634604,8854.255650385723,8804.166065828533,8797.623392377649,8762.043411755276,8743.791302149926,8742.149674134958,8725.082791684155,8672.285623871738,8654.050455987423,8649.486180232032,8642.357741373946,8639.119652464611,8626.537412275547,8546.738193697884,8519.700378670868,8519.56474641776,8487.591962035629,8458.637782857573,8449.947950288626,8446.270849444616,8378.356481395618,8377.417384657314,8349.606204841184,8339.388167033474,8319.66497098311,8301.427775646196,8297.36122047621,8288.86958519672,8287.558176217133,8274.500853499094,8272.819397327276,8264.76246001538,8260.43237791842,8221.903430348748,8200.79261252336,8196.13144417404,8194.60620227558,8186.3593599450205,8174.287571870273,8097.881666990748,8096.948405297976,8096.1414638306,8095.300938875419,8073.876584323993,8057.186307391707,8044.416899745072,8039.577918913679,2036.0,2167.0,2178.0,2228.0,2410.0,2461.0,2461.0,2510.0,2546.0,2579.0,2626.0,2626.0,2721.0,2724.0,2739.0,2756.0,2783.0,2783.0,2783.0,2824.0,3
3241.0,3201.0,3189.0,3152.0,3146.0,3140.0,3139.0,3123.0,3122.0,3120.0,3120.0,3118.0,3112.0,3111.0,3111.0,3111.0,3111.0,3111.0,3110.0,3110.0,3855.1529102268987,4199.039789542913,4127.905294311082,3982.6899046366325,4201.565274580729,3958.6977967773755,4130.009865175928,4220.927326537323,4174.205853337718,4251.65406116409,4233.554751726405,4015.521210128247,3868.2012495889508,4123.696152581388,4231.029266688589,3793.699440973364,4121.170667543571,3965.432423544886,4240.710292666886,3820.217033870437,3908.609010194015,4225.557382439986,4015.942124301216,4146.004603748766,4257.967773758632,4201.14436040776,4242.814863531733,4033.1996053929624,4399.394935876356,3861.46662282144,4275.2252548503775,3965.011509371917,4396.44853666557,3999.9473857283783,4009.628411706675,3975.955277869122,3921.236435383097,4145.583689575797,3877.461361394278,4346.35975008221,4153.581058862216,4233.975665899375,4002.0519565932254,4162.841170667543,4255.863202893785,4412.022361065438,4299.2173627096345,4017.625780993094,4403.183163433081,4473.896744491943,3871.1476487997365,3949.4376849720484,4284.485366655705,3964.590595198947,4284.064452482736,4196.0933903321275,4177.994080894442,4112.331469911213,4281.959881617889,3896.4024991779015,4243.235777704702,4396.86945083854,4108.122328181519,3952.384084182834,3883.3541598158495,3918.2900361723114,4178.414995067412,4139.690891154225,3882.0914172969415,3845.8927984215716,3949.8585991450177,4071.08188096021,4275.646169023347,4621.637619204209,4108.543242354488,4000.3682999013477,4249.549490299243,4192.726076948372,3651.85136468267,4248.7076619533045,4076.9746793817817,4017.2048668201246,4092.96941795462,4136.744491943439,4257.546859585662,4154.843801381124,4050.036172311739,3887.984215718513,4139.269976981256,4446.9582374219,4252.07497533706,4180.519565932259,4099.283130549161,4130.430779348898,4136.3235777704695,4092.54850378165,3800.0131535679047,4355.619861887537,3855.573824399868,4281.538967444919,7771.710612650538,7728.031729509307,7158.81391262824,7076.662018007067,6967.860176313084,6648.786619540918,6614.536827717435,6612.345951824141,6453.226753087989,6443.139099822861,6416.369995226363,6415.636677623946,6386.295159726985,6375.428304572945,6288.780610105594,6230.221735899087,6204.995900240845,6193.459296298191,6135.527456964245,6114.948536205303,6052.942940863113,6043.951684356689,5993.208425093436,5972.590221459831,5948.449575976914,5942.67567769043,5941.828356553852,5910.442663768291,5866.029080100176,5818.9353289952505,5813.85628820619,5786.91864958852,5773.44504408289,5773.136675418468,5754.096982133307,5742.541890592894,5738.554124352383,5730.753019698709,5713.278812392631,5698.852425940274,5677.283237789192,5674.51507455087,5668.674912285916,5652.1384774504395,5634.965574004402,5633.4910503348665,5630.820381845552,5618.159523202733,5611.423264064989,5611.129620548363,5608.366058591489,5583.605845184991,5581.680174502222,5564.877318928938,5560.48129669311,5555.546850160549,5555.289548350573,5491.1571425823895,5487.145112185742,5457.087876853163,5451.610995374144,5436.706856284563,5432.073522882584,5395.002447337114,5392.118578216054,5388.901765497865,5381.218185648062,5379.684462014741,5343.011216115027,5333.079227881109,5313.30869358313,5311.805804772976,5305.50067429279,5294.657301024162,5279.8864125599885,5253.967858672169,5251.855450478912,5250.577457834288,5241.896716098932,5234.090160806192,5228.994939408045,5224.799399987555,5219.172914917166,5197.823667701474,5187.158787641471,5183.688692253753,5183.533892284192,5180.574576729729,5145.25331084188,5142.664671071421,5138.252867149522,5132.547511715274,5127.1695543664055,5124.502800117858,5120.937787621351,5115.105057370672,5113.10714120798,5110.240708604241,5104.951867502445,5097.54132675071,2145.0,2567.0,2702.0,2736.0,2767.0,2842.0,2845.0,2870.0,2883.0,2883.0,2891.0,2898.0,2905.0,2905.0,2909.0,2909.0,2910.0,2916.0,2918.0,2923.0,3
3260.0,3260.0,3184.0,3166.0,3142.0,3142.0,3134.0,3134.0,3134.0,3133.0,3133.0,3130.0,3128.0,3124.0,3123.0,3120.0,3116.0,3116.0,3114.0,3114.0,4247.962968639833,4251.494436099445,4175.371693081144,4103.172802795745,3698.623586033537,4198.130038931977,4323.693326384844,4122.399681186966,4722.74914932099,4247.570583366543,4271.898470310536,4049.8084056282764,4154.575273596763,4099.248950062843,4550.0996290732965,4277.391864136599,4175.764078354434,4521.455504123111,4251.8868213727355,4545.783391067104,4001.5450170135805,4474.761656601576,4248.3553539131235,4170.663069801662,4626.614757364888,4248.747739186414,4179.295545814046,4126.715919193158,4748.646577358144,4701.560344563318,3997.6211642806784,4252.279206646026,4123.576837006836,4272.683240857116,4453.572851843905,4170.270684528371,4626.222372091597,4548.922473253426,4227.558934428742,4676.055301799454,5225.787069679041,4224.027466969131,4298.188283620981,4477.900738787897,173.82667606756385,4198.522424205266,4694.889794917384,4246.785812819962,4548.137702706846,4674.0933754330035,4373.133870819411,4677.232457619325,4725.8882315073115,4251.102050826155,97.31154777597253,4550.492014346587,23.150731124122498,4428.460194353331,4073.743907298979,4426.105882713589,5370.96962079642,4546.175776340394,4145.942797584378,4272.290855583827,4478.6855093344775,4198.914809478557,4627.007142638178,4701.952729836608,4724.31869041415,4200.091965298428,4402.170381042886,4577.566598203612,4376.665338279023,4598.755402961283,4179.687931087336,4329.5791054841975,4202.053891664878,52.9720118941786,4829.477943655927,5400.398516293186,4126.323533919867,4525.379356856013,4196.5604978388155,4154.967658870053,28.25173967689525,4827.516017289477,4253.456362465896,4524.2022010361425,4425.713497440299,4574.427516017289,4450.0413843842925,4275.822323043439,4123.184451733546,4474.369271328285,5152.803408847062,4424.536341620429,4219.318843689648,4425.321112167009,4149.47426504399,4570.896048557677,9580.718891993512,9440.815541523514,8923.167566342488,8303.346912210825,8271.205582308743,8231.279770224452,8193.077103161102,8174.403782276475,8109.344327410274,8080.422860606103,8076.695668921836,8072.007735453741,7975.746200227649,7946.476800227056,7853.222361803731,7840.391507554517,7820.402833382011,7742.140287768486,7728.322554717324,7643.628045650387,7584.215842626013,7570.528104567162,7569.396521386877,7567.428143562503,7556.336995407243,7550.958102440581,7510.487450704198,7506.876047792804,7452.924562322899,7450.902783765996,7449.6942011259425,7444.481027905694,7443.884859725011,7437.958060146166,7436.86816102345,7417.189990090487,7407.904629117299,7401.534355386763,7373.456654587029,7338.286082929936,7304.965116494588,7296.064201372259,7292.667720817834,7274.590729794082,7273.869620263764,7270.827552164587,7243.271702031837,7183.12120194077,7163.526198674963,7155.843269691609,7145.015251552784,7100.223486503882,7097.747662297318,7049.919485438768,7034.904023917131,7030.651542873467,7026.777875285334,7023.058944023484,6973.535866222651,6970.556034648374,6960.971631812547,6960.4714295469485,6953.755964934957,6939.747727671951,6927.80615878229,6918.793328380056,6917.973932430034,6900.025216317051,6899.411294345161,6886.724158117141,6874.3211064597135,6858.06279452396,6855.643220138766,6849.342445416509,6837.068213831581,6831.632818298177,6822.62892237965,6816.137638619828,6815.101903642807,6811.070813886069,6798.588980127909,6784.825808809807,6780.848237184602,6772.032682365284,6743.469066787389,6732.133217484042,6707.161417235778,6698.978342876838,6691.34787252908,6689.683486500016,6674.585697243191,6672.258354033359,6670.969155129194,6667.057696918398,6659.390083991115,6651.605038381151,6648.0037997490535,6631.346248621909,6626.68686720774,6620.3681706446005,1949.0,1949.0,2382.0,2382.0,2715.0,2722.0,2785.0,2785.0,2785.0,2827.0,2836.0,2836.0,2843.0,2848.0,2848.0,2864.0,2867.0,2867.0,2886.0,2886.0,3
3312.0,3263.0,3222.0,3222.0,3187.0,3187.0,3169.0,3152.0,3147.0,3146.0,3146.0,3143.0,3140.0,3139.0,3139.0,3136.0,3135.0,3128.0,3126.0,3122.0,0.3862751606965024,4225.077707698343,21.245133838307634,4246.709116697348,4225.46398285904,4224.6914325376465,24.721610284576155,4246.322841536651,20.85885867761113,46.739294444276794,46.35301928358029,21.631408999004137,4027.304825421734,4200.356097413767,4271.81700214262,4203.832573860036,3.0902012855720193,4199.969822253071,0.7725503213930048,18.541207713432115,25.107885445272657,28.198086730844675,4178.7246884147635,4272.203277303317,4203.446298699339,18.154932552735612,43.26281799800827,4727.235416603797,3.8627516069650243,4199.583547092374,22.01768415970064,219.40429127561336,200.86308356218126,4250.571868304312,219.7905664363099,4204.218849020733,4221.601231252075,4206.922775145608,28.584361891541178,25.49416060596916,45.96674412288379,3998.7204635301932,6.952952892537043,201.24935872287776,4250.958143465009,67.98442828258443,4221.987506412772,3.4764764462685216,4052.412710867007,4267.954250535655,200.47680840148476,6.566677731840541,4293.448411141624,4507.831125328184,4222.373781573468,4228.554184144612,154.12378911790447,4247.095391858044,4203.060023538643,4228.167908983915,42.49026767661527,172.27872167064007,24.335335123879652,171.89244650994357,49.82949572984881,49.44322056915231,151.03358783233244,303.6122763074509,198.15915743730574,2.703926124875517,4309.285692730181,180.00422488457014,47.12556960497329,4179.110963575459,4026.9185502610376,4196.879620967498,173.0512719920331,172.6649968313366,67.59815312188792,43.64909315870477,4773.588435887377,28.97063705223768,198.54543259800224,4400.4466306545555,17.76865739203911,4249.79931798292,4.249026767661527,84.20798503183752,4178.338413254067,247.21610284576155,4250.185593143616,25.880435766665663,4243.618915411776,4293.834686302321,4253.275794429188,27.811811570148173,4031.1675770286993,4023.828348975466,151.41986299302894,65.28050215770891,18324.892762246513,16161.121755125107,16029.305999760358,15656.787167008553,14903.395751194785,14803.415645478153,14160.04052019424,14135.297298912014,13994.184431361311,13948.606994589396,13713.353923567414,13650.158325225706,13612.637746818536,13418.85106294727,13387.149739871451,13276.319457033946,13229.557248750432,13152.06782721679,13093.056135571955,13082.752376678538,12769.61373672115,12684.543069511445,12514.240416856816,12507.592245177879,12481.840989656432,12422.0553699787,12240.29692785601,12143.795458209055,12142.277273195148,12102.152428986721,12074.132093451542,12042.596863543873,12009.744442583933,11970.59898671805,11937.554512818762,11918.343125815773,11877.295128280251,11863.802158372648,11839.484047376209,11783.459079465802,11768.234193318987,11699.125447248658,11669.082710217803,11653.463641246623,11628.120441582192,11611.52603380557,11573.799449893146,11481.469763175563,11421.34527577392,11412.82894405663,11384.411995509561,11340.18093712657,11322.24938576797,11297.955471533083,11286.838919443453,11249.241237378876,11213.929788334397,11136.163140409197,11117.588523829527,11113.841840261444,11104.56250904028,11099.309205038488,11093.237873170812,11067.844552790766,11058.346712146893,11039.670529501385,11011.607449768677,10977.682291630672,10963.070845218237,10953.560860202464,10951.042564134297,10950.497899469945,10925.138227230214,10900.345760350312,10893.24056793097,10880.042244763894,10851.315055140376,10817.06179104014,10813.559582123222,10789.47138025793,10785.340183268429,10760.52412149563,10733.714878453935,10733.283974313013,10731.32742834736,10717.845600808783,10716.107485253471,10714.87634571478,10709.165520066435,10677.129708779568,10675.21746374446,10645.57369504074,10645.305215997816,10631.372409121754,10630.315086745728,10608.389640660027,10552.246082910184,10543.456070650735,10484.704064584388,10462.948547703596,1299.0,1854.0,2089.0,2207.0,2224.0,2279.0,2279.0,2352.0,2361.0,2361.0,2388.0,2497.0,2497.0,2537.0,2577.0,2577.0,2705.0,2710.0,2734.0,2738.0,4
3314.0,3260.0,3216.0,3185.0,3171.0,3162.0,3162.0,3157.0,3152.0,3144.0,3144.0,3140.0,3138.0,3136.0,3136.0,3135.0,3134.0,3134.0,3134.0,3132.0,4552.419850896834,4207.5634180547695,4598.400708609109,4207.878355436361,23.935241000910366,4182.368427527495,4170.08586964545,4370.700981718869,4396.2109096277345,4425.815023497282,1.2597495263637035,3.4643111975001846,0.3149373815909259,4226.459660950225,17.00661860591,4198.115296607042,13.542307408409814,17.321555987500922,4024.269861968851,202.18979898137442,4180.7937406195415,20.155992421819256,6.613685013409444,4597.140959082745,18.581305513864628,4194.02111064636,15.746869079546293,4606.5890805304725,4190.55679944886,4168.826120119086,4348.340427625913,5.038998105454814,4391.1719115222795,4202.5244199493145,4151.504564131585,205.6541101788746,1.5746869079546295,4404.71421893069,4409.753217036144,250.06028098319516,4375.739979824324,4246.930590753635,4163.787122013631,4347.08067809955,188.33255419137367,4596.826021701154,4178.589178948405,28.974239106365182,25.194990527274072,4145.835691262948,227.69972689023942,12.28255788204611,4392.746598430234,30.54892601431981,10.077996210909628,4224.884974042271,4574.7804049897895,185.18318037546442,183.6084934675098,4206.303668528406,4221.42066284477,18.896242895455554,4550.215289225697,4389.597224614325,5.35393548704574,39.36717269886574,4350.54498929705,4581.3940900031985,4426.759835642054,4255.433900056591,4394.951160101371,4202.209482567724,208.80348399478385,4175.439805132495,4182.053490145905,4173.235243461359,4144.890879118176,200.6151120734198,4379.204291021824,4408.49346750978,52.90948010727555,4.7240607238638885,20.78586718500111,4384.243289127279,3979.8636911645303,245.02128287774033,188.6474915729646,4395.895972246143,4150.244814605221,181.71886917796422,164.71225057205424,4548.955539699334,153.05956745318997,6.928622395000369,8.818246684545924,4165.361808921586,4187.09248825136,4423.295524444554,4403.454469404325,4120.640700735674,15051.4289423774,14369.321616450972,14198.06646059648,14169.373091839472,14012.340486961912,13861.565820232545,13709.710654311259,13702.022643481036,13590.85882013198,13525.851153779511,13424.507627079667,13375.38189585288,13310.081810630867,13289.062053494004,13200.139684511032,13151.070696319715,12984.566370856668,12939.39016740632,12840.42241294535,12716.76851409275,12647.174908263829,12565.208954845128,12551.788174222942,12437.057677321545,12292.63782742309,12259.58321180009,12258.990557502026,12185.486303381876,12130.812465236113,12128.396079768105,12051.91050468266,12037.402154202568,11965.370752497693,11927.45293816476,11872.961476193304,11845.368006111976,11836.56213395856,11827.115536139634,11799.028591063674,11766.33680369339,11740.920237451115,11725.565843153143,11708.530734668206,11704.015317902387,11667.69695389865,11660.46672448324,11656.941449231494,11654.15588688122,11582.17204981117,11567.148934138853,11549.894053050562,11506.116539647495,11495.553744691279,11459.045865107193,11384.049236600258,11381.648636400356,11371.33286849764,11362.276661716985,11353.611501827978,11344.013203307424,11334.997774619414,11315.26002589294,11313.340442988498,11307.314796834504,11303.555057228026,11281.170098164957,11272.473403910151,11248.794425664788,11227.078633250017,11214.250579475482,11200.253676560127,11192.723809706838,11176.085082684318,11112.06352227219,11079.040166989895,11049.888000404368,11041.790337358902,11011.978581763611,11010.130704511666,10989.83878633954,10985.946521320624,10983.816299439195,10951.358836556727,10927.062159780113,10921.600804238078,10914.338740303123,10906.66136988728,10900.925977409108,10866.393203476175,10863.433416395535,10862.023825160595,10855.120432869347,10852.794350162128,10832.367065843968,10829.055987032658,10810.675393689418,10794.11868379757,10786.197730607142,10741.853283518978,10724.631930102256,1261.0,1773.0,2011.0,2020.0,2071.0,2221.0,2484.0,2525.0,2615.0,2635.0,2635.0,2636.0,2636.0,2637.0,2642.0,2656.0,2685.0,2712.0,2727.0,2742.0,4
3345.0,3273.0,3263.0,3203.0,3203.0,3196.0,3180.0,3180.0,3161.0,3161.0,3153.0,3152.0,3149.0,3144.0,3140.0,3133.0,3133.0,3131.0,3128.0,3127.0,29.213620524524686,23.996902573716707,2.869194872944389,0.260835897540399,2.60835897540399,5.4775538483483786,24.257738471257106,26.605261549120698,4.9558820532675805,5.21671795080798,29.474456422065085,31.821979499928677,31.561143602388277,2.347523077863591,21.649379495853115,4202.848817068449,26.3444256515803,7.303405131131171,21.910215393393514,24.518574368797506,26.866097446661097,28.952784626984286,16.693497442585535,16.954333340125935,2.086687180323192,3.1300307704847876,4199.979622195505,4231.801601695433,9.911764106535161,4253.711817088827,27.126933344201493,32.082815397469076,19.301856417989526,23.736066676176307,7.564241028671571,7.042569233590773,55.55804617610499,4296.749740182992,4.695046155727182,26.0835897540399,19.041020520449127,4320.485806859168,10.17260000407556,21.388543598312715,4205.196340146313,4277.708719662543,4224.759032461842,12.259287184398753,4221.889837588898,9.650928208994763,19.562692315529922,55.81888207364538,4248.755935035559,12.52012308193915,16.432661545045136,4228.932406822489,22.171051290933914,1.8258512827827929,0.521671795080798,4643.922319809263,4202.587981170908,29.735292319605485,48.51547694251421,4199.7187862979645,4653.573248018259,7.8250769262119695,53.47135899578179,4232.062437592974,51.1238359179182,34.43033847533267,4288.66382735924,53.732194893322195,4320.74664275671,4323.355001732113,4171.02683756852,53.210523098241396,45.907117967110224,33.90866668025187,4.434210258186782,4253.972652986367,46.16795386465062,451.24610274489027,58.42724104904937,48.25464104497381,4226.584883744626,4245.886740162615,4248.495099138018,28.69194872944389,9.390092311454364,4256.3201760642305,4226.324047847084,34.691174372873064,32.34365129500947,4291.272186334644,4296.488904285452,4280.317078637948,4274.578688892058,4263.623581195362,4654.094919813339,48.77631284005461,23266.667758080246,22817.362789978328,22636.166388433496,22563.218307840347,22537.123928542518,22295.999357472167,20808.854339682806,20787.92289360231,20325.756182629808,20305.922210847588,20097.013919247354,19954.797945498074,19525.877499737795,19344.611424066352,19092.4193441885,19091.6069583574,19088.487842299244,19075.279450297665,19043.082715143686,18941.820652388553,18907.190871850504,18876.229735828714,18470.327842093153,18361.064636887517,18343.752633346518,18225.13347517657,18162.400054897964,18038.025013399198,18020.271411579983,17989.701235122186,17970.189616976888,17968.461767127734,17922.649376013807,17735.865315885887,17490.932711245416,17421.137277084916,17309.366734135423,17304.39402681586,17030.668262110543,16932.344217689657,16832.225549324296,16706.785939735924,16671.67760463005,16636.382268116988,16620.98107865871,16613.00107604162,16599.173537143954,16549.825190336887,16513.863073534183,16485.98246790085,16456.758006476375,16429.814498159067,16414.10045400347,16374.842348096048,16372.847408265783,16301.16969904198,16290.783114833765,16276.115434124213,16257.557979207964,16222.885496147113,16205.676181910945,16199.067635080537,16199.049259835492,16193.126741110857,16121.617045688306,16088.281080862655,16051.95050744594,16040.795138569369,16034.769625353616,15931.390748553295,15796.092987712454,15756.064956198907,15747.215347982952,15731.44224138622,15705.748262358135,15703.170797225086,15670.281940953832,15664.044929259402,15635.726721330822,15616.763561848975,15510.568823348582,15397.851597557485,15330.254943587348,15319.285787930336,15228.3103397655,15226.824611255763,15198.868658761412,15198.134941704307,15168.560382713604,15164.203817199867,15134.072266310299,15116.562905607774,15097.094874950217,15082.351425848923,15038.415987590895,15013.883342381883,15002.42904544073,14994.670110662992,14967.049264865054,14947.301947884374,1386.0,1550.0,1996.0,2019.0,2117.0,2117.0,2146.0,2185.0,2236.0,2253.0,2257.0,2282.0,2282.0,2339.0,2367.0,2546.0,2546.0,2553.0,2558.0,2558.0,4
3345.0,3304.0,3304.0,3242.0,3194.0,3180.0,3179.0,3169.0,3161.0,3161.0,3153.0,3152.0,3152.0,3148.0,3144.0,3144.0,3136.0,3136.0,3135.0,3134.0,24.03191739028397,0.3337766304206107,27.703460324910687,3.003989673785496,21.02792771649847,21.361704346919083,3.3377663042061068,48.397611410988546,48.73138804140916,24.36569402070458,20.694151086077863,6.341755977991603,27.369683694490075,51.73537771519465,3.6715429346267174,31.041226629116792,30.707449998696184,72.76330543169313,27.035907064069466,52.06915434561527,28.037236955331295,45.39362173720305,49.06516467182977,6.6755326084122135,2.6702130433648854,6.007979347570992,17.690161412292365,24.69947065112519,23.698140759863357,55.073144019400765,45.05984510678244,76.10107173589924,48.06383478056794,4273.675975905499,51.40160108477404,69.75931575790763,18.023938042712977,4301.37943623041,21.695480977339695,17.356384781871753,4301.045659599989,7.009309238832824,4294.370126991577,54.73936738898015,73.09708206211374,52.402930976035876,79.77261467052595,30.373673368275572,0.6675532608412214,4322.741140577329,69.42553912748701,76.43484836631984,4329.08289655532,4325.411353620694,4322.407363946908,4298.041669926204,34.04521630290229,45.727398367623664,31.375003259537404,42.05585543299694,100.80054238702442,4350.110824271819,75.76729510547862,4325.077576990273,4252.31427155858,55.40692064982137,4304.049649273775,20.36037445565725,66.42154945370153,103.80453206080992,4353.1148139456045,4.005319565047328,4297.707893295783,4325.7451302511145,450.2646744374038,54.40559075855954,58.077133693186255,79.43883804010534,72.42952880127251,4297.374116665363,4374.142741662103,25.0332472815458,73.43085869253434,18.357714673133586,4321.739810686067,4318.735821012281,4298.375446556624,377.50136900571067,4322.073587316488,34.3789929333229,41.722078802576334,4204.250436778012,9.67952228219771,4401.846201987014,398.52929672220915,4328.081566664058,4346.773057967613,51.067824454353435,401.53328639599465,14.68617173850687,25078.6161354205,23181.01421582232,22749.67200718053,22659.955372308756,22182.216750533215,21544.669129842914,21299.19425828367,21178.809411889964,20659.21514153459,20652.90190975694,20280.07558605378,20261.08411863746,20202.605835514947,19667.217209572824,19646.489580628862,19594.966124283757,19583.552133064433,19562.022038272957,19459.117902377013,19304.89986845491,19291.025859006517,19266.008874612235,19233.65396529501,19197.34148807376,19190.164869729684,19054.15574307657,18814.279964036687,18601.21181656503,18360.278669203282,18262.883879774654,18233.731682779435,18175.188430347407,18155.903786458035,18104.884954036643,17933.854819368666,17861.549320950322,17850.852502380778,17768.407253804624,17711.974003652344,17525.397657379333,17462.175055030675,17438.75934249885,17418.183457045783,17203.199391159545,17160.648358795555,17159.24860187751,17107.1194837928,17034.339661491944,17012.887818557083,16935.101290744038,16907.991964145447,16838.94869337058,16820.650584126575,16751.031606475124,16704.535400750992,16643.169559393962,16619.431704364393,16541.555951137903,16502.50679292031,16497.145196334634,16435.473408416463,16432.82520395795,16345.872243282325,16326.689739274385,16298.071491761393,16216.341571954748,16158.84056806316,16057.99552025066,15983.15106910084,15944.541235457633,15935.299377678857,15917.677702247109,15904.241539515018,15887.460391808172,15883.469558965364,15871.245397724892,15851.655533383491,15805.050995787526,15803.61633701171,15774.375907699487,15743.758954604624,15735.826944333345,15660.879280966352,15629.6316558445,15609.968911015603,15602.825249525144,15495.086151459333,15439.48814435413,15418.099010608888,15380.550002452357,15375.27193465172,15361.485289467084,15263.022951559853,15176.958821358527,15123.959339631887,15123.776946629614,15095.696376602385,15059.880184178577,15046.235206555302,15045.579502847906,1322.0,1509.0,1567.0,1567.0,1647.0,1931.0,1931.0,2133.0,2157.0,2208.0,2404.0,2413.0,2419.0,2531.0,2593.0,2608.0,2654.0,2654.0,2670.0,2670.0,4
3261.0,3254.0,3169.0,3162.0,3162.0,3162.0,3161.0,3155.0,3155.0,3145.0,3145.0,3145.0,3145.0,3134.0,3134.0,3134.0,3131.0,3130.0,3125.0,3125.0,75.70152258713979,126.59871649679123,72.48018120045299,77.31219328048319,76.02365672580846,23.193657984144956,4202.884107210268,21.582987290801558,22.871523845476275,1.6106706933433999,101.47225368063418,123.05524097143575,103.40505851264626,73.76871775512771,74.0908518937964,1.2885365546747198,21.260853152132878,0.32213413866867996,1.9328048320120796,77.63432741915187,4248.949289039889,144.31609412356863,4220.923618975714,124.66591166477914,4227.688435887756,4022.4889895558067,54.44066943500691,179.10658109978607,52.507864602994836,4127.5047187617965,4125.571913929784,198.75676355857553,103.08292437397759,4275.36428841072,54.11853529633823,50.897193909651435,4198.052095130237,101.79438781930287,145.92676481691203,56.05134012835031,4325.939348181703,72.15804706178432,100.18371712595946,4201.595570655592,126.27658235812254,4123.961243236441,4221.245753114382,302.1618220712218,50.575059770982755,4203.206241348936,105.01572920598967,200.68956839058762,149.7923744809362,74.41298603246507,4148.765571913929,3.2213413866867997,4247.016484207877,52.829998741663516,27.703535925506475,198.43462941990686,4505.045929281489,127.88725305146595,276.0689568390587,4247.338618346545,26.092865232163078,98.89518057128475,4349.133006165848,124.34377752611046,48.96438907763935,19.650182458789477,200.04530011325025,200.36743425191892,4270.2101421920215,49.286523216308034,4303.067824336227,177.17377626777397,177.49591040644265,121.44457027809234,5.154146218698879,99.86158298729079,4524.696111740279,4248.62715490122,3.5434755253554795,4228.654838303762,199.0788976972442,4304.6784950295705,147.8595696489241,4324.650811627029,4224.467094501069,95.35170504592926,4146.832767081917,4373.293066565999,221.6282874040518,377.5412105196929,78.9228639738266,4347.522335472505,4228.97697244243,149.4702403422675,48.64225493897067,22.5493897068076,20381.431535110685,19490.06337909231,19255.503847093474,19189.784217331497,19093.71582285174,18844.775936198195,18752.133362985875,18545.53814710777,18318.95398745424,18063.732971623303,18034.017031190182,18001.821178905513,17984.41030179701,17974.61112453626,17967.740910179313,17704.17217069578,17683.577733006794,17649.673328252415,17522.267408885993,17379.978808797303,17289.225461818427,17278.66001083812,17215.967541035447,17205.577322705692,17179.13235054284,17100.658476146626,17036.044336552593,17028.784268554766,16925.86195787855,16843.20534719698,16833.486513611595,16819.17151635844,16816.74052415238,16812.130659082002,16794.072926229823,16790.2063806432,16768.93064692307,16761.08444730325,16683.960272878267,16665.728042526203,16581.329886039857,16570.246536216513,16542.24459329691,16528.1592447803,16491.36221374115,16474.21307062197,16469.357807001124,16414.446076188848,16400.67345454003,16362.82809065348,16264.666484357289,16247.888029822061,16231.897627331939,16200.12797392847,16149.164331812715,16114.588689670672,16065.496825058046,16031.283867954904,16012.320476299292,15992.582246454685,15906.986057530969,15860.256862069196,15836.525448381206,15834.27651939174,15820.25360942575,15802.835219875997,15762.97890794128,15759.754057040669,15746.692332792229,15680.778750145395,15587.905454678878,15569.529024192976,15562.030483934645,15556.54163896026,15552.761503622582,15545.874004419371,15513.716779596385,15498.159748255126,15464.32660560904,15422.725644113101,15406.886205137467,15368.378559477986,15313.097210063714,15195.850896727126,15158.01830225804,15136.962230539251,15085.665000967627,15064.188598315282,15059.034882735263,15046.989945704678,15033.514942253612,15030.195348685857,15028.704669057146,15022.48071813608,14987.603995022953,14967.000393035225,14964.5385429821,14912.958843226861,14900.769653552508,14881.931707112788,1139.0,1139.0,1927.0,1927.0,1929.0,1929.0,2008.0,2110.0,2251.0,2263.0,2265.0,2265.0,2283.0,2283.0,2423.0,2466.0,2509.0,2509.0,2573.0,2573.0,4
3330.0,3182.0,3182.0,3168.0,3168.0,3165.0,3158.0,3157.0,3153.0,3152.0,3152.0,3152.0,3131.0,3131.0,3128.0,3128.0,3126.0,3125.0,3122.0,3122.0,4275.653980814665,4498.27218126441,4518.67581338419,4498.636531837978,4553.289117873103,4524.141071987703,4507.380945603598,4669.516950841137,22.225384987617776,4281.483589991745,4274.196578520396,4654.214226751303,22.58973556118528,47.72992513734309,4519.0401639577585,78.69972389058097,2.186103441405027,74.32751700777092,4683.362272636703,51.737781446585636,4263.26606131337,4298.24371637585,82.34322962625602,28.054994164697845,4670.974353135408,46.27252284307307,4351.4389001167065,4527.784577723379,4170.356665053657,4246.870285502832,4272.010475078991,20.40363211978025,4299.70111867012,4247.2346360763995,30.969798753237882,5.829609177080072,4272.374825652558,4263.6304118869375,13.845321795565171,155.9420454868919,4269.460021064017,4770.442059719337,60.11784463863824,3.643505735675045,4257.43645213629,4201.326463806894,4394.067917224104,4346.337992086761,229.54086134752782,4775.907318322849,4303.708974979363,4074.532464205403,4223.91619936808,175.98132703310466,4470.945888246848,4701.944151888645,4257.800802709858,0.3643505735675045,3.2791551621075405,5.465258603512567,4553.6534684466715,14.209672369132676,147.19763172127182,4249.056388944237,297.6744186046512,401.87868264495745,4235.211067148673,8.380063192052603,68.13355725712334,4221.365745353107,70.31966069852837,4368.563377074379,53.195183740855654,167.60126384105206,4494.628675528736,4532.885485753323,4679.718766901028,4306.988130141471,73.96316643420342,4232.660613133699,4484.791210042413,4298.608066949418,4283.305342859583,4731.4565483476135,4282.940992286015,4255.250348694885,4348.159744954599,4289.863653183798,48.094275710910594,31.334149326805388,4329.942216276224,1.8217528678375225,194.9275568586149,110.76257436452137,4294.600210640176,4200.962113233327,4669.881301414705,4776.2716688964165,4507.016595030031,4631.624491190118,10399.231443386465,10274.741531232048,10228.070443421466,10221.692873091246,10140.654978065033,10121.387380266418,10111.698598602183,10027.761674255553,9991.666709813564,9984.389629637993,9873.519432437844,9867.831426171602,9664.819089369219,9624.224542921957,9596.621107890998,9577.447765362696,9562.584957055731,9557.756720860532,9502.172245918311,9453.955526198473,9409.34032623798,9383.156452825022,9374.660636909899,9338.351090562337,9334.409379913739,9315.855480601027,9314.66258942317,9294.94392182436,9290.766583605364,9287.079518932675,9261.88471828802,9254.490040773673,9252.407524441665,9222.404113680592,9145.55350735322,9079.763344892084,9066.48418023444,9022.008252318692,9006.013310161306,9004.83238433499,8961.137783604821,8958.281460946962,8957.65518984657,8928.499064477643,8890.190806581193,8880.747841182774,8850.445048560141,8848.233978490482,8841.870517901394,8799.613756515764,8798.5419847968,8794.611033089415,8783.183900851853,8770.6418820407,8755.388960170643,8745.03894407843,8728.620341500035,8727.153386580325,8721.858138369866,8711.764392993498,8709.62589739595,8701.138848102155,8687.756617522064,8685.90506785048,8658.774179927439,8651.556398954715,8648.645603798146,8641.509419669166,8624.662748042949,8614.637391318209,8599.9280940997,8594.544148773328,8576.343696824259,8574.800533430369,8570.436281334365,8562.98201142338,8557.007391573583,8543.113931340444,8523.1968974165,8519.084163846104,8500.844080966495,8497.160893367076,8494.845512708125,8489.211055895363,8475.671144716624,8467.15480003162,8465.218664403996,8464.014940098428,8452.79226663817,8443.834966877459,8440.755501865553,8433.678508420579,8432.822052825542,8418.639578368618,8403.995209480747,8403.20172168909,8399.748295327678,8398.369990493911,8390.308654929184,8384.120507980457,1105.0,1354.0,2063.0,2476.0,2540.0,2689.0,2690.0,2718.0,2743.0,2749.0,2771.0,2771.0,2783.0,2785.0,2793.0,2800.0,2800.0,2834.0,2857.0,2881.0,4
3124.0,3122.0,3122.0,3120.0,3120.0,3115.0,3113.0,3113.0,3110.0,3110.0,3109.0,3107.0,3107.0,3107.0,3107.0,3107.0,3104.0,3104.0,3104.0,3104.0,5502.433027710905,701.8593453874917,5497.843569123597,949.3622906315627,2428.807048097116,2475.3572709112327,1204.0772422271166,5501.121753828817,400.92198944834297,2252.112892485786,5495.221021359422,2249.49034472161,5502.1052092403825,2402.58157045536,2931.024944936741,4825.487886083081,2302.269118475644,451.733852379245,4775.987297034267,798.8936126619884,3028.38703068176,2125.574962864314,951.9848383957383,4522.911437791323,1398.4735952466322,23.930748348102238,4723.208523280234,1246.3658249244481,3876.7812323925623,3801.0551657019923,1051.6416534344107,1150.9706500025611,2347.835885878195,176.03851867028632,802.8274343082518,1573.5286585053525,1446.9907288838806,5275.254827639194,1326.0257132612815,3677.7954207857397,1001.4854274445526,1049.674742611279,325.85155969881674,5997.438918199047,1404.0465092455051,4052.819751062849,6326.568662603083,553.6853967115709,1925.6056958459253,2925.452030937868,425.5083747374891,1103.1091533063566,2925.1242124673463,2927.0911232904778,2977.575167750858,626.4610971674435,5298.529939046253,1375.5263023100956,1998.3813963017978,5275.582646109717,1145.397736003688,198.65799313630077,2929.3858525841315,5650.934794857348,6279.690621318445,6200.686369922655,1073.9333094299031,4802.540593146545,2325.2164114121806,5245.751165292219,1402.0795984223735,147.19049326435487,2326.5276852942684,3498.478717410234,2525.841315371613,999.8463350919428,2526.496952312657,4901.869589714695,5548.9832505250215,5324.427598217487,1124.745172360805,947.0675613379091,799.2214311325104,3472.581058239,800.8605234851201,2675.3265379296213,3628.2948317369255,2096.7269374583825,1301.7671464426573,1248.9883726886237,1803.0015878707165,1348.645187727296,1350.9399170209497,6174.133073810377,1625.6517953183425,2372.094452696819,4747.139271628335,594.0070685857706,3369.6460584951083,2295.712749065205,3925.308688998292,3906.2009251670765,3832.0936601277294,3568.2047609846395,3464.534394597321,3443.403971726879,3428.521838639647,3410.5471640763835,3374.055350695359,3364.269252787533,3345.9549525477996,3296.9446028932157,3288.095334394395,3278.8056174666467,3277.343439486147,3270.049389323431,3257.617533297399,3236.3945931007415,3227.8095720843417,3225.1306982949086,3215.72146954639,3205.533170616989,3192.8401055610834,3188.4439503565354,3168.6954235899884,3162.327583294894,3151.4490581812793,3078.450695925084,3061.750192301172,3049.0553959949734,3040.081610382378,3034.219154005122,3026.9144798690004,3012.8810548537404,3004.124416625624,2991.4672757511607,2976.5291380608514,2975.099175486853,2970.782932367847,2968.7587718833884,2967.566750446977,2957.763176874218,2952.406282959859,2948.4750477460434,2945.34379498485,2940.4526364518306,2934.467954306905,2931.4127325422583,2925.8762454469365,2915.1229193463914,2914.660814211564,2908.063575625747,2907.813039632625,2895.794133339875,2886.9362526049217,2883.810332080831,2878.5650792533424,2877.1655054529274,2875.1498246680403,2870.5788921949697,2867.7529098758628,2861.85200560831,2842.412903134105,2841.7012291145415,2838.534838001987,2835.381005070489,2834.841949779967,2813.711702599631,2812.2382704358256,2810.31719423105,2810.095534566195,2808.3556785799724,2805.6245681446617,2802.380562831574,2800.370004991143,2799.7254312087375,2796.9482742266564,2796.5915448134674,2796.429762124123,2787.418076961579,2784.1058181437916,2779.2905964979964,2778.912796090288,2776.506079150979,2769.05901751569,2763.416443348018,2762.7157557428436,2762.6847139013735,2755.089974258695,2752.0661459165453,2750.4212700449143,2749.8824621902404,2735.3036579254845,2734.9486026948152,2734.6803942644246,2732.948149495027,2721.1717945730425,2719.647792526284,2718.934749816343,2712.460574492029,2915.0,2947.0,2971.0,2974.0,2975.0,2978.0,2978.0,2978.0,2978.0,2978.0,2979.0,2979.0,2980.0,2980.0,2986.0,2986.0,2986.0,2988.0,2988.0,2988.0,5
3135.0,3124.0,3124.0,3122.0,3121.0,3120.0,3115.0,3115.0,3115.0,3114.0,3112.0,3111.0,3111.0,3107.0,3107.0,3104.0,3104.0,3094.0,3094.0,3094.0,2252.6501874485657,949.2029626017251,847.7673809015819,800.1706848730531,2400.902191471852,5898.47907586333,2322.8748209332803,596.9093846200738,5725.258313267701,999.140479746411,452.94888597640886,4397.23246670121,2546.8133743789813,5898.088939010637,5950.757414124173,548.5324148861592,5850.882379834801,774.0315157426315,1152.4642628547044,1752.104605443628,4799.463561827547,3103.9288000243832,4529.488859764088,1074.4368923161328,5019.110609893626,5501.3197598219995,722.5334511871743,3472.9982626718274,2597.531165229053,578.5729525435094,5626.553689536408,4832.62519430644,2101.2770886037365,4501.00886951751,5525.118107836264,4122.576122405438,4426.882867505867,3620.079856137035,1600.731506598799,1752.8848791490138,3648.559846383614,2929.9277637233686,3701.618458349843,1000.3108903044896,2325.9959157548233,4421.420951568167,948.4226888963393,5047.590600140205,3279.1002468834768,5827.864305525923,4251.321283794081,5903.160718095644,1405.6630802523696,3574.4338443719707,5578.566856655186,2122.734615501844,23.798348014264377,1077.1678502849827,2498.046267792374,3479.2404523149135,4424.932183242403,2121.9543417964583,26.13916913042153,3105.4893474351547,5099.868938401048,967.9295315309823,2828.882318875918,1776.6832271632782,4322.7163278368735,20.28711634002865,2504.28845743546,2148.4836477795725,5497.808528147764,2324.8255051967444,2698.1864732238105,3548.6848120942423,900.4358560151178,5397.9334938583925,870.7854552104604,2031.4425919717148,1822.7193757810355,5445.920326739613,221.5977323295437,3975.104392087537,2929.5376268706755,79.97805480203603,945.6917309274893,4823.261909841812,3600.5730135023923,5000.384040964369,976.902679142918,4047.2797098357155,4296.18702185376,4774.104666402511,5075.290316681398,2095.034898960651,448.26724374409457,5228.223962936999,5503.660580938157,1570.6909689414488,3826.7141775631894,3602.629290049329,3530.834347854621,3466.880850551336,3159.4628079780628,3033.0476808854387,2992.6968275696645,2980.4770457790014,2855.6044148160872,2836.008917739098,2815.8008724921065,2794.07413588825,2788.973208854581,2775.606469386311,2761.7131915860177,2739.8531388058714,2717.3315755127987,2712.6769738381845,2700.9361711771094,2685.725312801483,2683.2809068617653,2665.3088741993356,2646.40868895457,2635.6481915453037,2632.453142471515,2632.372969011978,2630.8566133127515,2620.4489387871736,2618.058623677491,2609.3035172604,2608.1721585868904,2603.7091702599596,2601.953266875295,2595.0980006535146,2592.0906089133537,2588.8599539641896,2587.136701912448,2586.231690811757,2564.5846546850967,2560.9580558320363,2559.9253451791014,2551.76762996787,2551.1245344564177,2520.5176391356667,2517.714051061108,2507.7305655707955,2506.0633883525866,2500.554112068496,2497.9668257589215,2494.1467947245465,2494.008149304061,2493.8885806210965,2487.099307052351,2484.363754302369,2482.9422303589813,2479.3421253950783,2473.148027824233,2465.304495021033,2464.71207662029,2461.113891810139,2453.5272102822046,2451.6883633840675,2443.5692521209103,2438.832425359151,2437.5943000989655,2430.797905601829,2427.802715656307,2427.616972326864,2420.620053345579,2416.753524683582,2410.847691478134,2409.6463769714637,2402.9062018711356,2401.0173804007127,2399.989241387022,2396.86053512487,2393.1644046159713,2391.8613598177026,2389.679521656106,2384.5996221205614,2383.0253632319045,2382.059588879923,2379.0791997930787,2376.2294852661507,2374.048746406755,2373.93261761711,2372.55049874916,2368.9313577731227,2368.843832793566,2364.4432034082206,2362.113811516132,2361.7509966718712,2361.2523879332534,2361.192391014848,2360.0717444975717,2358.784072392203,2355.9922291412277,2353.0107799463826,2346.1261524228557,2345.4696152419565,2953.0,2972.0,2977.0,2978.0,2978.0,2978.0,2980.0,2982.0,2982.0,2987.0,2987.0,2987.0,2987.0,2988.0,2990.0,2991.0,2991.0,2992.0,2992.0,2992.0,5
3121.0,3121.0,3116.0,3116.0,3113.0,3113.0,3112.0,3112.0,3110.0,3107.0,3107.0,3107.0,3107.0,3098.0,3098.0,3098.0,3098.0,3097.0,3097.0,3096.0,949.4624382987355,3029.7112718912704,1122.9968219622692,2925.4175400635604,2924.9847859895867,2923.253769693691,1029.5219419839068,4275.177496788153,1151.1258367705725,2523.3890053418077,2477.084319426601,2350.287375752248,976.7259449590911,3477.6117384542563,3947.1499087159373,2123.5242409899247,1601.6228277774019,3904.3072553925213,2929.7450808032995,2400.9196024071944,3472.4186895665694,4096.450064236932,4824.775170735005,771.6005138954628,2103.1847995131516,2750.584894178105,3150.449658529988,5750.436134965176,4077.408884982081,2475.786057204679,1102.6573804854959,5003.502603286226,4299.411724930691,1075.826627899114,4603.2050848603685,648.2656028129014,4424.910406383122,949.0296842247616,4148.813307187775,754.2903509365068,5100.8722699303535,2324.322131313814,2897.721279329231,5150.638988437351,500.6964635878017,2778.7139089864086,6398.268983704103,6375.333017783487,5196.078166204611,3277.246602204341,1601.190073703428,5577.334505375617,1349.3272026506186,2928.4468185813776,2948.786260058151,1473.0948678071538,1055.4871864223408,6327.730069646358,3802.6100480086548,4820.447629995267,402.02853472175264,851.6600175806342,6126.499425248495,3600.5138954628437,3625.6136317533296,950.7607005206571,5850.835080127121,3473.7169517884913,5451.4030698492115,1253.6885523023868,4653.404557441341,5801.9338697680705,6022.638447494759,6373.169247413618,3696.1525458110755,5626.235715734667,5553.533031307052,3175.5493948204744,3303.6446007167488,699.7633376157954,1149.394820474677,1521.1305700182568,4197.281763472851,4929.934410710663,72.26993035364121,122.46940293461356,1.2982622219216984,5573.872472783825,478.1932517411589,1380.0527419027655,2446.7915342484275,177.42917032929878,1597.728041111637,4498.911353032659,5550.07099871526,1593.4005003718978,1175.360064913111,6274.501318547568,5422.408546892961,1144.634525660964,3750.2377574112797,3209.493744100864,3190.8863237152045,3139.1836346196287,3080.455005940347,3061.759964058636,3014.32857956581,2970.5339492430426,2894.5634320923477,2826.8789275140202,2790.3328867161877,2767.4587662166364,2748.301104224604,2738.30173696568,2731.9031665510456,2728.6936734287524,2714.3110405801763,2699.3650235618197,2694.4361055585805,2686.732058438028,2670.02520690285,2668.3799279655213,2608.1714493694176,2584.0467369460125,2576.5328141217046,2567.8421963946003,2564.67087678534,2560.884070956734,2553.73641374267,2549.7568070599514,2530.976338893558,2520.1914362494845,2519.1970649079176,2503.553901820073,2502.557968529247,2501.320058306431,2488.1809375380803,2487.4254195010094,2478.835819844808,2471.7395483072,2471.4277557486607,2466.215267507716,2460.4399738005145,2457.8313203441835,2449.1707456254026,2441.2442918077436,2438.4172819943024,2432.1329899889524,2431.78643455456,2427.6219499811637,2426.476982235133,2417.9555257482534,2414.108303028051,2409.2456739226427,2404.5495269157377,2404.511241640549,2388.434309885029,2385.084172344843,2380.62176996306,2378.2878683231074,2371.4464199987524,2371.301939367868,2368.3520110636837,2367.596967446378,2364.3011916481646,2361.51399111898,2359.275412265032,2359.1826771310393,2356.1048007495,2348.844973848887,2347.2623936839373,2344.4253452223434,2341.7848658627126,2341.565538853138,2338.909236904272,2330.4976460255666,2326.4506606028904,2324.627331701621,2321.7821318081624,2320.613679585225,2319.4214925537995,2315.646591339567,2312.4949225569985,2311.3610648098033,2310.7053601054863,2310.183550129522,2309.8246557091093,2309.444716458883,2301.7491935207777,2297.1391388973448,2294.5877823541496,2293.92863824365,2290.7963039696165,2288.266032146437,2282.313044850508,2280.3742114595602,2277.526605722548,2266.088404150038,2265.1451382827972,2260.1013586514077,2979.0,2979.0,2980.0,2983.0,2983.0,2985.0,2987.0,2987.0,2988.0,2989.0,2993.0,2993.0,2993.0,2995.0,2995.0,2996.0,2996.0,2998.0,2998.0,2998.0,5
3129.0,3125.0,3125.0,3116.0,3114.0,3114.0,3114.0,3113.0,3111.0,3109.0,3108.0,3106.0,3106.0,3105.0,3105.0,3104.0,3102.0,3102.0,3101.0,3098.0,2928.8381585909747,2121.883740267594,949.6711769597098,948.7036057147177,2401.995615692796,2924.9678736110063,25.156852369793636,6302.2753042558015,3749.3385743442436,5146.027666490287,925.9656814574042,5.3216418474563465,1501.1867866051857,727.1297906115353,5202.146798699826,4500.173860458085,3301.353087912919,4550.003779575176,5495.804671554917,3996.06924181722,3827.228059566105,2000.9373346435862,5150.381737092751,49.34613349459521,2801.118754252022,6273.731952528536,1596.0087686144077,6006.19850328823,5453.715322397763,50.7974903620833,3476.9672688789783,2400.544258825308,3595.494746390506,4330.848892584474,2698.5562022828635,4577.0957744349535,6202.61546602162,249.1495955854562,4076.377655151561,4876.559074759997,3680.6410159498073,4177.972635875728,5497.739814044901,2851.9162446141054,5426.623327537985,3475.032126388994,2027.0617582583718,5821.392395494747,721.808148764079,4478.403507445763,5220.530652354675,2048.832111270693,1904.1802101443798,5498.707385289894,3273.777307430645,451.37198578879736,2078.343034242951,522.488472295714,5679.159422480913,2050.2834681381814,25.64063799228967,1951.1074155264948,1774.0418776929473,5502.577670269862,4573.709275077482,3628.875954342732,5877.995313326783,3553.4053972333513,1970.458840426336,2749.8374782674427,1525.3760677299872,2926.4192304784942,4524.363141582886,4778.834379015799,1596.4925542369037,2204.6110817144154,1976.7480535187847,2653.5641393907326,4321.173180134553,1604.2331241968404,3602.7515307279464,4277.632474109911,5322.609418701338,3823.3577745861367,5572.726585531786,4703.847607528914,5023.146118376295,2723.7130546526573,4027.031521656966,2298.9492781011413,6174.55589991685,3796.749565348855,27.575780482273792,2352.165696575705,2195.419154886991,2928.3543729684784,1750.820167813138,26.124423614785698,1224.9451961599516,1775.4932345604354,3255.218281315732,3172.136073217789,3118.0091490393747,3052.872330676594,2997.606388957926,2970.652567080037,2928.109375412509,2800.552421074013,2799.068928499885,2794.54728552808,2751.60907052452,2677.542369380497,2666.6831830683786,2633.300366946237,2606.1675055031333,2597.5973266267056,2580.101857770006,2575.874299542864,2565.826626877885,2563.691887520153,2553.5688758193673,2530.070313727607,2494.96026083185,2457.54709479568,2455.3848087692904,2449.895627716193,2445.836201817938,2435.386106279147,2434.931105580662,2429.7745989738623,2428.596494716444,2428.163871560781,2419.5062249429416,2393.722431726825,2379.079514130265,2360.707140460517,2357.362438971962,2348.3648545827427,2342.869519843607,2333.7228622724037,2333.2391556923753,2324.006792009382,2319.8129772415473,2318.431738361562,2317.204292785462,2309.0947240643122,2306.8982397668333,2302.630638933413,2301.243882635382,2297.9846295975663,2287.8908889986983,2284.77078299202,2271.1486742320194,2266.829901309685,2265.384037218852,2261.3818740346255,2253.124294427004,2247.3411787325413,2246.512761024416,2241.3151986197713,2231.2471539115054,2228.1954887674788,2225.4485017410248,2225.065592215761,2223.0133266989014,2221.729846744022,2220.3099135166913,2218.9707571122904,2215.2467755560933,2214.5656921122973,2213.1050728028636,2212.779186058347,2211.0314361797705,2209.021724535397,2208.1446463094603,2206.633558074357,2204.8943264032882,2204.7723749210663,2203.015306842338,2199.4046179448746,2191.182329687027,2191.03818206342,2184.754191332352,2180.8640192642374,2178.9360531355624,2178.7525581756095,2174.7641293546585,2167.708164352137,2167.6650495412464,2156.8849782024918,2154.9146501785935,2153.07648434045,2149.160420315623,2149.0113554443155,2147.791506892248,2146.8411843044983,2144.2620441631598,2143.71133301048,2133.9821034083816,2130.6292080337735,2975.0,2975.0,2979.0,2979.0,2979.0,2979.0,2980.0,2980.0,2982.0,2985.0,2985.0,2992.0,2992.0,2995.0,2997.0,2997.0,2998.0,2998.0,2998.0,2998.0,5
3125.0,3114.0,3114.0,3113.0,3113.0,3113.0,3113.0,3112.0,3112.0,3112.0,3109.0,3108.0,3108.0,3107.0,3107.0,3106.0,3104.0,3104.0,3098.0,3097.0,2121.362966678161,4671.652926240557,4306.924547819817,4827.334566314536,24.475721764208018,5474.53684837466,5999.761762954139,4101.488981536629,4154.051597128617,2681.0946365317704,24.074480423811167,2929.061784897025,5001.874549387167,6299.087802890192,5572.840976771889,3325.4882292091156,2924.64813015266,3973.0917526096364,1174.433403341588,5326.880035108617,4152.446631767029,5276.724867559011,5926.735839001913,2050.3432494279177,1821.6356854017115,4676.4678223253195,2299.91536315476,4950.916899156767,4649.58465251873,1149.95768157738,651.2146954640921,6129.362715902323,3019.341086486317,3975.0979593116203,399.63637503526536,4652.794583241905,2120.560483997367,2125.375380082129,5147.9263972916215,1147.951474875396,5523.087050562678,4626.713896116109,849.0266762797405,2273.8346760289646,6326.372214037177,5948.804112723739,2247.3527475627725,5101.783643145983,1202.5202971693677,2576.3706466881918,2443.96100435723,2148.24613648475,2523.406789755807,2932.2717156202,5504.629948904423,5725.312686122692,4375.938058368077,2926.2530955142474,3325.086987868719,800.0752327513244,4901.564214287953,3897.658380615028,1976.9160841352937,1075.7280336039623,2998.877778126078,1601.3541895238395,3326.6919532303064,943.7196326133977,5577.2546315162535,928.4724616783174,3847.904454405818,1071.7156201999937,426.5195448418545,1976.1136014545,2252.1676436475345,3676.9756433967586,5698.8307576565,3103.601767969656,948.53452869816,5427.992852888624,5351.756998213223,1399.1285539638257,4979.80627566534,4719.400645747783,448.98905990407826,1048.0423811165795,5019.930409705025,4075.8095357512307,4527.607285038087,2699.9529795304225,1105.8211341337262,926.8674963167299,4048.123883263848,6352.051659822576,3497.6207642393656,472.2610576470957,4130.779599385599,2775.3863515250305,5727.318892824676,6048.311965142158,3745.61533606856,3484.1629659360283,3372.8514489016193,3234.5863746412456,3234.2363567477905,3169.1074276534982,3091.6568729175315,3079.725166415151,3019.0227664367794,3007.4880206440635,2981.9133329870624,2969.104177617439,2911.739609316988,2859.7140869579753,2846.223042789339,2838.440535406574,2814.11417750603,2787.5495494006404,2761.2564455795177,2754.1836198276073,2725.1994575130125,2710.0524878089986,2664.7286436207523,2641.5906541417266,2632.720503405289,2624.783292493034,2609.3214685042594,2604.2832728626545,2598.181787628917,2596.689301756719,2579.5953257283354,2562.9371736656244,2543.9245804103416,2543.2921744212676,2540.075157886358,2539.560903020584,2527.7806527797284,2523.8716605383834,2519.525094897905,2511.7271611510914,2509.2754414639785,2508.3176603814395,2503.7669858771897,2489.6255519335023,2489.2727080017776,2489.199150235466,2488.9730857711015,2487.8458508846693,2483.5777276374656,2482.2943113022534,2480.766105036086,2455.9508392493417,2454.676793155565,2444.081296478244,2443.847272082558,2442.4124602585343,2442.320594738085,2438.543223818379,2434.607539921961,2426.1837031459295,2413.882451742554,2412.5243175859046,2404.19075996717,2397.658864081928,2393.9315009259735,2392.1365578398036,2389.6795662092563,2378.4586714419756,2374.084042382688,2373.6919535848697,2371.9499588113354,2367.823304923535,2367.778308742677,2360.3855195101887,2357.578263631422,2357.3357971373857,2349.0131057760136,2348.7709636530017,2346.3184612699747,2345.182832756551,2341.653050092355,2341.046940070678,2336.564220724487,2334.3491063391225,2329.848381360177,2329.512826063306,2328.5613588221972,2313.90488694279,2304.5993999884126,2290.1366362809463,2290.1034394997655,2280.4402634540065,2279.336171106708,2275.815863859772,2263.95367708684,2262.6783028360983,2259.3773178629895,2251.4165102656334,2251.074765533336,2248.7601040428744,2968.0,2972.0,2976.0,2976.0,2977.0,2978.0,2978.0,2979.0,2979.0,2981.0,2981.0,2985.0,2985.0,2985.0,2985.0,2989.0,2994.0,2995.0,2997.0,2997.0,5
3126.0,3123.0,3123.0,3109.0,3109.0,3108.0,3108.0,3108.0,3107.0,3107.0,3104.0,3104.0,3102.0,3101.0,3099.0,3099.0,3098.0,3095.0,3095.0,3093.0,5502.030157002953,2251.9881859163684,2928.499922275765,2929.2958184361883,2875.174879527436,749.7341831182962,5499.244520441473,3624.511114565521,3451.8016477537694,2117.879682885123,948.3102751437897,3476.872376807088,2125.0427483289286,224.84066531944657,2378.1377273433854,3501.5451577801955,5128.75485776465,4049.5196642313067,5071.848282294419,397.55013213119844,3994.204881081921,5318.576092025493,1272.6379605160887,2401.218715995647,949.5041193844239,3922.574226643867,5004.595056738691,5773.032799626923,3478.066221047722,3423.9452821389705,5696.228820146121,400.73371677288975,3799.21032177833,1055.358308720659,4825.120472563344,5079.011347738224,3552.8804601274674,0.7958961604228197,3647.9900512979943,323.53178921187623,5200.385512202704,2699.679776154205,1996.5055184206433,4873.272190268925,2248.804601274677,1823.39810352868,4971.565366081143,1976.6081144100729,6200.031089693765,1224.8841908907195,5678.719104616819,4097.273433856676,3027.5889942484064,5476.561479869422,4150.200528524793,3976.6951655526186,5575.252603761853,4022.0612466967195,4004.1535830872062,5075.03186693611,251.10523861339962,25.46867713353023,4827.508161044613,1604.5266594124046,2121.8591636872375,1503.049898958495,4676.287890564277,3725.9878750194307,5022.900668428415,2673.0172547800403,1622.0363749417065,947.1164309031554,1271.4441162754545,2123.4509560080833,3750.660655992538,1546.0282916213273,1721.9213430747704,2377.739779263174,5051.154982123426,5098.510803668583,475.5479558526348,2076.095134462925,4076.5801336856825,6203.612622415669,350.5922586662521,554.341675734494,1073.2659723301724,6031.301103684128,1678.9429504119382,2125.44069640914,1625.219959583398,2023.5659878750191,22.683040572050363,2546.469765272812,4472.140525415824,3979.082854033887,2830.206746463547,4153.782061246697,4825.518420643556,774.0090160111922,3996.474148303813,3608.2749722685085,3351.4065906035958,3228.1099870632443,3195.2902469270007,2962.93624804285,2927.9111726963774,2913.1205088176257,2845.315866896428,2842.4251040840545,2821.8013038232743,2817.119317599973,2769.685561785568,2761.432376675901,2746.1583731355418,2745.9728152937487,2738.535494404853,2727.971621660308,2690.7477379643233,2659.0761980570855,2654.5932390428165,2653.2096086990014,2641.924353696966,2640.287661893497,2611.272395865611,2589.4192136859656,2588.50729309135,2576.5700720733316,2575.6884218261644,2574.529016310625,2567.919688102693,2559.8057649538914,2557.155736490526,2554.927315668519,2541.3892239124825,2535.060663461938,2521.7848225915186,2520.809177224446,2519.764411504216,2508.2858362648662,2507.383963229091,2491.6281520894054,2468.162218394865,2465.110242493832,2455.587505710328,2453.597551781792,2448.734459047973,2448.2219204724047,2447.3689502658567,2441.2780441627133,2434.61348826114,2434.2531878777677,2428.2625451402373,2417.080739700558,2416.535032593669,2413.4545450385217,2408.1456323503803,2405.478544295815,2399.068167901082,2397.3968819577826,2386.810320335585,2381.4179059965654,2376.9784382442745,2368.3199263092692,2365.3117865698046,2359.7320811169725,2359.5756094683816,2358.9795439659347,2350.574767573623,2348.606304866312,2347.746282525918,2339.2803382643374,2317.8390020956554,2317.5379490634946,2317.411755376486,2315.154097987416,2307.9164907918175,2299.541115424967,2295.471495026236,2293.3502411432587,2292.8900777355734,2281.858959089209,2281.085377667835,2276.0379749087288,2275.7634865716022,2273.640096769065,2268.4282621680527,2260.9055016835446,2257.353890233204,2253.3740093210577,2249.6580999721455,2249.195047148969,2245.7603694888603,2242.3349449469015,2239.020635511322,2238.646500702175,2238.280634148007,2236.573137475746,2235.890756202219,2235.5288006294795,2973.0,2973.0,2976.0,2978.0,2978.0,2980.0,2980.0,2983.0,2985.0,2987.0,2987.0,2989.0,2990.0,2990.0,2992.0,2992.0,2993.0,2994.0,2995.0,2995.0,5
3125.0,3112.0,3111.0,3110.0,3110.0,3110.0,3109.0,3106.0,3104.0,3104.0,3104.0,3099.0,3099.0,3099.0,3098.0,3095.0,3093.0,3093.0,3092.0,3091.0,2875.788806088473,2251.9232598699855,2029.4910416996986,5675.2687490090375,1601.6743301094023,5327.819882670049,5100.110987791342,5948.438243221816,3474.894561598224,197.67242746155065,5321.73140954495,4920.29808149675,6049.912795306802,347.4488663389884,5878.623751387347,1427.543998731568,2400.8879023307436,4623.180592991914,124.20485175202155,4376.80038052957,1998.6427778658633,1000.5390835579515,6.088473125099096,447.2998255906136,2002.7017599492626,800.4312668463612,2776.343745045188,5501.544315839543,4700.707150784842,5500.732519422863,3475.300459806564,4778.233708577771,424.9754241319169,5120.8117964166795,2400.0761059140636,949.395909307119,5602.207071507848,3374.637704138259,2975.639765340098,5623.313778341525,2648.8917076264465,1200.6469002695417,4452.703345489139,4305.362295861741,2928.149674964325,4553.771999365784,5497.891231964483,819.9143808466782,4724.655145076898,278.85206912953856,2747.119074044712,2076.575233867132,5896.483272554305,6197.2538449342,1897.5741239892182,3602.3465990169652,2401.2938005390833,4824.506104328523,5204.020929126367,396.15665133978115,1076.44204851752,1098.7664499762168,1174.2635167274457,5548.222609798636,2479.2262565403516,2824.2397336293006,6323.894085936261,5345.679403837006,2779.996828920247,6174.523545267163,3999.3150467734263,1950.7467892817504,4004.9976216901855,2869.700332963374,1824.1065482796892,3742.3814808942443,751.7234818455684,4621.557000158554,2727.230061836055,3254.085936261297,500.87838909148564,1477.0635801490407,1651.5998097352146,5324.1667987949895,3979.0201363564292,6352.306960520057,948.5841128904391,6375.8490566037735,4425.914063738703,375.45584271444426,849.5449500554938,5420.770572379895,1948.3114000317107,4080.494688441414,4701.518947201522,5099.299191374663,1996.6132868241634,5427.264943713334,2327.826224829554,1375.9949262723956,3111.4166729413078,2954.949725295041,2884.401369184326,2864.251171632386,2842.119964394657,2822.446792820389,2818.3410524155133,2741.4704769007794,2733.330454954177,2729.482631720319,2709.456754701827,2696.649367197524,2689.185498895199,2682.2054638018394,2668.387802794505,2666.101733958984,2650.6438932074257,2646.269281277033,2639.9246137607256,2636.053396835879,2630.5547947155815,2623.0498830230003,2618.2983932265724,2609.472532870801,2590.0800862351616,2544.0027701045897,2540.5934319650023,2534.1603614093715,2520.963184607228,2517.326333291799,2510.7184930076096,2506.5791354662792,2497.439601143643,2487.936324504402,2478.0264033036283,2476.9728040557807,2471.7748236283646,2468.702257025736,2465.970835525205,2443.110137507181,2437.4833893781883,2436.5335327555417,2422.840839895578,2419.0933746715036,2414.114930460771,2410.546689716015,2410.204140565005,2409.735894213932,2404.949706789362,2401.8842506243395,2395.0646537443276,2391.411586888222,2387.657420964794,2380.198702593132,2376.3949947932183,2376.223642205241,2374.8724649181727,2372.9665961514224,2365.9552306821893,2365.7674755237103,2365.037308050157,2353.1234967093683,2340.01752331814,2338.124309867971,2330.831320483935,2329.4811614829637,2324.210958187132,2319.4024615105222,2316.5206729461315,2311.487421542857,2309.9062999144116,2308.889165208641,2307.4019407316114,2295.3893656370806,2294.1389545231305,2290.446862592406,2274.714492939284,2273.0513643092027,2270.7659023899478,2266.255378975613,2262.599650523246,2260.4613544936806,2259.593292807776,2257.2052825249684,2255.86157560796,2246.2583377308765,2242.54214170172,2239.4930689592275,2229.397287512788,2223.941412448326,2221.0211115709008,2218.631265105072,2216.194480757353,2210.1384604371965,2209.93421313652,2208.525175378517,2199.32234701108,2194.987326290151,2194.310890168085,2192.4020414627043,2971.0,2971.0,2975.0,2975.0,2977.0,2977.0,2979.0,2979.0,2980.0,2980.0,2987.0,2987.0,2987.0,2987.0,2990.0,2990.0,2993.0,2994.0,2994.0,2995.0,6
3127.0,3126.0,3126.0,3124.0,3123.0,3123.0,3121.0,3120.0,3115.0,3115.0,3115.0,3112.0,3112.0,3111.0,3111.0,3110.0,3110.0,3109.0,3107.0,3105.0,2929.397605624881,1049.1670361689999,2126.711851523405,2123.468676759359,1576.1829353265346,23.513017039336162,5529.20757585355,50.26920884271869,1048.761639323494,6271.894596820169,3723.1646291252296,4396.528789510357,773.0917843795528,597.5549502755432,5828.795844682333,1674.288971938937,51.89079622474188,3221.6887312345602,1001.3302083993159,1753.3413568125673,5321.644390954583,3527.763349591436,5247.862165072528,27.161588648888326,2377.652498891493,571.2041553176664,754.848926331792,2122.2524862228415,5328.536137328181,4626.388800912143,5997.84632925825,3351.8211186419207,773.9025780705643,2404.4086906948755,979.4387787420029,6202.571736238678,5225.159941724203,5501.640590359157,1127.8140241971241,552.9612972699056,3249.255716728954,4278.152910622664,4795.844682333565,5472.452017482739,399.72128966871475,5470.019636409705,1002.1410020903274,4849.762462785837,970.5200481408754,5650.4212326597835,2545.4867929308925,2476.1639323494014,370.93811363780327,25.134604421359345,2275.4924938240324,455.6660543485146,4498.688794577817,4223.424336479382,2926.9652245518464,5500.829796668145,48.64762146069551,996.0600494077405,2594.9452080825995,175.53683410400964,3552.8979540127953,5856.362830176728,948.2232216380567,295.939697219231,401.34287705073797,2327.78868689428,580.9336796098055,1595.6419839108128,1379.1600684107177,568.7717742446316,253.77842528662825,2400.7601190853234,5943.9285488059795,949.439412174574,2548.7299676949388,4229.910686007474,4680.71197820992,1023.2216380566289,2923.7220497878,3300.7411161081905,4630.848166212707,5848.254893266611,6251.624754544879,4329.6383100019,3792.8928865522266,2000.228035725597,5697.852663583962,6001.494900867802,2304.6810667004497,3294.6601634256035,4750.034838791411,5397.858997909672,1471.995946031545,4246.531956673212,4198.289732058022,1293.6213340089948,4198.865118320193,3425.489404828929,3398.491826859123,3343.94621165227,3268.8931979381473,3224.0609644376614,3173.8640902430825,3155.053696212723,3097.8163311097064,3086.191166131523,3081.5942293192406,3053.843835905792,3051.717763341987,3014.021909263879,2951.7995482143947,2897.2079179074176,2860.3519046990587,2847.0664166630168,2776.5082089345037,2770.013873651143,2767.6853435753756,2760.556369336613,2752.2034196737322,2749.0415752762424,2743.2942525851686,2713.6375630051875,2704.0485019746097,2674.6417630197543,2665.8015904007234,2657.932775661132,2653.7990445526675,2651.6481923770566,2650.663965941889,2645.0027337782703,2643.062646828113,2635.80256378242,2634.000262466518,2621.445013732969,2620.5454945399224,2615.1451681486938,2610.6942361718893,2608.0974930430607,2593.86900844978,2586.149423983986,2583.177055414911,2579.0801390644215,2575.1564916273805,2564.7238076703866,2562.333340610505,2558.159772255409,2552.590265573375,2546.636073600814,2543.096181857602,2534.380297166067,2507.8511271968614,2503.430607437479,2497.7150762411225,2494.257975808611,2488.6565760349563,2487.7076982298945,2481.439277904665,2479.8868993947854,2479.011504089533,2477.773042957766,2472.586745172916,2458.5305381832554,2455.1657688049245,2455.104594320575,2454.0176637795525,2451.8554898797415,2439.461808749605,2422.3471259333396,2421.9335241666167,2421.754285985958,2418.3270555117374,2414.4347183131513,2413.0352330555156,2412.688285559055,2410.9048838010176,2410.344225284753,2408.940438694698,2407.501625307357,2406.032208846466,2405.1741162046924,2404.0519841234,2402.0878450624787,2396.8205560836122,2395.9353017834605,2395.7557678730523,2394.5479812950116,2394.0532352591354,2393.8017740003365,2392.7666687705005,2391.8251802904797,2391.7504463964447,2388.586313439812,2382.132424619977,2376.2497428562347,2372.89087915902,2372.013505532452,2972.0,2972.0,2978.0,2979.0,2979.0,2983.0,2989.0,2990.0,2990.0,2992.0,2993.0,2994.0,2994.0,2997.0,2997.0,2998.0,2998.0,2998.0,2998.0,2998.0,6
3116.0,3116.0,3115.0,3115.0,3115.0,3114.0,3114.0,3114.0,3113.0,3111.0,3111.0,3109.0,3109.0,3109.0,3108.0,3107.0,3107.0,3105.0,3104.0,3102.0,3550.4992435703484,4423.358547655069,5748.38124054463,2323.267776096823,272.5567322239032,2949.228441754917,624.0242057488655,345.6580937972769,3726.2329803328294,3702.027231467474,2727.5037821482606,2098.154311649017,1176.8835098335855,2929.8638426626326,5775.007564296521,4399.152798789713,3200.0000000000005,497.1860816944025,4977.186081694403,6372.889561270803,3821.60363086233,2727.0196671709537,2221.119515885023,351.4674735249622,1820.2723146747355,4649.924357034796,3251.3161875945543,4025.900151285931,3903.903177004539,2227.4130105900153,1351.6490166414526,5324.296520423602,494.2813918305598,3295.3706505295013,2280.6656580937974,3646.354009077156,2.904689863842663,2902.2692889561276,152.4962178517398,6155.037821482603,1175.9152798789714,503.47957639939494,2754.6142208774586,1945.17397881997,6299.304084720122,4899.243570347959,1970.3479576399398,5700.937972768534,4093.6762481089263,2770.590015128593,5720.302571860818,4826.6263237518915,1598.0635400907718,5325.748865355523,2198.850226928896,3352.0121028744334,2445.264750378215,5101.603630862331,4151.77004538578,2722.1785173978824,4652.829046898639,5546.021180030258,2848.532526475038,424.0847201210288,1426.2027231467475,6022.874432677761,2429.773071104388,3752.3751891074135,4653.313161875946,4852.284417549168,1378.2753403933436,5507.291981845689,4074.795763993949,5347.534039334342,2397.8214826021185,6228.139183055977,3502.0877458396376,4475.15885022693,3649.258698940999,5301.05900151286,996.7927382753405,5927.987897125568,149.59152798789714,1428.139183055976,2932.7685325264756,1903.5400907715584,4924.417549167928,1322.602118003026,851.5582450832073,2724.599092284418,2675.219364599093,5455.007564296521,5601.694402420576,3625.5370650529508,2202.2390317700456,4555.52193645991,5246.354009077157,1676.9742813918308,1775.7337367624814,6023.358547655069,2845.827673167386,2691.337119407352,2631.0015620327135,2622.039515189587,2613.780001759604,2611.2606974248347,2601.048662362315,2600.7534573582616,2597.3983887260283,2582.1891577790448,2564.6523236020385,2535.0830813384864,2532.1075946019205,2527.4046465776833,2525.2807872030435,2513.0679186563016,2476.5308397029144,2468.3465288367665,2437.287106014541,2436.798607566396,2424.2179937690403,2415.207863925612,2409.932679714799,2407.7888355399796,2388.9913060754166,2386.4656801589695,2383.1569006424497,2363.64993056113,2361.9616685793662,2353.907402261368,2349.586449278907,2349.155856388717,2321.0140302883324,2315.4671693613686,2288.0641809533786,2282.274399342275,2278.492268141028,2272.1326239459067,2271.2797311580475,2266.8846809845613,2263.854346866146,2263.4194343515337,2263.32385445817,2255.352371962232,2252.4945394405377,2250.2745066129346,2246.5555719112845,2239.0257803033205,2225.757274609732,2221.567377562029,2213.643576631394,2212.2530802047595,2197.6729380771562,2191.606228859097,2189.9882829148755,2185.0580365796363,2184.6379927864455,2183.4218774331853,2181.6618260048804,2171.7227421185808,2162.8497956324168,2155.7723021974293,2148.594819361292,2145.7404346324593,2143.078723878836,2142.8815197246518,2141.9467958965624,2133.565026653198,2132.2302929601733,2127.302824939116,2126.8931152086807,2122.2074365042477,2120.069240785359,2119.709957667049,2116.9078458469357,2110.969880659612,2090.8577530162115,2086.1296346365634,2079.621988551625,2077.2757440279256,2077.107504991754,2069.62532895526,2069.1158803670096,2068.064973743245,2064.7760259519573,2060.4557757380026,2056.3916834506035,2053.239325426391,2046.8478319239503,2045.602971356489,2044.8581022435521,2041.9106510316303,2040.4509787898671,2038.0838790160376,2031.1033114385766,2030.222653025591,2027.7603952371148,2027.559885316062,2025.5480664453812,2024.0685416221957,2971.0,2974.0,2976.0,2978.0,2979.0,2979.0,2982.0,2982.0,2982.0,2986.0,2988.0,2991.0,2991.0,2992.0,2992.0,2993.0,2993.0,2996.0,2996.0,2996.0,6
3115.0,3114.0,3113.0,3113.0,3113.0,3113.0,3112.0,3112.0,3108.0,3108.0,3108.0,3107.0,3107.0,3104.0,3104.0,3101.0,3101.0,3101.0,3101.0,3099.0,4101.606951553386,4900.749910724913,2648.8275205332693,4350.720152362814,1823.78288299012,524.1280799904772,3295.988572788953,4800.571360552314,5950.529698845375,3298.274014998214,850.1845018450183,5325.080347577668,5527.722890132127,1973.0984406618256,5552.100940364242,3055.2553267468156,52.18426377812165,2698.3454350672537,6129.936912272347,5602.761576002856,4027.710986787287,3779.3596000476127,4575.455302940126,4552.600880847517,1503.440066658731,5372.693726937268,797.6193310320199,2971.0748720390425,4224.639923818592,4624.592310439233,4901.511724794666,1822.6401618854895,1928.9132246161168,3929.4369717890722,2926.8896559933337,4678.681109391739,3200.761814069753,5571.527199142958,5504.487561004642,1500.7737174145934,4000.285680276157,6275.824306630162,4527.080109510772,5451.922390191643,4277.966908701344,3300.5594572074747,2224.497083680514,5472.49137007499,5403.928103797166,3976.6694441137956,4298.154981549815,5498.77395548149,5577.24080466611,728.2942506844422,1375.8362099750027,5201.666468277585,4270.348768003809,1978.8120461849778,4624.973217474109,1605.1422449708366,1746.0778478752527,3877.2527080109508,1600.9522675871917,4378.52636590882,4425.377931198666,2099.9404832758,846.3754314962504,1598.666825377931,375.5743363885251,5322.033091298655,2697.5836209975,2479.7047970479703,947.3157957386024,5697.2265206523025,4778.4787525294605,2920.795143435305,25.139864301868823,4481.752172360432,6048.041899773836,4852.755624330436,2201.2617545530293,154.64825615998095,1895.3934055469585,475.37197952624683,1599.8095464825615,952.6484942268777,6346.673015117247,929.4131650993928,697.8216878942982,453.6602785382692,5523.532912748482,3550.434472086656,3649.0893941197473,5977.574098321627,4225.401737888346,5275.562433043685,1851.5890965361264,3123.056778954886,226.6396857516962,6074.324485180335,4324.9386339314715,3604.537089022413,3525.728809752115,3169.3315299883157,3133.420618278868,3063.768757273533,3053.2108970434256,3042.6948401539935,3040.4359765904665,3035.1274371092854,3017.6590030330444,2996.141581066793,2991.31661632882,2951.921717916112,2938.981407655145,2927.5663040684535,2922.3844052031754,2899.319322612303,2886.738253852263,2880.7166156548565,2861.4966896871933,2847.7869407996104,2828.7884448810923,2826.220967012256,2826.0168221572385,2813.809283314817,2806.854731217119,2802.7655232515654,2796.190969513283,2793.22147061193,2787.7815169997984,2758.3586223779193,2753.736496845558,2747.366880811279,2703.8443616208633,2690.799192567926,2690.6235217138624,2674.3175335823266,2670.6747708753983,2653.8034901967903,2653.0551616520124,2636.8445761812886,2616.8280701333047,2612.2258567909303,2599.958494384343,2580.5029461949553,2577.954128138691,2573.9625894407636,2570.1298077907695,2565.46809691359,2562.849457109667,2556.3713597469464,2553.852817494528,2553.4864800018654,2552.2366681575627,2551.5366895100187,2549.3480726866346,2548.0075469951316,2543.1499023708307,2542.4368176268003,2539.071194059798,2539.0370696994396,2530.9491508606548,2529.6283461533617,2529.4224533605166,2527.934907283305,2508.903472588858,2504.619717446748,2492.56164956388,2488.5968847867025,2485.6373392942673,2484.208156245879,2481.5966653570395,2479.282542553754,2478.5307972477867,2477.467728318096,2476.2536014566003,2457.5289367901973,2457.3241762975763,2455.7088791615397,2451.611002289292,2448.168007796424,2447.15130845467,2442.6549711906387,2441.9628817136368,2440.6270019979206,2440.5779329495567,2438.3070847648223,2435.1705684465323,2433.604346601327,2432.1514989178277,2429.202155691625,2425.95884666459,2418.6199726903496,2415.669059506219,2410.7604327789422,2408.441494251976,2404.2415058524593,2402.0380015202168,2399.2417067108895,2960.0,2960.0,2972.0,2972.0,2973.0,2976.0,2978.0,2981.0,2981.0,2982.0,2982.0,2987.0,2988.0,2988.0,2990.0,2990.0,2999.0,2999.0,3000.0,3001.0,6
3127.0,3127.0,3122.0,3121.0,3118.0,3118.0,3113.0,3111.0,3111.0,3111.0,3104.0,3103.0,3101.0,3101.0,3096.0,3093.0,3093.0,3092.0,3092.0,3092.0,5652.171166903521,5925.027633033317,73.77230380546344,4175.714511290068,5951.302700142112,4325.953997578819,2928.6594031264804,5473.635454497605,624.8749934207063,4277.783041212695,2172.409074161798,2199.6947207747776,1600.084214958682,900.0894783935996,2501.184272856466,2928.322543291752,2930.0068424653928,5328.112005895046,2124.91183746513,5299.478919943154,4973.73545976104,2721.8274646034,472.2774882888573,3801.4632349071003,6129.838412548029,1477.8040949523659,3225.0960576872467,98.69993157534607,119.58524132849097,2944.4918153587028,6095.478709405758,2924.2802252750143,4823.832833307016,4995.294489183641,4826.864571819569,4900.300015790304,4301.363229643665,4727.827780409495,1175.303963366493,1098.163061213748,6302.647507763566,247.25511869045738,2127.6067161429546,5493.847044581294,2748.1025317121953,3225.4329175219746,1024.3907574082846,799.0315279751566,1652.6343491762723,4777.683035949261,1875.9724196010316,4301.700089478393,2876.7829885783462,3047.907784620243,2249.886836149271,4046.6971945891887,2399.4526027685665,4048.718353597558,1649.9394704984472,5502.268540449497,5101.742196957734,2553.0606874046002,4828.54887099321,3294.8260434759723,2622.4538133585975,2446.6129796305067,5499.573661771672,553.4607084583399,1271.645876098742,4801.936944049687,4269.69840517922,2271.445865571872,476.6566661403231,3700.068424653929,399.5157639875783,3327.164587609874,5505.3002789620505,6350.1447444602345,5497.889362598031,2929.3331227959366,2025.201326385599,2698.24727617243,4550.302647507763,2121.20637928312,5871.466919311542,4148.428864677088,23.243328596241906,5801.06321385336,2248.8762566450864,273.8670456339807,4527.059318911522,3245.9813674403913,4649.676298752565,2375.1986946681404,2101.668508868888,1377.083004368651,3393.5259750513183,226.36980893731248,199.42102215906098,2775.388178325175,3762.1158388980334,3425.334695110892,3420.1535643135953,3398.389569927001,3335.4613671352904,3237.60064601881,3231.670008725723,3176.100479049157,3159.9665693160046,3155.2772211402566,3124.570506384993,3121.6560715429873,3120.2182027212375,3092.890577242811,3035.536803743311,3029.2520468505368,3028.280749708797,3008.5343395648606,3001.5633933803138,2983.69739088904,2981.8466079015775,2980.386925699631,2963.1729218206397,2953.062698620763,2948.586424139841,2940.4195105335625,2904.170389711466,2892.0458907676734,2878.686257178226,2876.736827749228,2876.2406135613605,2866.803132014175,2864.2872230347434,2851.6282975353274,2834.974179407887,2829.2894780219985,2826.7430134636083,2822.9451781632797,2795.4987693138023,2794.7676560039727,2789.6555858390548,2783.112232260525,2782.9593310286,2782.3968923145635,2779.702816027088,2778.7654068539628,2768.5828694829647,2758.4946996221597,2747.508040141004,2745.0201606016212,2738.0820316162867,2737.77282565281,2732.276646225574,2730.7716279790075,2727.554022134287,2724.985471486053,2704.0631717010674,2688.006137462858,2685.8863707221954,2681.1234519683017,2680.8760607145673,2676.3984125354605,2673.584268009526,2672.606862582543,2672.4094002475285,2659.4334583928608,2651.538473340915,2649.9320370850487,2642.090164199754,2640.743952202804,2631.0874275201654,2626.5790335159422,2624.519828247875,2615.1554924723982,2614.992985422705,2611.5969774455853,2606.8940777269686,2603.118296086708,2596.082792496163,2589.748123686362,2588.5096694416916,2586.359957524174,2584.8447423895273,2583.7064876513714,2583.632431663601,2578.7927274387125,2577.1377350350663,2573.9930625684574,2573.5035233819917,2568.948462456067,2563.7318392868106,2563.1925962927885,2561.096827808554,2559.7955569445644,2559.2737247463538,2555.198548340796,2552.1089920231084,2551.69831078019,2543.9259191936053,2542.3029485117363,2970.0,2970.0,2971.0,2972.0,2972.0,2978.0,2983.0,2983.0,2984.0,2984.0,2985.0,2985.0,2987.0,2987.0,2987.0,2987.0,2988.0,2989.0,2991.0,2991.0,6
3126.0,3126.0,3125.0,3125.0,3124.0,3124.0,3124.0,3124.0,3122.0,3120.0,3118.0,3115.0,3115.0,3115.0,3115.0,3113.0,3111.0,3111.0,3111.0,3111.0,49.4479026556977,498.6830992524008,947.7181019112265,6250.855516281397,5826.644561919359,950.1204291657543,4825.274484657011,49.648096593575026,2928.837311145172,5473.902843379524,5499.52766742782,3247.1456723701085,1302.6619537677125,3328.6246050861773,5174.212518377178,5596.2213394225655,853.6269511088867,5425.255716475335,5927.34211267165,5550.777315524414,4201.670368169164,73.67136913885327,2397.1222121430137,872.8455691451093,1024.7927679939942,2096.430917451281,401.98942725765585,4449.510463261285,948.5188776627358,5550.977509462292,5502.130188620225,4799.049078795083,2402.527448465701,5922.337264224718,5352.985704901624,5221.85867559198,2627.5454346398074,4645.300134505302,5052.694798085646,5072.714191873377,4970.014701742313,25.024242234664833,649.8295223497763,2930.4388626481905,2123.2569051268415,4094.7668053426755,6151.158935218493,1301.4607901404486,3402.2959742250305,1923.062967249523,1702.649441646595,4777.828521380087,4399.662172729832,3354.249429134474,2301.2293158997777,875.2478963996372,5602.227157558885,3548.2373549375957,1451.6062435484375,1049.4166223529044,52.450811723857484,5201.639087866371,4075.7483812443306,3546.2354155588228,925.0961869310895,1001.3700772623479,2252.7823829334666,4626.281710406956,3475.767149426006,4180.8501986299225,1427.1825831274048,1417.973661985048,2998.504801526479,2098.0324689542995,1822.7658043729864,4854.9031874628545,6153.160874597266,6397.597672745472,5524.151521786731,5722.143326347399,4398.060621226813,5927.542306609528,5873.690137320529,2201.5327348368733,600.9822015077106,2621.9400043792425,1598.7487878882666,3346.8422534330134,5573.199036566674,225.61856798773812,2778.691857737183,3399.0928712189934,4027.701836153774,4577.634583502769,400.98845756826927,1622.3716725577904,1253.2140511120147,6151.35912915637,1998.7362757671494,4475.335481247458,5166.436697856065,4867.806358971105,4816.656475282062,4769.603222831983,4703.674167640069,4670.093242304277,4660.872169569241,4534.281129666385,4489.120816009005,4472.562962594064,4457.828063581763,4336.0294126209765,4279.599330393468,4265.111407454839,4239.179532957549,4190.780060550375,4164.783163384842,4164.173499506756,4128.902425947197,4127.840534908781,4082.8973021799093,4042.5791076351265,4004.9388169257672,3995.9061861837927,3974.00121915241,3958.9113317990577,3956.396968786275,3946.792769880463,3946.024760267601,3938.512187191591,3908.197141196301,3897.236997108641,3888.5556772170617,3879.140764950924,3843.5514718422783,3837.05882499156,3836.003098509756,3821.5369081800645,3814.5315254095653,3811.173610612755,3808.5075602388038,3807.6879805955127,3799.8226163651025,3798.5495855556096,3795.097515856829,3792.4056260439215,3784.135864192264,3783.7485619374775,3775.2018179976058,3768.138377915193,3763.4431469884235,3760.7052276272134,3757.0968530538144,3742.3831042622137,3726.371265070938,3723.154235017953,3721.907058816482,3718.403884748599,3717.3153884133353,3712.875022632807,3709.8454332664414,3708.4940778491136,3697.547557718968,3689.301130869095,3676.932876173038,3676.2727436560995,3667.0511887240327,3657.6592239924157,3655.781228547079,3648.3567028317866,3645.404879893651,3637.566528752128,3624.975098664743,3622.9424897782437,3616.9304830455653,3615.990057921644,3602.6392180584967,3601.8373289356355,3593.5679853139427,3592.3632197839793,3582.155073635397,3579.7796802925636,3578.1361799781052,3576.2072030940885,3569.508518020959,3568.036665863955,3556.738407387796,3555.73375213717,3543.6485598283725,3536.304680594263,3530.2858472833623,3519.746443696252,3517.1643851855524,3516.289396460026,3513.249694602042,3510.6121127712377,3509.784218920399,3508.802539614598,3497.1066276262522,3492.47777888161,2970.0,2971.0,2973.0,2976.0,2978.0,2978.0,2978.0,2978.0,2978.0,2979.0,2979.0,2980.0,2980.0,2981.0,2983.0,2985.0,2985.0,2987.0,2987.0,2987.0,6
3131.0,3131.0,3126.0,3126.0,3124.0,3121.0,3121.0,3110.0,3110.0,3109.0,3107.0,3107.0,3106.0,3105.0,3104.0,3103.0,3102.0,3102.0,3101.0,3101.0,2928.7798820242156,452.62961813101515,1398.4228500465692,4397.143744178826,3101.645451723067,3295.1754113629304,948.5749767153056,1996.1005898789194,3475.9888233467864,1929.7361067991305,1100.3787643588946,1625.333747283452,3899.6088171375345,1278.4104315429988,50.46879850977957,4350.648866811549,747.4945669046879,3725.1536789816823,5495.932940080719,4976.541446755666,23.84352685501397,4897.460416019869,2929.177274138466,2675.6411052468175,1624.5389630549516,5227.295870847563,2652.194970506054,3024.551381558522,5853.188450791679,4876.001241850357,1406.7680844458241,5426.786712201179,6299.45979509469,1879.664700403601,2403.824899099658,4426.1533685190925,3575.734244023595,5447.848494256441,5448.643278484942,2745.9795094691085,6345.557280347717,4377.671530580565,2605.7000931387765,3878.944427196522,5092.977336230983,702.9866501086618,2377.5970195591426,2319.1803787643585,3621.036945048121,3853.1139397702573,2828.637069233157,2422.104936355169,1051.1021421918658,2948.649487736727,2952.62340887923,3646.470040360136,400.1738590499844,1753.6914001862774,1274.0391182862463,3249.0779261099033,3727.1406395529334,2203.936665631791,724.4458242781744,975.2002483700713,6048.307978888543,948.9723688295559,6253.362309841663,2776.181310152126,6247.00403601366,2924.8059608817134,248.76746352064572,3748.599813722446,4601.005898789195,4798.907171685812,1603.4771809996894,1380.5402049053087,5504.278174479974,1069.3821794473765,5551.567836075752,5044.098106178205,652.9152437131324,3026.538342129773,273.00838248990993,2449.127600124185,3000.707854703508,3424.327848494256,2426.0788574976714,850.8165166097484,3854.306116113008,5549.9782676187515,2876.721515057435,2823.073579633654,1098.7891959018937,3853.9087239987575,4696.777398323501,5322.272586153368,998.646383110835,1105.1474697298975,4676.113008382489,3054.3557901272893,4391.559719077872,3647.240914831208,3591.4722837694158,3544.7745421932,3387.8529580167356,3199.901482857547,3191.042875081782,3169.940740646425,2981.5288677632357,2934.541588494232,2904.7820858428154,2896.6261456931834,2889.25875738895,2868.5078648676035,2848.7598049090207,2838.4752771383187,2799.687904358305,2780.608025354939,2776.485501325742,2775.5230758039706,2767.9194525426265,2755.1589382219786,2744.723916189532,2744.249871485439,2741.3686979757144,2731.0150122401665,2726.871037057217,2709.3486035765477,2692.6700462017984,2689.2944333523274,2688.742307684856,2688.5484907286946,2685.80757732787,2674.3074532141727,2674.151367472397,2666.673894890705,2659.2286293424727,2639.6095922210725,2620.247857773662,2616.0148090149487,2592.1977898253426,2582.9174344468383,2574.9912279983137,2540.1871604575003,2540.029206967799,2536.2700234764993,2518.3276705236062,2516.6250910022227,2512.5583684657695,2506.256770394488,2505.755456803661,2499.204400996449,2488.1913344211216,2482.8698324314164,2479.0541571175777,2478.9894099026083,2474.893142499686,2468.843808808044,2449.348009660395,2442.07351223283,2434.796113928241,2423.770272267198,2420.1084541345467,2411.628751876594,2403.2900247985285,2402.5898477192372,2399.8710124201098,2397.8208511983935,2394.37279998117,2393.111389578241,2377.54451089119,2375.0811489408625,2373.503510975907,2373.0098025482844,2367.224181469163,2359.0290141700843,2357.3242634409908,2353.434072800946,2350.654183320301,2348.4335673726887,2339.1227450112756,2334.183008851839,2331.8942657379393,2330.944782002117,2329.347836852513,2326.486019124456,2323.171919069253,2320.347538723172,2317.640817842604,2317.5039354004502,2313.3450814976322,2312.781597373824,2310.684239903416,2305.862021395764,2303.4430033736608,2302.3781367668225,2301.4318076648856,2290.673570666892,2290.3680230037157,2286.107791472363,2976.0,2978.0,2980.0,2981.0,2981.0,2981.0,2988.0,2992.0,2992.0,2994.0,2994.0,2995.0,2996.0,2996.0,2999.0,2999.0,2999.0,2999.0,3000.0,3001.0,6
3127.0,3127.0,3126.0,3118.0,3116.0,3113.0,3113.0,3112.0,3112.0,3110.0,3110.0,3104.0,3102.0,3100.0,3100.0,3096.0,3095.0,3095.0,3095.0,3094.0,5503.597061909759,2548.180482686254,96.70514165792235,22.564533053515216,4200.763903462749,952.5456453305352,2929.628541448059,1448.96537250787,5275.802728226653,2928.554039874082,751.6138509968521,2253.229800629591,3621.0703043022036,5398.83315844701,1998.572927597062,3100.474291710388,2377.871983210913,1700.9359916054566,3798.900314795383,3474.938090241343,2352.083945435467,2402.0482686253936,2224.7555089192024,6275.626442812172,5077.5571878279125,2124.289611752361,1475.2906610703044,3776.873032528856,4075.04721930745,2799.0766002098635,3000.0083945435467,5504.671563483736,2599.2193074501574,6050.518363064009,4473.687303252886,4275.441762854145,1798.7156348373558,6348.692549842603,399.71458551941237,1221.1710388247639,4373.758656873033,902.0440713536202,2875.3662119622245,3002.1573976915006,2796.3903462749213,1053.0115424973767,1873.3934942287515,3048.360965372508,5498.224554039874,5077.019937040924,5801.233997901364,3052.1217208814273,5000.193074501574,673.1752360965372,2474.577124868835,4950.766002098636,2050.149003147954,5724.944386149004,1275.9706190975867,5374.119622245541,5098.509968520462,2399.3620146904514,3777.9475341028333,6046.220356768101,5575.051416579224,1218.4847848898216,4002.5183630640086,1525.254984260231,5245.716684155299,3871.9664218258135,677.473242392445,2202.1909758656875,3874.115424973767,878.4050367261281,4099.760755508919,5173.725078698846,4498.400839454354,4627.878279118573,4096.537250786989,1300.1469045120673,2147.928646379853,4603.164742917104,2050.686253934942,3748.398740818468,5999.479538300106,3747.3242392444913,5677.6663168940195,5897.401888772298,3104.772298006296,5945.217208814271,2728.1594963273874,2104.9485834207767,5669.607555089192,1153.4774396642183,3597.9685204617,2676.046169989507,724.7513116474292,3578.6274921301156,1246.95907660021,4700.944386149004,3215.3476615057293,2973.2367673120834,2961.503136118538,2948.5437461962356,2929.079103020317,2892.3238417714165,2829.3610876539774,2799.658150660086,2774.381941354299,2755.9627095111637,2646.1348813813793,2615.477708596789,2613.581428436304,2584.902731038505,2583.1503176679025,2575.4079904676187,2569.945865036522,2558.8420156020165,2551.688472443204,2534.660653599744,2525.0507788424948,2513.805603594739,2513.4255292960606,2508.3521984555214,2457.70344585576,2430.100620317533,2404.223206475593,2398.416097775898,2391.9555802248196,2381.4069160444205,2379.640808035608,2368.0889245992234,2363.1595334353506,2349.9495246245365,2346.9645201951244,2346.68755282211,2341.71721938138,2334.7966463126195,2333.3855133167776,2328.343940533809,2325.553410170675,2318.7235854991172,2293.1493984015005,2285.7117872927133,2284.5677044245344,2280.3621616062464,2243.2468402362247,2241.3649557370977,2239.014163810229,2236.620286629475,2232.9990661689603,2232.6940037474787,2213.767015827494,2205.796817548132,2199.4409600454806,2196.0682374350217,2193.008625241981,2192.8453777032305,2191.760939766418,2187.8918624903663,2185.7748268204873,2181.522986520941,2176.3990364020087,2171.050710784723,2168.040364155918,2158.489099579145,2154.1021551999547,2145.2595605742576,2133.402871238917,2128.98091633039,2126.1527949620204,2123.8213530181115,2122.2240108414026,2121.1301562045956,2118.7896880238545,2118.1712526726683,2114.243460792804,2114.206156942227,2113.2047410346036,2111.63611141596,2108.7374653392394,2107.45543435391,2100.616615107009,2096.1245596145686,2095.6698381261886,2094.613259800461,2093.3939992986056,2092.413263180073,2086.9366359856003,2085.7355688687517,2085.1149304097103,2072.590674571333,2065.6196247796765,2063.9693441416475,2060.0081675760803,2055.8733059009783,2051.6981516785254,2050.504605573492,2048.935637932454,2048.5429149641595,2973.0,2973.0,2976.0,2976.0,2977.0,2978.0,2979.0,2979.0,2981.0,2982.0,2983.0,2989.0,2989.0,2989.0,2989.0,2992.0,2992.0,2992.0,2992.0,2993.0,7
3128.0,3124.0,3124.0,3118.0,3112.0,3112.0,3112.0,3111.0,3111.0,3111.0,3111.0,3110.0,3110.0,3109.0,3109.0,3109.0,3109.0,3108.0,3108.0,3107.0,2928.9220589366773,24.621066399938446,23.96450462927342,5502.972480828908,4149.470390602959,926.080377523018,1499.91536508425,5102.141519837911,5.909055935985227,1598.0713497986712,4824.415890846605,5275.473827293477,5402.846810802493,2853.089174424867,2627.8884870867632,2776.928009027724,253.76112436203223,2671.5498448359876,4548.659947167294,1126.9882793465158,5202.923751634992,5496.406863122258,5625.092970172604,5095.247621245928,4277.499935882639,997.6456105255057,799.6922366700007,5930.065912646508,5327.99876894668,1424.0824805724396,5302.392859890743,5405.144776999819,948.7317586109614,3350.4347157036236,5298.453489266753,2873.7708702008154,1327.2396193993484,5275.145546408145,2724.7313482598547,3599.5999076710004,796.4094278166756,3224.0465748506062,25.27762817060347,950.0448821522915,2098.043138160088,1148.9830986637942,847.9495268138801,2973.8965402272315,5752.137672796286,5503.629042599574,4921.915313790361,2550.7424790336227,2654.4792387986968,1275.3712395168113,3069.754558744325,4150.126952373625,2401.3746762073297,3228.314226359929,2306.829781231566,2000.8719961016643,578.4309199558872,2547.7879510656303,5701.582416455079,6180.872509040547,2026.8061860429327,4374.34279705573,452.0427791028699,396.8915903670077,6223.220743248441,5347.69562206663,4322.8026980585255,3149.8550947654585,171.36262214357157,2378.0667333487213,2652.509553486702,602.0671436998281,5625.749531943268,1728.3988612756789,3976.1380831473925,1274.3863968608139,2696.827473006591,1526.834397681516,6273.775999589649,4125.177605088354,1969.0287502244105,4845.754148393218,49.89869457054191,5020.071298504783,1603.652124849324,2127.2601369546815,1377.1383139698903,5323.402836552024,5826.657433766766,5299.766612808084,2497.560975609756,1150.6245030904568,4773.860634505399,2924.982688312687,6179.559385499217,1729.0554230463438,3982.3162008958766,3759.0331816192447,3715.6598106508586,3677.6761133720925,3202.1096890120148,3187.8189707252404,3138.0595369690773,3075.5034207450294,3067.730008298694,3062.1005470307873,3036.243773542599,3035.2491142587915,3030.342165103241,3021.9548556641025,3020.584520806979,3005.375959341082,2999.5265427502727,2982.756144960562,2977.2859817438957,2975.65460164337,2942.347710528827,2928.7998126901393,2927.6922088925835,2920.995791331653,2920.1125154885926,2918.6295943147074,2917.015580332488,2906.1325509511557,2895.156984459116,2890.686186876054,2886.768196517012,2868.9314031313193,2854.061370014753,2827.6687098528196,2820.1206822426684,2814.0918779250906,2809.0585009808437,2805.0874472852197,2798.7297537374056,2798.0597826088474,2793.875050616722,2779.181899192965,2778.164449619201,2777.281053641343,2774.691685687506,2763.752648800774,2762.7072247091633,2758.4513739313225,2757.8340302536044,2745.5894331406453,2744.9871946865396,2735.0412309200856,2728.39967876488,2715.4104693026457,2714.2974108455155,2712.7606212822666,2709.3785853754935,2707.4482023521236,2705.3217925083595,2702.6210873259083,2698.1796531521854,2693.1502464581813,2682.1710929016203,2676.620886538692,2670.0830146120384,2653.8673022741714,2644.864080300982,2632.555193326127,2630.7024116935563,2627.8215339620674,2618.5813759146868,2617.7280558178545,2611.168691410949,2610.3699577926163,2607.5622779419828,2593.2523140013527,2592.364795437981,2586.7132069716804,2566.1503382727306,2562.531445122266,2559.4036349139715,2559.2625588062574,2555.398418859147,2553.6231828658056,2553.0289620265366,2542.7430604704005,2539.3379340450915,2539.0519044434204,2533.7024349239755,2533.1414673738564,2532.704312749347,2532.672667237289,2526.043553923351,2523.294144816171,2518.551880888467,2512.9471837447845,2512.448251795112,2512.234964443635,2510.6008101158855,2507.425472489625,2976.0,2978.0,2985.0,2986.0,2986.0,2988.0,2988.0,2989.0,2992.0,2992.0,2994.0,2994.0,2995.0,2995.0,2995.0,2997.0,2997.0,2997.0,2999.0,2999.0,7
3124.0,3122.0,3111.0,3109.0,3108.0,3108.0,3108.0,3108.0,3105.0,3103.0,3103.0,3101.0,3096.0,3096.0,3095.0,3094.0,3094.0,3094.0,3094.0,3093.0,1002.5566777314782,453.36535066035736,579.4759516915036,1101.5467194010876,924.8110742284059,5.876121194999646,4175.662123031288,3301.928102267109,3676.6438307790095,748.5274383784165,5022.275584433929,2928.568401723285,873.2820114414859,4426.9793064481955,2098.6792852602584,951.0276149445582,5972.851190055794,2726.9722438025283,1178.3883042587752,4501.560844692422,850.2295359841796,2626.17416484215,901.3065894484073,3497.6481389928667,2749.5727099371425,4396.24267250512,2425.9340348894693,2020.9336817571862,4024.238999929373,124.30256374037714,5276.304823786991,2926.308355109824,2102.2953598417967,3579.9138357228617,1952.6802740306518,4279.172257927819,1549.0359488664453,5254.6083762977605,5498.2414012289,3724.104809661699,47.00896955999717,4978.4306801327775,6231.400522635779,5500.049438519669,3700.148315559008,5649.664524330814,800.960519810721,4822.487463803941,4452.291828518963,4971.650540292393,4875.372554558938,2473.847023094851,5249.636273748146,3501.264213574405,2180.492972667561,21.244438166537183,2224.3378769687124,2200.3813828660213,2927.2123737552083,1104.2587753372413,5349.53033406314,1000.748640440709,4797.174941733173,2853.0828448336747,1749.2760788191256,395.05614803305315,6372.42743131577,674.8499187795748,5123.073663394307,2420.9619323398542,4097.916519528215,2882.0114414859804,4048.6475033547563,6149.586835228476,1548.583939543753,25.31252207076771,1676.0505685429762,5674.073027756197,2981.00148315559,2797.0336888198317,5326.929867928526,5274.496786496221,2550.2365986298464,122.9465357723003,574.0518398191963,1598.304965039904,4574.334345645879,2418.701885726393,3600.254255244014,4354.65781481743,153.23116039268308,6147.326788615015,1101.9987287237798,3625.566777314782,3718.2286884666996,5798.827600819267,619.2527720884243,4627.671445723568,6296.489865103467,2402.4295501094707,3936.0138581295246,3444.5397698783813,3411.316601617165,3055.0485460610244,3016.6891544746877,2921.9330371093197,2771.174354961036,2750.6586148680753,2750.30664108838,2677.211043848332,2643.321707077172,2587.6494786729454,2554.6066263244466,2544.1886638818214,2542.7635462841267,2518.405198313317,2505.504535849945,2494.108772508329,2458.20732965066,2454.803022180443,2436.440762708479,2435.9499725665414,2433.396747252788,2431.9475155152254,2414.1866835991973,2403.483667852042,2394.137608541364,2390.7105067141006,2389.6029991169676,2381.489860788549,2376.7974182319363,2371.8448967672534,2361.8454349566864,2357.0383729406662,2354.247339958578,2352.4444617764675,2346.241958345811,2343.648889869957,2343.0914862379473,2342.62009320723,2340.111493225028,2330.6913184814575,2324.396346427774,2319.634649310232,2316.952134694099,2312.2712477841246,2310.841389398963,2304.319194818081,2279.504975234223,2276.5371323900576,2276.040794755066,2266.013825254769,2255.118292493572,2248.192635402407,2247.7803624733037,2246.0771425251232,2240.744466836648,2237.1621697787073,2236.987955963145,2232.748372785905,2217.9774861239807,2213.1558186765046,2213.015796333356,2212.571272659405,2210.116328250354,2205.298735185823,2198.1664349483876,2196.5539121686634,2191.8799073898663,2189.988174926689,2187.8125065484446,2184.803555330462,2183.861156927019,2182.5697433160476,2178.5978884691144,2172.412248316795,2172.029752865108,2166.0129090532278,2157.9428499195756,2156.609725245249,2156.6074017341234,2156.490745273835,2151.3510295776537,2151.0432028192376,2149.2352659391618,2146.296088334294,2144.6590550806936,2141.607164129059,2141.322271009132,2134.674855561926,2132.5847151102807,2132.2278235759227,2132.180663878789,2132.0697924160904,2128.3075543192754,2123.8641963709993,2121.2792808388203,2121.0551069533713,2119.6488891655276,2117.8241502349993,2974.0,2975.0,2976.0,2980.0,2981.0,2988.0,2988.0,2993.0,2993.0,2993.0,2994.0,2994.0,2995.0,2995.0,2996.0,2996.0,2997.0,2998.0,2998.0,3001.0,7
3114.0,3114.0,3112.0,3110.0,3110.0,3110.0,3110.0,3109.0,3109.0,3104.0,3104.0,3104.0,3104.0,3101.0,3101.0,3099.0,3097.0,3097.0,3096.0,3094.0,4.730578756744771,1673.6787641363,799.9408677655408,2874.7727104737974,4324.69509941607,51.09025057284353,5501.663094094169,3101.367432921872,5322.847217089216,24.125951659398332,2921.6054401655706,904.9597161652747,3673.294404612315,5299.194323305493,1600.8278512824304,5850.306748466258,1801.4043905684089,2122.610688151379,1874.2553034222783,6198.004287086999,247.882326853426,2799.5565082415555,5498.351688964447,2620.7406312366033,551.1124251607658,3176.1105772784395,4325.6412151674185,246.46315322640257,4099.992608470693,2650.543277404095,898.8099637815064,3574.8983664720236,6149.279325892528,5499.297804715797,3499.6821642397817,3578.2097716017447,347.69753862074066,6396.215536994605,5177.618449257152,6270.382142065194,1979.2741518220123,3428.72348288861,3026.6242885653046,2200.192179761993,5122.270677803238,1624.0076871904798,5149.234976716683,4770.7886761771015,181.18116638332472,6.149752383768202,4994.545051371129,251.19373198314733,6370.670411708184,3426.8312513859123,2928.2282504250134,1949.4715056545201,1029.3739374676622,254.0320792371942,2706.3641067336835,3475.0831547047087,3077.714539138148,5320.954985586519,3100.421317170523,1877.093650676325,6343.233054919064,5229.18175770567,3172.3261142730435,5602.424421612833,6245.783132530121,1598.462561904058,5369.206888905315,5469.968216423978,3728.6421760662283,3401.2861260994905,3945.7757410008135,2680.3459235715873,6102.919654076429,224.22943306970214,2428.6791337127656,5873.959642249983,3101.8404907975464,22.233720156700425,6373.50875896223,1747.4757927415185,2597.087737452879,377.02712691255823,5471.3873900510025,5922.684603444453,824.0668194249391,1129.1891492349769,5324.26639071624,951.3193879813734,3795.34333653633,2369.5468992534556,2003.4001034814105,5150.6541503437065,53.45553995121591,3799.6008574174,174.08529824820758,1147.165348510607,3543.565893827564,3135.9405720788573,2975.496824641259,2853.589312470164,2850.6362295886506,2799.707261695599,2744.765338569938,2697.6905326756564,2641.850694054182,2613.131253965745,2607.4386841106666,2591.668578818876,2567.486462539125,2534.051495679589,2524.5265769036205,2509.0289978423652,2487.225553732912,2484.370339635718,2455.3394009124763,2450.5386951920746,2433.92205198256,2404.171053085688,2398.807644337965,2392.9577329136855,2387.6880473190267,2386.751249802237,2381.0145921272274,2370.334020273096,2360.176299334816,2349.876579379039,2339.463208318287,2336.6506980707622,2336.51223359467,2329.3735907757564,2326.800500658708,2325.678710377312,2321.893695669981,2319.063545206646,2317.3040195957406,2316.0413600921916,2304.8547005782348,2303.4530844035958,2295.506555910478,2288.2657518983046,2285.603935260189,2262.4740634217233,2258.688882040261,2246.8098669469828,2245.947331917813,2240.4669633626568,2232.822204527603,2230.465013831916,2229.9614527595477,2206.8838580381275,2196.9257685220273,2191.4371790605132,2185.9265589302972,2184.4781511798196,2184.237798633695,2181.3175586898437,2180.30581304615,2173.1627026932306,2171.213833930523,2167.5309043376046,2162.3154751712677,2157.610133948061,2155.6824704894566,2153.320971276843,2148.8166776579365,2147.4671276525655,2143.343665272397,2142.094537510896,2137.4707055739004,2137.026897733809,2124.8567918600033,2116.2142025772832,2103.3387909249223,2100.987474984631,2099.854507122776,2091.5423935418667,2090.25502146096,2089.713318615011,2089.2371510780185,2085.97545098091,2085.264951228573,2083.97433139066,2083.698164544366,2081.3917562009065,2073.41555554865,2069.4931353736424,2063.856261972888,2063.04682553292,2062.8840642859464,2062.474472990761,2061.8437295423764,2054.0810526731275,2051.8621773520686,2049.096416081211,2048.2192726299,2039.5000899220795,2973.0,2973.0,2979.0,2979.0,2980.0,2981.0,2981.0,2981.0,2981.0,2988.0,2992.0,2994.0,2995.0,2995.0,2996.0,2996.0,2996.0,2996.0,2996.0,2997.0,7
3139.0,3139.0,3126.0,3119.0,3117.0,3113.0,3113.0,3110.0,3110.0,3110.0,3110.0,3108.0,3106.0,3106.0,3106.0,3106.0,3106.0,3106.0,3106.0,3105.0,3674.945433658817,2500.8156232050546,3050.3848363009765,5854.106835152212,6248.54681217691,1199.862148190695,3097.4382538770824,3951.0166570936244,4399.494543365881,5503.044227455485,1722.5962090752441,5445.697874784607,948.4204480183803,24.997128087306145,2446.7777139574955,1603.1246410109134,5498.632969557725,949.1556576680069,5671.7748420448015,5401.217690982195,2773.5784032165425,3474.6008041355544,1001.3555427914991,5048.317059161402,2348.2596209075245,4824.078116025273,4125.628948879954,2628.7421022400918,5426.582423894314,2398.62148190695,5569.580700746697,1600.55140723722,1673.704767375072,1072.6708788052842,4828.856978747846,905.4106835152212,2999.6553704767375,2348.6272257323376,927.834577828834,3099.276278001149,5.1464675473865595,2501.183228029868,1076.714531878231,1496.8868466398621,928.2021826536474,4899.804709936818,1551.6599655370478,4327.076392877657,5126.984491671454,4949.431361286617,72.78575531303848,3977.851809304997,24.62952326249282,800.27570361861,2274.738655944859,1672.2343480758186,6020.631820792648,5272.923607122343,3725.3072946582424,750.2814474439978,226.0769672601953,5151.246410109133,1294.704192992533,4522.642159678346,5675.083285468122,774.5433658816772,1494.6812176909823,6079.816197587594,3900.654796094199,699.9195864445721,1174.1298104537623,2148.6502010338886,1747.9609419873636,4155.404939689834,3594.072372199885,3899.9195864445724,775.2785755313039,2126.2263067202757,51.4646754738656,2569.5577254451464,99.25330269959794,3622.3779437105113,4175.623205054567,3473.130384836301,449.21309592188396,6331.257897759908,1782.5157955198163,3696.6341183228033,172.03905801263642,2350.4652498564046,4823.342906375647,6223.917288914417,4120.482481332568,6171.349798966112,4121.952900631821,878.9431361286616,2747.478460654796,5096.473291211947,3108.098793796669,5604.503159103963,3469.752779135158,3447.7320518056813,3406.777778760265,3231.2436937432317,3213.6921773506706,3173.7156813395777,3169.2555360142483,3145.894337909892,3114.623668673002,3066.920927491016,3062.142924348641,3054.7423931613002,3053.7333828033325,3042.6427769653433,3013.939998858794,3011.7643206715134,2963.874382798989,2928.1396851946174,2914.566943500179,2912.2514349804674,2905.871888419985,2888.902332269431,2881.6250853187303,2875.2102172967548,2861.556311722477,2832.89476506028,2784.1038952361705,2783.1723794974046,2781.04071897333,2748.3332469346187,2746.5110429165934,2740.3999289023686,2723.3136854006534,2716.522024080248,2715.1388554397367,2711.2836735963383,2708.4028244006486,2696.0606222115366,2692.5470879783206,2677.6490364350384,2676.854741057828,2652.6207706070686,2648.995320928058,2648.8376029612423,2646.0565879790324,2640.51789739958,2637.210586220268,2636.7758830596886,2633.5584958211243,2628.9344850984844,2620.384338626985,2616.434433084265,2612.991471973863,2611.6683011344267,2608.0914646463502,2605.036036214359,2604.8543221868763,2602.657820803928,2602.330040590936,2599.5257824213963,2595.8885183512202,2593.0710402324626,2584.0514872412937,2583.1856949919447,2583.101887169438,2582.328314247426,2575.7079280178236,2561.294793269684,2558.821153093627,2554.7432422081733,2552.44739770814,2546.2141325021744,2531.763064013972,2531.6211715739946,2521.4728613571815,2520.787923643862,2519.712475632211,2518.9680421498506,2516.1688146803194,2516.0166672041096,2511.4924224958136,2507.8141723523545,2500.0573223888146,2499.125138747905,2496.477934492569,2481.7562385220426,2481.5869420399285,2473.849944458495,2473.5400979412966,2473.191047064302,2470.9132533959414,2466.6376094658153,2464.4577286888757,2462.369239064741,2460.4298040745034,2455.5479272630414,2454.3382535586697,2452.9610235243376,2452.8268969487112,2452.6931793613876,2973.0,2976.0,2977.0,2977.0,2977.0,2977.0,2978.0,2980.0,2981.0,2981.0,2982.0,2983.0,2983.0,2987.0,2987.0,2989.0,2989.0,2990.0,2991.0,2991.0,7
3121.0,3121.0,3121.0,3117.0,3117.0,3113.0,3113.0,3110.0,3110.0,3110.0,3109.0,3108.0,3106.0,3106.0,3106.0,3106.0,3104.0,3104.0,3104.0,3103.0,24.27328224444733,5501.72230159761,4503.525133134173,948.6530718275101,5498.729705156514,6103.566696973633,3977.825691648266,5650.687102221067,1278.5037017794518,4503.192622418495,975.2539290816989,1677.5165605922846,1602.0366281335237,928.369918171191,5849.861020911806,2126.073516041044,49.8766073516041,2897.8308871281984,1225.9670087024288,2924.09923366671,948.9855825431874,5354.420054552539,6178.049097285361,4499.8675152617225,1853.7472399012859,5621.093648525783,4673.770619560982,1521.9015456552797,4998.301078062086,3099.9974022600336,1901.2962722431485,3873.749837641252,2874.8876477464605,3498.0127289258344,399.34536952851016,5144.605792960125,3473.074425250032,299.592154825302,1449.7467203532926,3253.284842187297,4523.143265359137,1998.721911936615,5176.526821665151,5050.5052604234315,3849.4765553968045,3801.927523054942,3973.1705416287828,399.0128588128328,4268.440057150279,5048.510196129368,1000.5247434731783,3602.753604364203,20.94817508767372,1420.4857773736849,1297.1243018573841,3278.5556565787765,6246.878815430575,175.23314716196907,6102.901675542278,4500.2000259773995,5147.930900116898,947.6555396804779,4030.362384725289,6155.1058579036235,3528.936225483829,5571.882062605533,2249.434991557345,5195.47993245876,1157.1372905572152,50.541628782958824,5522.670476685284,6176.386543706974,1177.4204442135342,949.3180932588648,574.9110274061566,2676.0462397713986,5243.361475516301,3677.9010261072863,1951.8379010261071,2747.8685543577085,1372.2717236004676,3404.577217820496,5497.067151578127,5502.719833744642,3104.985062995194,1077.9997402260033,2022.3301727497076,6376.557994544746,4474.264190154565,4500.5325366930765,2876.21769060917,1950.5078581633977,4000.768931030004,2003.377061956098,4852.661384595402,73.81737888037406,5668.975191583322,4452.983504351214,5500.724769450578,3055.773477074945,4227.547887830486,3730.955963358372,3521.0872654866516,3492.5448486927985,3485.423606772751,3407.2474115384803,3371.7624458656014,3286.786366518168,3271.5882710418127,3230.977021629809,3214.824634664951,3187.445323194207,3184.6191743939344,3147.769302941353,3138.177674499871,3136.1008567795184,3133.5067861851676,3132.1478167256037,3114.872877034244,3110.6755196759755,3101.2156564166653,3097.0682443853693,3089.195899446239,3071.817389458168,3060.9805496760846,3059.849055051181,3042.0718923315576,3024.6461546273326,3009.2462621344534,3001.8285530716516,3000.7058631858768,2999.648580173943,2994.5400889028224,2979.6699178266235,2974.1138431755653,2955.0064763117016,2928.5754698127616,2920.728072135574,2919.50493617348,2906.070227377925,2886.261927015405,2884.091626649215,2874.463263286222,2873.9719781911235,2861.93049795778,2854.7152081419654,2854.3148537205016,2851.782400342951,2850.6645553699473,2841.4183716540206,2813.5981707488886,2783.7559148053406,2769.3206557414646,2764.5899860092845,2757.4178845522642,2752.5721516202543,2751.6557700362987,2748.1216645916197,2747.7946780141824,2741.2553352597547,2739.7010337218057,2735.205963447484,2733.3939154894524,2721.617103098633,2720.082570749541,2718.9854639438263,2705.425324978092,2703.175474747208,2702.916541670556,2702.247217991641,2701.8078770973466,2700.5248187493216,2697.985736255375,2694.7580548978,2693.371957445519,2690.1627695527627,2686.832685516486,2681.774479367487,2679.350758667507,2676.166699707204,2656.7337582849927,2649.7625641167474,2641.2817517557205,2640.7224785253516,2639.807652042557,2639.0093793052283,2635.9300111419266,2629.1592572915083,2627.7587167831525,2627.398685712858,2626.3944318021013,2622.8273572986786,2622.082966694645,2621.197573914529,2615.055070330006,2609.429177512464,2608.305286997018,2607.2859550178773,2600.7768807966486,2600.208212121214,2973.0,2973.0,2974.0,2975.0,2975.0,2981.0,2981.0,2981.0,2983.0,2983.0,2985.0,2985.0,2986.0,2987.0,2987.0,2987.0,2987.0,2988.0,2988.0,2988.0,7
3125.0,3125.0,3115.0,3113.0,3113.0,3113.0,3113.0,3112.0,3112.0,3108.0,3108.0,3108.0,3107.0,3107.0,3106.0,3106.0,3103.0,3102.0,3095.0,3093.0,5500.035242980773,950.839957708423,25.562908720679797,6052.895798253514,2624.458628656459,401.989270470298,24.05920820769863,1820.9813212201902,950.3387242040959,5223.354348592238,252.62168618083564,2545.7649684771113,4826.878646669538,3349.24227591338,3748.2241453577158,5774.209969847671,924.7758154834162,5622.336218036574,2875.0753808199865,1753.3147981360378,2127.234992364021,5504.5463445197165,2946.250538434428,1700.685280181697,424.0435446606884,949.3362571954418,4377.27219328817,5224.85804910522,1147.3234914046284,5602.286877863492,1600.939812820613,5298.539374241296,1423.0019187845087,751.8502564905822,2326.7259270861887,6268.927438618474,2827.9594314132432,1798.4258135254727,2825.453263891608,3398.3631593374316,1921.7292555899282,4825.374946156557,1698.1791126600617,4651.948153659396,2603.9080549790497,3821.404236989466,3899.5966636644866,3597.3528605552724,5275.9838665465795,1300.7009437287072,4753.197321533461,5546.148725378862,4903.567372831577,4245.9490151544815,948.8350236911148,2222.469358186161,2594.384618396836,5946.634295336178,2942.2406703998117,3048.5021733171475,1802.936915064416,5475.976034773074,4101.092532403963,6396.7419822218735,3870.5251204135175,5972.197204056858,5400.7910091240155,3653.4910130399026,5252.9271253475345,2596.389552414144,5278.490034068214,5872.451736695774,4828.8835806868465,5749.148294631319,5472.467400242785,2772.823745937267,5899.518345929435,5722.582918901985,5698.022477189959,374.42142773230995,5454.9242275913375,3677.5502212476013,6328.574225633394,402.9917374789521,2802.8977561968904,4649.441986137761,5554.168461448095,5773.708736343345,602.983905705447,5474.472334260093,4796.804636409915,976.9040999334298,4821.866311626268,4150.213415828014,1274.1355679993733,653.1072561381525,2352.288835806868,2024.9833574813015,3701.6094294553,1975.8624740572502,3388.8035962428103,3336.4304675578987,3278.6513016919957,3170.593797704561,3049.7900583327587,2913.9533422064787,2871.985973533093,2789.2777551245767,2754.4631522243503,2617.7366238738923,2590.197648967575,2532.4411983425066,2522.6764299284478,2509.6788731556517,2503.418644895067,2497.1289922766346,2470.5792836601577,2467.817690524324,2465.792682122523,2463.990591362171,2446.1582888999346,2435.2200449952065,2429.713221931316,2421.0818902691253,2411.464122575713,2409.524625978113,2375.4586073381915,2342.094035854426,2341.7346947638525,2339.2568086184187,2336.454873059827,2334.8190170406947,2304.1078286637844,2280.6176303069237,2278.3344143308013,2263.6882154279688,2261.6393265079946,2259.7098010231653,2248.597578523513,2232.889219304753,2228.328235288584,2226.340269307956,2220.2125443726163,2212.392951322909,2204.5011629136106,2204.3820575633495,2201.109321273454,2200.84178768459,2192.7568524720537,2188.399301650528,2180.6450791358106,2174.5337382649336,2173.6977870860255,2148.9529305375954,2133.953567835699,2129.0903952170656,2122.94710257442,2121.436183254128,2118.731151289432,2115.3706374600933,2106.1469263231484,2104.3255977802683,2100.3797823154387,2099.9894098615123,2094.4128457961415,2092.1101642189824,2091.643478413765,2087.206455873596,2086.6352189625895,2081.6878360159544,2080.834078247161,2078.6719583608897,2077.1204394996457,2075.975885797721,2070.7974004995967,2063.9872007569697,2056.2886753815174,2055.6751315734314,2050.1373943044823,2047.4211992678902,2041.9384491219964,2038.1371831813024,2037.3598789844848,2029.2551209629357,2027.8606783902108,2026.7708146898592,2023.2347018853839,2023.0467382371828,2022.1504648219268,2015.3872846041497,2014.8210656160807,2014.0462057154198,2011.047560669672,2008.9108363632404,2008.4554280887633,2007.3510251610583,2005.1716584786034,2005.0882254593664,2004.7589976276422,2003.0285355268145,2975.0,2975.0,2976.0,2976.0,2978.0,2986.0,2987.0,2992.0,2992.0,2992.0,2994.0,2995.0,2997.0,2999.0,3000.0,3000.0,3000.0,3000.0,3001.0,3001.0,8
3125.0,3125.0,3122.0,3122.0,3117.0,3111.0,3109.0,3109.0,3109.0,3107.0,3107.0,3102.0,3102.0,3100.0,3097.0,3097.0,3095.0,3095.0,3095.0,3095.0,949.4876431585293,3177.8179626280894,5321.277878239904,4498.613622664256,2449.668474984931,4025.075346594334,6250.994575045208,5505.967450271248,2475.226039783002,798.5533453887884,949.005424954792,24.593128390596746,2975.768535262206,4650.512356841471,4376.612417118747,25.557564798071127,4351.537070524412,3849.0657022302594,5095.117540687161,5820.855937311634,3429.053646775166,4826.039783001808,2874.502712477396,4326.943942133816,3119.4695599758893,5370.946353224835,100.30138637733575,875.708257986739,98.85473176612417,5502.109704641351,2401.928872814949,5497.769740807716,3946.955997588909,2495.9614225437012,5899.457504520796,53.04400241109102,601.3261000602773,4174.080771549126,2249.0657022302594,2303.0741410488245,950.4520795660037,6053.767329716697,1455.3345388788427,552.1398432790838,5102.350813743219,2928.028933092224,1501.627486437613,1124.0506329113925,4344.786015672092,5749.48764315853,3898.73417721519,1026.1603375527427,3076.5521398432793,2702.350813743219,1050.7534659433395,5121.639541892707,1723.930078360458,4420.976491862568,2472.814948764316,6146.353224834238,1847.8601567209164,2077.3960216998194,347.67932489451476,3452.682338758288,1900.9041591320074,2326.702833031947,5823.26702833032,5278.360458107294,3248.7040385774562,5222.4231464737795,3849.5479204339968,5201.205545509343,4820.735382760699,3500.42194092827,3995.6600361663654,2951.1754068716095,1474.141048824593,374.20132610006027,5830.500301386378,2275.1054852320676,595.539481615431,1671.3682941531044,1941.8927064496686,1399.8794454490658,373.2368896925859,676.0699216395419,596.5039180229054,5601.446654611212,776.3713080168777,5098.975286317059,2348.4026522001204,4497.649186256781,3247.257383966245,3277.154912597951,3292.585895117541,2326.22061482821,3775.286317058469,1224.8342374924655,272.9355033152502,2524.4122965641955,4220.83887173654,3257.628519870108,3054.4779478015635,3027.486205638504,3004.888249907264,2964.9309493553537,2951.2049481238587,2850.077241550943,2792.089698938391,2772.4125421112553,2752.252379726413,2750.393548319487,2720.4678905725696,2703.3369683652536,2671.4514123072217,2656.229329533981,2649.2934860248183,2646.8503787001214,2634.8552056231847,2606.8322755239033,2606.742301081894,2595.445328284552,2595.1907807008206,2569.946234921488,2567.1843353398103,2566.3465159437187,2559.3869218917685,2525.165676596131,2484.0817956666756,2483.13971720895,2466.516194787996,2450.377982495073,2446.245115430571,2438.1406910637984,2428.7207908854643,2425.903807705563,2424.171417256194,2419.3463956956552,2413.324504971824,2411.270401926581,2406.082657741267,2401.5699493772563,2380.6759474084,2377.9407917384574,2375.1660366007177,2365.9842459886345,2363.6569038231123,2360.621500756458,2359.706716012682,2338.5968840758283,2337.122883043026,2334.708473890207,2323.995198474617,2323.1385537185183,2322.192782171158,2314.960942907101,2301.5600838111436,2301.362976101621,2299.713725098478,2298.661305145115,2293.8689100558445,2293.602361524523,2291.6423502916414,2288.4775501059025,2277.6313216839903,2274.2263854045923,2267.449354112807,2263.4102347079397,2260.6133868483876,2260.32950994227,2256.5125955739677,2253.2223769839898,2249.375523756321,2243.940798618213,2241.9213875751916,2238.4371629316106,2233.596269252484,2228.5035933173863,2227.0095922283695,2225.863369539296,2224.971220747999,2223.671808870874,2222.703689308715,2220.5213648110803,2219.271915777469,2217.3070892473634,2215.2714415486716,2209.04997449956,2207.505537746257,2204.7063431070114,2193.950415000603,2192.4635679303997,2192.2108222337597,2190.7294514331347,2190.1735170902994,2185.2667716589517,2183.4006390109266,2183.0813967128165,2181.8409406248243,2179.8678597318876,2966.0,2970.0,2970.0,2975.0,2977.0,2977.0,2979.0,2979.0,2979.0,2981.0,2983.0,2983.0,2984.0,2984.0,2986.0,2988.0,2989.0,2992.0,2992.0,2993.0,8
3129.0,3129.0,3122.0,3118.0,3118.0,3117.0,3114.0,3113.0,3113.0,3113.0,3113.0,3111.0,3111.0,3111.0,3110.0,3110.0,3104.0,3104.0,3104.0,3104.0,5050.36280219959,5498.09000097615,1976.24703087886,25.40591546546058,5372.726385318713,77.883708066248,2928.3441252074317,23.323463378127748,949.1816614063059,2123.6846386620246,4319.422119545765,2001.236455926854,2929.5935964598316,2929.177106042365,24.989425047994015,2977.4899944684867,947.9321901539063,1175.7524485081183,2449.7966355383464,3198.646406143234,675.1309667133049,5798.796082387011,1620.9807047798784,152.43549279276348,2249.8812351543943,2195.320990466274,5543.070966062539,373.5919044675105,3400.6442586145185,6221.950346533043,4149.910519636873,5178.2253603618265,800.078091953275,3774.236163082029,6254.436599095435,448.14368919402597,3898.350307487066,2895.8578726450396,900.0357921452511,3952.49406175772,3975.401034718381,605.5770669963882,6195.294959815183,4275.690625711776,4601.386132170631,3523.508931767156,2671.7860280480268,5658.022321283312,5499.755962646016,1249.0547619822341,5400.631243288973,948.3486805713728,5918.328832199915,4253.200143168581,119.11625939543814,3900.432759574399,5723.411316825563,1497.283050792308,4825.874467185111,2130.34848534149,3699.2678879380474,5501.421924315882,5748.400741873556,2425.223700907819,6101.5846158852055,3600.9761494159375,1102.4501350340026,1327.7714508834154,3798.8090977125566,1755.090619204113,3199.479386978167,2043.7184785084437,2278.6190739595877,398.16483909803793,751.7652035271533,4200.305860150327,1.6659616698662676,5373.559366153646,546.4354277161358,72.05284222171608,3621.384179871799,2398.568314189959,6074.929229167345,5300.673543096997,1352.7608759314094,3600.1431685810044,1773.4161975726417,1403.156216444864,2479.367455178473,5326.912439397391,3349.8324276835974,4149.494029219406,6149.064523476393,222.82237334461328,3477.694985845834,5378.140760745779,3851.286890313344,1874.6233690170177,4899.176780659226,3877.9422770312044,3348.373828690897,3243.0641719613436,3240.90990253131,3240.375956234061,3141.0794528186775,3071.223572346457,3011.527045520742,3004.3006676123523,2984.14968629563,2925.779665549047,2924.393432562935,2895.157971693737,2883.3983606591337,2877.6187442423816,2870.7998769354185,2855.5555609107455,2833.848091707375,2816.8714047367853,2815.027916077104,2805.071976278224,2786.2033680746435,2768.975542595469,2738.000959303564,2709.938080824555,2672.3152426328684,2659.777763334341,2643.748874038315,2641.5710270177733,2638.4581445959343,2629.127294793328,2617.6144156146324,2615.8362486398682,2595.5056779201695,2586.320442908184,2564.2505231844584,2552.1519832159524,2545.2042500801253,2544.239152659053,2539.536205983697,2539.4010110623494,2525.3122839103557,2510.431984925753,2508.622581238229,2506.6624133137593,2501.254189330818,2500.2716672173574,2495.242578767682,2492.9215485912587,2475.1513652123335,2467.317080351222,2466.9152328451087,2462.5894097056025,2447.68030438452,2444.395887318982,2443.756597372095,2443.197562591682,2440.9641477588107,2439.7631960257672,2431.8873418667995,2426.225622728492,2425.6736993757754,2420.044103304226,2405.902465035112,2404.362097451687,2401.6584710084076,2401.5992368321567,2397.0798971299187,2393.036344334116,2386.0188797137803,2383.0454209412505,2378.2614203820076,2371.8688811796615,2365.397675426216,2364.6578178314485,2364.3847887407633,2359.81321248485,2359.6221468459953,2358.3140489904904,2357.724826722896,2356.1951015036675,2354.5904294790125,2351.3750721255246,2343.8552168425804,2341.162591479045,2340.689743850657,2332.3881891724664,2326.735468744319,2325.506116688759,2323.6427511803886,2310.034121554472,2298.222221517533,2288.6005267177775,2284.9448882457787,2284.1381509863713,2282.8350914746275,2282.6185299770264,2267.8165934455683,2267.563773215877,2265.560723246355,2260.708198087673,2974.0,2974.0,2976.0,2979.0,2979.0,2980.0,2980.0,2980.0,2981.0,2984.0,2984.0,2985.0,2987.0,2987.0,2989.0,2990.0,2992.0,2992.0,2992.0,2992.0,8
3129.0,3122.0,3121.0,3121.0,3118.0,3118.0,3116.0,3115.0,3115.0,3113.0,3113.0,3112.0,3110.0,3108.0,3108.0,3108.0,3107.0,3105.0,3105.0,3101.0,4002.7160906105632,798.9759002615906,4648.522290866588,25.29081093115155,626.9271442088273,5826.147937886124,4977.659041576222,3473.3901040797014,6251.461011855066,23.153559303166915,279.2675460566594,947.5148884065229,2501.653030556019,1352.1678633049478,3102.5769466243664,1828.418767740858,2399.7773696220847,4302.643735737741,772.2602549117826,800.0445260755829,2025.7583347247728,2250.882172872488,2929.8157733622747,6149.229142316468,2622.051538932487,5250.871041353592,3230.4558356987804,2575.388211721489,4826.982801803305,4651.371959703901,76.58485000278287,1876.5069293705124,2928.0347303389544,2502.7216563700113,4621.094228307452,3427.0829854733674,1248.867367952357,2397.283909389436,848.1326877052372,3428.8640284966878,675.3715144431457,3201.602938720988,2925.5412701063055,946.4462625925306,5495.230144153169,1653.1641342461176,6074.069126732342,352.29031001280117,6152.435019758445,4002.359882005899,643.6689486280402,2829.721155451661,5475.638670896643,2896.688373128513,2926.2536873156337,1473.634997495408,1949.17348472199,923.6489118940278,4825.557967384649,402.8719318751043,1752.9025435520675,5377.32509600935,3276.7629543051144,3252.8969777926195,6226.170200923915,2703.2671007959034,4776.044971336338,2249.8135470584957,5252.652084376912,1874.3696777425278,5151.84504925697,2401.558412645405,1296.9555295820112,5720.710190905548,24.934602326487447,3105.0704068570153,602.704959091668,5325.31863972839,4975.521789948238,4103.523125730505,398.2412200144709,4277.709133411254,1800.9907051817218,1897.5232370456947,494.41754327377964,2225.5913619413363,46.30711860633383,3797.539934324038,4126.676685033673,827.116380030055,1600.801469360494,5677.252741136527,5469.939333222017,5278.655312517392,2554.0156954416425,5229.142316469081,103.65670395725495,5449.2792341515,2101.2745589135634,5626.31491066956,3435.087300997136,3384.639294357825,3330.794275936695,3315.8334933166734,3185.841027605921,3154.96424837662,3139.285556546149,3009.4968553883077,3005.991717276799,2972.695232079131,2971.382227897969,2948.0385514572667,2933.274057854134,2932.6017709496537,2897.2545582588946,2891.3944171606418,2866.9914855510638,2861.10787763927,2851.524518912303,2842.481923236955,2841.5570151634106,2822.4726020547773,2813.89590857752,2781.5586999534335,2762.7499065442817,2758.136188089763,2731.5875020529957,2724.7609499185796,2715.0851362044264,2711.8312962124733,2705.836153656313,2700.429422460413,2661.8227661543933,2654.1767114872137,2651.4175448842066,2649.77521839513,2641.960024007798,2638.02050769765,2637.9248500502986,2630.8707163979284,2628.1362509818773,2626.0479317759123,2607.6347138004944,2602.509795499861,2591.5463035924417,2588.922212428714,2587.2753144159733,2586.3444624575927,2570.7953622504165,2570.693089890011,2568.745378193628,2567.7693448629666,2563.901389782325,2562.8953972085264,2558.0515110233036,2552.7589430527714,2547.866065472429,2540.671772555053,2536.3311573857145,2535.082876347632,2533.7564723325454,2528.761877007014,2523.9993343498327,2523.6787775115135,2520.8307857026793,2519.8872965951896,2518.4094943856408,2516.9791085906495,2515.1893443282784,2511.7446858210787,2510.408698765476,2499.821170349403,2494.3190243095964,2492.0250385959966,2489.640904669706,2488.4369056984324,2487.5554675305057,2480.853732362845,2478.8188194416016,2478.6769364991774,2472.3175483982686,2469.294395052441,2462.3067235422573,2456.8898790677104,2454.012334999116,2447.7059938098846,2445.695747301905,2444.3962611844017,2442.3294775140957,2440.5606618273973,2439.3236108447054,2434.54333216499,2433.869328063277,2432.693795709677,2431.8335507929587,2422.5329541131873,2414.253411643458,2412.6550875315975,2411.885887175247,2406.6950598120943,2976.0,2979.0,2979.0,2979.0,2979.0,2980.0,2980.0,2985.0,2985.0,2985.0,2987.0,2989.0,2989.0,2991.0,2991.0,2994.0,2995.0,2995.0,2995.0,2995.0,8
3128.0,3126.0,3117.0,3114.0,3114.0,3113.0,3112.0,3110.0,3110.0,3110.0,3110.0,3107.0,3106.0,3106.0,3104.0,3104.0,3101.0,3101.0,3099.0,3099.0,23.303466247813514,2776.3109984649986,1000.2213258130154,3975.297183450541,3107.5857637525437,1.827722842965766,5322.32891871631,5503.730410880663,3699.7679648734515,1673.7371934459002,949.045086209974,521.3579409559848,1824.0673972798345,5225.916538749866,2125.6416663691857,3548.980830328776,5400.921000963838,696.3624031699568,4175.889765466034,2922.0718951915183,2919.787241637811,1103.4876664405813,6372.812622710884,5324.156641559276,1076.528754506836,3174.297647520794,2550.5872273587265,4248.541748473923,2573.4337628957983,1125.4203405561705,2850.333773605112,4328.047692142934,925.284689251419,973.7193445900118,548.3168528897298,4657.494734587513,4551.94374040624,5646.292792631993,3798.464998393603,2927.0981330096743,3526.5912255024455,4274.129868275443,1801.2208617427623,5278.00663977439,424.4886302787991,3451.1976582301077,6204.662121158034,5649.948238317924,6171.76310998465,3729.9253917823867,1175.682718737729,950.8728090529397,248.57030664334417,2673.9585192589157,3771.0491557491164,924.8277585406776,5495.962588798058,3820.854603219934,2772.1986220683257,2069.8961196587297,3523.849641237997,3652.7041016670833,872.7376575161533,3224.103094991611,4153.043229928961,4248.0848177631815,4796.858601363652,2124.2708742369614,3952.450647913469,3653.1610323778245,4749.794738157284,3798.9219291043446,5251.504658551387,700.4747795666298,3155.563488380395,3970.270945632385,3800.292721236569,2976.44664976975,302.9450612215757,1603.8267947024597,3449.3699353871416,2377.8674186984613,3571.3704351551064,5646.749723342734,6376.468068396816,3752.3149966087176,4953.128904437226,3401.3922107592903,5305.879413129618,1001.5921179452397,1701.6099668011282,3823.1392567736407,3124.949130760718,4246.257094920215,4623.224931281905,4100.496198193696,5501.445757326956,2105.079784385821,251.76882161853425,2875.9218934066325,3155.7912191144123,3073.5494838620384,3000.760290940507,2936.515956888232,2933.7675285138102,2898.2667609583887,2882.7731079568157,2879.7496050089817,2794.6494698699257,2788.1652898431676,2782.304516374401,2732.659201427284,2732.5532280622715,2707.3370185884637,2695.151490937493,2640.532217809891,2615.781118820512,2607.585761136183,2606.781019922703,2601.721021769006,2600.5389136733643,2598.4850461241595,2569.631922394977,2535.1433828296404,2533.7797107346923,2531.3351953804417,2531.257973717027,2519.281918256219,2518.607078850338,2513.8118487183783,2513.6322884666824,2498.5410726422956,2493.5715433319533,2483.5304330606346,2482.216065242063,2482.213098852501,2478.348271246253,2466.5839150469797,2458.1644276420006,2449.4416679635647,2440.433728028224,2436.9293262874194,2434.1960651124573,2413.3749590242523,2405.6264196080783,2401.1800965043003,2396.0963411238727,2393.5519476168565,2389.444154386163,2375.9548157402455,2361.3203729854777,2359.029809748601,2354.326727541539,2354.109282086828,2327.4796827977034,2316.675744165887,2314.3207352323607,2308.208271928522,2295.8613382992553,2293.8560738841957,2283.8026909574296,2280.576137724891,2276.1710363652583,2274.120074250373,2273.505249683165,2272.2977291811935,2266.750040166498,2263.21614398579,2257.429699069337,2252.0553373825564,2250.152887273309,2249.5233658543552,2244.936946046883,2244.781419501312,2221.64220088748,2210.637646063237,2207.0551493341663,2204.560267207543,2203.2920915109426,2200.5165607314607,2196.5939664585735,2194.315067503997,2189.5809322541045,2188.2976661713183,2187.0950330682886,2182.180761391971,2176.793509742956,2173.860515628563,2171.904749105542,2170.5121475302008,2170.4478034599833,2164.3286728237254,2162.538191845804,2162.4525028665166,2160.769671127009,2151.630445480463,2149.485260846121,2146.0209855937464,2145.148360213018,2140.393987247344,2974.0,2980.0,2981.0,2986.0,2986.0,2987.0,2987.0,2989.0,2989.0,2989.0,2989.0,2990.0,2990.0,2990.0,2990.0,2992.0,2992.0,2994.0,2994.0,2994.0,8
3123.0,3123.0,3123.0,3123.0,3116.0,3116.0,3115.0,3113.0,3112.0,3112.0,3112.0,3112.0,3112.0,3111.0,3111.0,3109.0,3107.0,3107.0,3106.0,3106.0,5500.156471201847,2927.4718724387153,2253.1853066090453,2150.182549735489,1225.5420609492585,949.4374487743088,5850.651963341032,4821.101259220623,6275.538335444452,5626.0487296028605,2401.49020192236,6051.888830936591,1601.311377691677,4200.700394903509,1426.3020639296624,328.0828552268832,3226.942850756277,3499.7094106251393,5502.540794277624,2350.465688100737,5500.633335817002,5501.110200432158,5398.584308173757,2122.5244020564783,2399.582743461739,2725.7581402280007,2298.0105804336486,4328.0232471499885,1600.8345130765217,3673.7649951568433,3926.5032411891807,2501.6317711049846,1824.9608821995378,2802.5333432680127,4621.771850085686,3774.383428954623,3500.186275240295,4248.863721034199,2530.2436480143056,898.8897995678414,1049.579017956933,2377.6469711645927,4325.162059459056,1723.3887191714475,1626.5852022949107,449.68333209149836,2071.4998882348555,3528.798152149616,1425.3483346993517,26.704418448699798,6328.947172341852,3575.054019819685,3999.46352730795,5999.4337232695025,4326.115788689367,1102.9878548543327,3945.577825795395,2924.610684747783,3576.9614782803064,4100.558825720885,649.9664704567468,2878.3548170777135,1049.1021533417777,6229.759332389538,2522.1369495566646,1881.2309067878696,6325.609120035764,1097.2654794724683,277.5352060204157,4322.777736383279,3972.75910885925,5226.436182102674,850.2496088219953,3381.4469860666118,1601.7882423068324,2699.5305863944563,3351.4045153118245,4800.119216153788,5049.996274495194,1672.3642053498247,329.51344907234926,2824.469115565159,376.2461813575739,426.7938305640414,4550.242157812383,2277.505401981968,4123.925191863497,6052.842560166902,4352.343342522911,2746.7401832948362,1045.2872364205348,3403.859622978913,3426.74912450637,4526.8757916697705,2917.934580135608,127.32285224647939,1023.828328738544,2175.4563743387225,6050.935101706281,5426.242455852767,3805.7746905150493,3190.9314735324983,3134.081243637295,3089.2550874196236,2980.191984549003,2966.7318462783683,2943.0982032055003,2925.9675270230277,2924.377087508124,2912.430849948175,2901.994070497764,2816.1075562935607,2805.427608057066,2799.0547281987756,2784.760489937278,2765.6762721393793,2732.9945242549584,2716.4755693900534,2689.892051528807,2689.4558573262166,2685.0737517708344,2650.3654649359,2643.4745639041244,2634.9918010072915,2634.97466482758,2630.6106599055415,2567.5313563781406,2563.5413741337015,2561.0216965061577,2541.4652463600314,2532.383827451213,2531.059020968578,2527.8337342600057,2526.629477410349,2526.039000610404,2503.5762142409953,2502.342694310541,2477.2373755440653,2473.688698227961,2467.1397668798213,2466.525817852125,2459.4766945149886,2455.811877607277,2454.5070540866977,2454.334865345289,2443.3884911126543,2442.6794427842806,2438.040788467133,2436.2025217444498,2435.9164736693206,2427.113360647075,2416.683569678936,2410.0860035793644,2403.741987388394,2402.51093844683,2385.8969966564773,2383.898528020591,2370.0826353441926,2366.543050017505,2364.512388231952,2362.5284941838695,2362.246877078458,2360.997361986642,2351.472813614668,2347.510557753076,2322.700326947349,2321.5249526904845,2313.871554869886,2313.106357443547,2311.0977812204887,2306.2555312684467,2303.8759246091495,2296.82921401834,2292.396902122107,2290.4479051031967,2274.9018856431685,2269.4661057616427,2261.4575857350887,2261.083818222024,2258.5088429637685,2257.5388731749586,2251.4676623960227,2247.4213867423637,2244.8190351929047,2238.1920805848367,2234.6002943898216,2233.0762401486595,2230.3987002907234,2229.2178559447593,2227.2709162303927,2225.8670960834925,2224.331158409659,2219.864381336134,2215.402649375292,2209.747744062956,2208.910523063027,2206.9315211136013,2206.6520207731082,2199.6742238233264,2199.6423556266577,2973.0,2973.0,2976.0,2976.0,2977.0,2977.0,2983.0,2983.0,2985.0,2985.0,2988.0,2988.0,2989.0,2992.0,2992.0,2993.0,2993.0,2993.0,2993.0,2994.0,8
3180.0,3180.0,3180.0,3170.0,3170.0,3170.0,3168.0,3168.0,3168.0,3164.0,3164.0,3164.0,3141.0,3141.0,3141.0,3132.0,3128.0,3128.0,3128.0,3115.0,4226.0891399874445,61.8706842435656,66.691776522285,4228.097928436911,127.75894538606403,4164.2184557438795,4100.338983050847,63.879472693032014,4221.268047708725,3.2140615191462647,126.15191462649089,2.812303829252982,65.88826114249842,123.7413684871312,4347.821720025109,2.4105461393596985,186.81732580037664,122.93785310734462,4222.473320778406,62.27244193345888,4160.200878844947,122.13433772755806,0.8035153797865662,3.6158192090395476,60.263653483992464,67.09353421217827,4161.807909604519,250.29504080351538,4351.839296924042,1.6070307595731324,64.28123038292529,63.47771500313873,121.73258003766477,255.51789077212806,65.08474576271186,4289.566854990583,61.46892655367231,62.67419962335216,2.008788449466415,63.075957313245446,186.41556811048335,59.86189579409918,129.36597614563715,130.571249215317,125.7501569365976,186.01381042059006,188.82611424984304,247.88449466415565,191.63841807909603,127.35718769617074,123.33961079723791,56.64783427495291,122.53609541745134,6.829880728185812,68.7005649717514,61.06716886377903,4096.321406151915,65.48650345260515,190.4331450094162,251.9020715630885,66.29001883239171,312.16572504708097,128.56246076585057,128.96421845574386,126.95543000627745,248.28625235404894,4.01757689893283,5.22284996861268,57.0495919648462,185.21029504080352,124.14312617702447,191.23666038920274,4166.2272441933455,4.821092278719397,129.76773383553044,57.85310734463276,193.64720652856244,188.0225988700565,7.231638418079095,130.9730069052103,253.10734463276833,4155.379786566227,189.22787193973633,132.17827997489013,57.45134965473948,249.8932831136221,5.624607658505964,181.99623352165725,59.460138104205896,190.83490269930945,120.52730696798493,4355.856873822975,1.2052730696798493,312.5674827369742,67.49529190207156,249.4915254237288,251.5003138731952,4348.223477715002,0.4017576898932831,130.16949152542372,22327.24238737625,22105.518853838596,22057.792017418826,21760.78722347396,21688.506876172123,21645.945611731735,21589.641349095902,21543.151496664115,21425.972870934147,21229.013110765816,21134.02594887181,20742.37706956911,20637.51067529428,20514.202396855446,20371.55180884221,20355.686465922903,20342.953650224394,20264.936033453116,20168.13730444418,20161.26590206018,19987.38641442349,19985.40603331998,19963.84057506188,19936.279155037635,19859.934554478714,19792.14832112386,19774.934190557713,19764.401788542207,19720.288266114036,19715.500246197982,19711.519495671004,19699.223540279014,19653.985962097202,19618.78501476394,19526.22880898482,19428.09567009276,19383.157234608538,19359.609536318672,19268.24943685067,19229.457184012008,19112.546143660613,19109.491866281896,19091.064662327222,19082.41586353075,19071.319854672394,19000.164926954287,18997.378151113982,18985.916932552085,18926.58340532511,18869.596989765054,18809.383159521698,18801.251323913442,18749.385530853575,18744.921607734308,18739.14556533537,18724.852727121495,18709.3075703173,18646.286709196665,18637.335726144654,18537.55298917894,18490.33576669338,18446.58304547183,18433.655189647583,18406.654077614912,18396.348459292352,18368.26261196082,18363.154297364923,18342.050404959384,18308.563447657943,18305.657685967584,18293.077832699317,18273.741102855012,18272.743133081953,18257.252046651407,18256.579645713737,18181.520522257728,18169.098811194617,18153.9850887385,18090.99856630935,18088.773713022445,18060.742466941243,18037.590903138265,18026.84461955624,17947.031648992142,17923.688526641872,17849.10026586919,17807.940618213343,17770.117972084798,17750.60740830585,17735.362007793363,17722.167200129094,17711.907198457175,17705.24664814162,17641.713810922385,17640.420756097632,17620.483857023086,17577.045208916265,17576.85640343149,17562.576945744844,17554.876665414286,1388.0,1388.0,1388.0,1405.0,1405.0,1405.0,1719.0,1719.0,1719.0,2340.0,2340.0,2340.0,2564.0,2564.0,2564.0,2581.0,2581.0,2581.0,2726.0,2806.0,1
3254.0,3254.0,3254.0,3212.0,3212.0,3212.0,3212.0,3212.0,3212.0,3196.0,3196.0,3196.0,3196.0,3188.0,3188.0,3188.0,3176.0,3176.0,3167.0,3167.0,0.5930593522679887,123.94940462400963,254.42246212296715,123.35634527174165,191.55817078256035,4101.59848028541,1.1861187045359773,124.54246397627762,190.96511143029235,377.7788073947088,314.914516054302,438.8639206783116,62.8642913404068,315.50757540656997,4101.005420933142,247.30574989575126,314.32145670203397,4102.191539637678,63.45735069267479,4163.27665292128,247.89880924801926,4163.869712273548,4356.614001760645,192.15123013482832,569.3369781772691,4541.055460315989,61.08511328360283,122.76328591947366,4164.4627716258165,377.1857480424408,62.27123198813881,185.03451790761247,378.37186674697676,61.67817263587082,4293.7497104202375,4479.970347032387,60.492053931334844,253.82940277069915,7.116712227215864,67.60876615855071,4417.106055691979,4795.477922438957,255.01552147523512,4355.427883056109,186.22063661214844,4348.9042301811605,4154.380762637261,130.4730574989575,3978.242135013668,4162.683593569012,439.4569800305796,568.7439188250012,190.37205207802435,692.6933234490108,4102.784598989946,129.87999814668953,313.728397349766,4165.0558309780845,4356.020942408377,4480.563406384655,185.62757725988047,4357.207061112913,4416.512996339711,131.0661168512255,4293.15665106797,692.1002640967428,438.27086132604364,4154.973821989529,4479.377287680119,7.709771579483853,505.8796274845943,4541.648519668257,631.0151508131399,253.23634341843118,184.44145855534447,183.8483992030765,67.01570680628272,4417.699115044247,4349.497289533429,376.5926886901728,4153.787703284993,4155.566881341797,316.10063475883794,562.2202659500532,693.2863828012787,4288.412176249826,59.89899457906686,52.782282351850995,3910.040309502849,246.7126905434833,378.96492609924474,3977.6490756614,3910.633368855117,248.49186860028726,4041.1064263540748,817.2357874252884,445.3875735532595,122.17022656720566,4540.462400963721,3724.412732242969,33125.49892971865,30580.63610475709,27962.39380858399,27784.64978252352,27602.807623937115,26959.851050075875,25946.961253072233,25877.610723194128,25815.13268168127,25607.674941455105,25580.5522844937,25500.003865329927,25389.55492125991,24791.349880173555,24480.473736563737,24342.272872699876,24250.00290433916,24212.674919571607,24186.35295792186,24041.98655162673,24004.5970268442,23947.683738264994,23719.181079549562,23616.848418210502,23581.666200978136,23380.71357453803,23344.357697753258,23331.79384547809,23311.675851861313,23283.797999764018,23181.70970037023,23159.902889517445,23067.91545915149,22890.69076172016,22850.888778438304,22844.547441643914,22698.754774280736,22696.159225612493,22549.356270197793,22482.807612691577,22420.661670685487,22374.593100411523,22270.12015891654,22259.18627887669,22235.80575505077,22170.893213295745,22095.277472934613,21988.536967345222,21830.230776785087,21814.854622628187,21805.800700927055,21792.79409381342,21783.17404653325,21527.908653236944,21420.150615828836,21311.66130959695,21282.766079579495,21277.54927010828,21240.851974941645,21220.27478767336,21189.512708409475,21151.518163530603,20998.196508581856,20996.99498978452,20938.507692910393,20844.171817282448,20823.320512754068,20814.463236931726,20589.040377155117,20587.39435323613,20537.827113780822,20495.848199190805,20492.282297895043,20440.32875531002,20269.348536697496,20190.608229974216,20145.203526765457,20130.72698940406,20120.774725011233,20086.340047800102,20077.563592714112,20027.889040848884,20021.87356360159,19927.91763404923,19884.351870312465,19816.56310674393,19810.18278242899,19739.803362103416,19717.242204091435,19707.249284551315,19696.279363400467,19618.45652667577,19614.348092406643,19597.543908375577,19577.92507818668,19568.149446710904,19553.32093712939,19513.997480849044,19491.858122972146,19464.45291904928,1719.0,1719.0,1719.0,1773.0,1773.0,1773.0,1800.0,1800.0,1800.0,1867.0,1867.0,1867.0,2007.0,2007.0,2007.0,2299.0,2299.0,2299.0,2331.0,2331.0,1
3280.0,3280.0,3280.0,3280.0,3256.0,3256.0,3256.0,3256.0,3228.0,3228.0,3228.0,3228.0,3177.0,3177.0,3177.0,3177.0,3176.0,3155.0,3155.0,3155.0,63.830875458187705,60.55749722956269,1.6366891143125053,62.739749381979365,3.2733782286250106,63.285312420083535,127.11618787827123,61.10306026766686,2.727815190520842,66.55869064870855,66.01312761060437,124.93393572585457,0.5455630381041684,126.57062484016707,189.8559372602506,60.01193419145852,3.818941266729179,123.29724661154206,129.8440030687921,65.46756457250021,124.38837268775039,127.66175091637541,64.37643849629187,59.46637115335435,2.1822521524166736,61.64862330577103,190.40150029835476,187.67368510783393,62.194186343875195,250.95899752791746,186.58255903162558,250.41343448981328,130.38956610689624,126.0250618020629,1.0911260762083368,190.94706333645894,120.56943142102122,254.23237575654247,4.364504304833347,64.92200153439605,184.94586991731308,67.10425368681271,187.12812206972976,128.75287699258374,129.2984400306879,125.47949876395873,57.28411900093768,188.2192481459381,188.76481118404226,189.31037422214644,186.03699599352143,57.82968203904185,123.84280964964623,4163.191543772909,121.11499445912538,122.75168357343789,5.455630381041684,58.37524507714602,69.83206887733355,6.001193419145852,314.244309948001,253.14124968033414,69.28650583922939,4.9100673429375155,193.12931548887562,4227.022419231097,4285.943227346347,4158.827039468076,184.40030687920893,4096.632853124201,67.64981672491687,4099.360668314721,4097.1784161623045,191.49262637456312,256.9601909470633,58.92080811525019,4166.464922001534,253.68681271843832,56.738555962833516,4221.021225811951,4287.034353422555,4162.100417696701,4287.57991646066,192.58375245077144,310.970931719376,68.19537976302105,256.4146279089591,128.20731395447956,316.4265621004177,4283.76097519393,6.546756457250021,4347.046287614014,313.69874690989684,4102.634046543346,4226.476856192992,130.93512914500042,252.59568664222996,193.67487852697977,4293.035546841701,4161.009291620492,36799.80438903022,34590.19756134035,34291.4637373868,34208.923555315814,34202.42090594464,34049.065608051395,34032.63437915735,33978.752934943914,33641.941711247855,33504.308364132,33353.68440587424,32471.800163566968,32361.013759221307,32083.099992041003,31910.909282403532,31723.4568201547,31599.64107427927,31558.053988989628,31512.607397805088,31447.410992922065,31247.963261009365,31179.243755174964,30978.163642096908,30891.341654337273,30515.111349503786,30313.870723823897,30032.627913979097,29997.313715578865,29982.896251353082,29982.42254306365,29980.228833026904,29933.87821034496,29572.16232213679,29481.200441229983,29480.595827261237,29426.875122107223,29218.049342714618,29093.822894704812,29053.50448925732,28965.498992551282,28902.324793591597,28598.65146276593,28511.575083854616,28012.40758471955,28009.636007013905,28006.674306904988,28001.463250322515,27970.097294397983,27901.894810268033,27866.50524183615,27803.239979851314,27746.4418244223,27740.717355617257,27687.16417727996,27652.781796156225,27598.6918272751,27594.077040605665,27590.36585828745,27507.9589487565,27506.895315986407,27483.771608388375,27406.568804822924,27307.41555442046,27253.617572411462,27228.863192992983,26997.92164932407,26991.631910627515,26945.82074165298,26743.107708676256,26678.595031003108,26641.499749250812,26601.823489249,26542.863292147464,26539.608297773353,26519.661420846438,26489.617468878765,26481.65372665501,26457.499237735505,26433.015683876816,26192.002457692994,26164.453845802665,26137.576566126674,25999.74362746944,25750.213574516878,25640.29158358978,25505.48617805239,25348.004971221395,25338.851628143795,25321.382660642215,25298.83493996236,25187.894705203118,25153.124787875182,25129.414980393107,25077.23008997325,24921.63965662179,24899.638586988433,24895.548662912894,24861.36607784699,24860.20661319534,24852.70611842743,1352.0,1352.0,1352.0,1352.0,1392.0,1392.0,1392.0,1392.0,1648.0,1648.0,1648.0,1648.0,1649.0,1649.0,1649.0,1649.0,2284.0,2284.0,2284.0,2284.0,1
3233.0,3233.0,3233.0,3233.0,3221.0,3221.0,3221.0,3221.0,3205.0,3205.0,3205.0,3205.0,3159.0,3159.0,3159.0,3159.0,3155.0,3155.0,3155.0,3155.0,0.4072671736294505,60.27554169715867,64.75548060708263,64.34821343345317,4.4799389099239555,4.072671736294505,63.940946259823725,189.7865029113239,125.03102230424129,65.16274778071208,60.68280887078812,129.1036940405358,190.19377008495337,185.7138311750294,189.37923573769447,124.62375513061184,59.86827452352922,3.665404562665054,125.43828947787074,0.814534347258901,120.55108339431735,129.51096121416526,61.09007604441757,4.887206083553406,3.258137389035604,120.9583505679468,188.971968564065,128.69642686690634,249.65477743485314,185.30656400139998,250.06204460848258,254.1347163447771,56.20286996086416,129.9182283877947,68.82815234337713,125.8455566515002,193.85917464761843,121.36561774157624,184.8992968277705,68.42088516974768,69.23541951700658,63.533679086194276,55.795602787234714,124.21648795698239,61.49734321804702,250.46931178211204,59.461007349899766,57.01740430812307,186.12109834865888,314.81752521556524,249.24751026122368,253.72744917114764,56.61013713449361,61.90461039167647,193.45190747398897,68.01361799611823,8.14534347258901,2.443603041776703,194.26644182124787,254.54198351840654,2.8508702154061534,121.7728849152057,65.57001495434153,314.4102580419358,8.55261064621846,254.949250692036,310.33758630564125,318.8901969518597,4203.404499029559,375.0930669127239,120.1438162206879,1.2218015208883515,310.7448534792707,181.23389226510545,315.22479238919465,4203.811766203188,4141.499888637882,65.97728212797098,379.1657386490184,8.959877819847911,4144.350758853288,190.60103725858283,126.25282382512965,258.2073880810716,374.6857997390944,4205.848102071335,246.39664004581755,4141.092621464252,57.42467148175252,245.58210569855865,379.5730058226478,245.98937287218808,258.61465525470106,4205.440834897706,186.5283655222883,4139.056285596105,4138.649018422476,184.49202965414108,4204.219033376818,128.2891596932769,48785.29259092705,47812.10101600253,46883.8461948254,46134.28236930468,45089.76606621686,44946.533134706726,44604.659022574015,44496.48287669132,43959.96375384404,43742.27840824696,43629.62498924818,42560.83353627672,42551.22167860946,42469.84604355058,42326.46634442661,42048.12344324743,41946.760651181845,41773.874412876605,41747.595477987736,41647.614584827,41263.9869167397,40808.07121058974,40452.48311525863,40373.46424301639,40335.308886343286,39732.68677368997,39330.723467255986,39127.5846656378,39124.35013808087,39025.67818146355,38864.55670843113,38490.68904287688,37607.183683596864,37557.71511007322,37339.33907468481,37231.78113290369,37188.11610040473,37105.138072753674,36930.640794305225,36726.958977698116,36463.16649928778,36027.73018292247,35981.671785884966,35961.80424399128,35859.76806475225,35373.038891894816,35073.11966147777,35070.75908375315,34913.03166054499,34897.56372235604,34707.76007324229,34701.965071320075,34700.97285182077,34521.71112409312,34483.21668819012,34162.80826687002,33538.068160384304,33322.86696863876,33250.51997844918,33193.07936361152,33010.894216435336,32990.30910280675,32910.90927478679,32829.06535554365,32612.063678191374,32575.389031528364,32548.09096568506,32244.684463122412,32037.992359812415,31995.81490322417,31994.48728528255,31940.80630673991,31921.43155980137,31844.09717641706,31582.47256075097,31303.603259386484,31296.55269467802,31214.66032610812,30978.996748218335,30958.69353813703,30926.334196938995,30817.883742802922,30704.29814911594,30699.761850173927,30677.535814477298,30667.936102816075,30641.413827939592,30584.253845708186,30544.52432563109,30435.40575236202,30424.71447707921,30399.78479854113,30378.839515582044,30377.667209889456,30338.615708218862,30260.188701142488,30257.887919511097,30254.42484318001,30218.386394829162,30194.631326938827,852.0,852.0,852.0,852.0,875.0,875.0,875.0,875.0,1707.0,1707.0,1707.0,1707.0,1806.0,1806.0,1806.0,1872.0,1872.0,1872.0,2182.0,2182.0,1
3146.0,3146.0,3146.0,3146.0,3146.0,3146.0,3146.0,3146.0,3115.0,3115.0,3115.0,3115.0,3098.0,3098.0,3098.0,3098.0,3096.0,3094.0,3094.0,3094.0,4478.601326073267,4346.794088232025,4473.860058525021,4345.845834722376,4224.9435122421,4916.220320776382,4476.230692299144,4920.013334814979,3780.6867429714407,4477.178945808793,4353.905989554394,4918.11682779568,4033.396303292958,4602.822535837315,5360.477090047041,5613.186650368559,4922.383968589102,4792.947364521983,4222.572878467978,4356.750750083342,4352.009482535096,3905.856206245138,4160.462273585954,4357.224876838167,4222.0987517131525,3652.672519168796,4224.469385487276,5486.594806830388,2963.292217653813,4477.653072563618,4475.282438789494,4914.323813757083,4474.80831203467,3659.7844204911653,3529.873689669222,4603.770789346964,4102.144682742526,4353.43186279957,3214.5793977108565,3086.565173908212,4602.34840908249,3343.54187502315,4348.216468496499,4600.926028818017,2966.1369781827607,690.8026817794569,4471.489424750897,4790.57673074786,2.3706337741230503,5048.027558617624,126.11771678334628,4482.394340111864,4230.158906545171,3782.1091232359145,4226.840019261399,4479.5495795829165,5930.851576101048,2333.177760491906,5615.557284142682,4350.587102270622,3095.573582249879,4228.262399525873,4038.1375708412043,4091.2397673815603,4354.854243064044,5488.491313849687,3904.907952735489,2968.507611956884,3211.2605104270842,4354.380116309219,4346.319961477201,4472.911805015371,4471.015297996073,4351.535355780271,3405.6524799051745,4920.961588324628,1.4223802644738304,3653.146645923621,1511.9902211356816,1135.5335778049412,0.4741267548246101,4604.2449161017885,4917.642701040856,4605.667296366262,4.267140793421491,4793.895618031633,4094.0845279105083,4661.614253435567,3910.597473793384,4483.342593621513,3660.7326740008143,5361.425343556691,4352.48360928992,3344.016001777975,4475.7565655443195,3912.4939808126824,3659.3102937363406,4484.290847131162,4476.704819053968,5493.232581397932,9328.906866411908,9042.973962900229,8764.703233508944,8477.278622022319,8232.436594128869,8199.364396088893,8178.4941236055565,8075.300138991066,7816.3054283890615,7789.372437582307,7733.232188945455,7672.078668763328,7623.695189249607,7478.790746489898,7381.079414957041,7301.8202682645315,7287.806959708969,7246.439297340096,7241.877598960317,7202.3042916212435,7175.086721892239,7174.745622708289,7168.126301344561,7080.094361267194,7074.137736586569,6954.023737089064,6915.6483729611855,6864.567503453522,6856.695883537046,6837.114010061133,6796.3887682663635,6765.043409704639,6761.690880947822,6751.434858037478,6739.203359721068,6725.452151169174,6710.355449012362,6638.315353320394,6610.764527763979,6579.3400903854845,6571.612739937986,6529.025974601737,6507.367127474829,6483.366495196196,6478.5881509999135,6448.948614963234,6420.625879028274,6416.838715296744,6398.527089102726,6337.968883163117,6308.846916488921,6274.968290409836,6267.093859795646,6265.34095383059,6252.0731679577875,6246.6574865867115,6232.436462953665,6210.826893147873,6168.070102800982,6166.129417627516,6156.8131041187435,6155.721295276255,6150.2951681677405,6140.487126648407,6133.967989240336,6086.092841506068,6076.230533551918,6068.513818246732,6063.85166274601,6036.991881208816,6032.789396068357,6004.473754742942,5999.597387616584,5995.1387642469945,5990.164915547681,5987.873016476554,5986.569667732791,5985.583599749743,5967.816821101625,5956.707533280934,5953.415937601508,5928.785500155333,5916.661738500488,5895.172640067355,5884.441357687672,5872.471828704957,5872.392791190284,5863.94017994499,5853.498191662558,5850.584132435948,5840.688778738279,5837.466498997002,5836.71869996173,5836.589445440917,5814.210251007839,5804.4304635097415,5788.6914723184545,5780.599729401499,5756.994826047945,5747.850557447554,2597.0,2597.0,2597.0,2597.0,2766.0,2766.0,2766.0,2766.0,2807.0,2807.0,2807.0,2807.0,2865.0,2865.0,2865.0,2865.0,2989.0,2989.0,2989.0,2989.0,1
3185.0,3185.0,3185.0,3170.0,3170.0,3170.0,3148.0,3148.0,3148.0,3148.0,3137.0,3137.0,3137.0,3134.0,3125.0,3125.0,3125.0,3115.0,3115.0,3115.0,4538.567671608796,4474.170065175134,4287.807295041353,4156.084918245226,4288.295155696154,4348.789876891413,4420.993253801883,4476.609368449136,4666.875023821321,4416.114647253878,4416.6025079086785,4097.541639669169,4724.4425810877765,4606.868163280863,4538.079810953996,4420.505393147082,4667.8507451309215,3851.659869649731,4477.585089758737,4477.097229103937,0.4878606548004726,4421.481114456683,4347.814155581812,4852.749933300301,3911.178869535389,4797.133818653047,4162.427106757632,4539.055532263597,3721.401074818005,4292.685901589358,4667.3628844761215,4098.02950032397,5107.901055760948,4283.90440980295,4415.626786599078,4349.277737546213,4158.0363608644275,4666.387163166521,4606.380302626062,3852.1477303045317,3720.9132141632044,2712.993101345428,4602.4774173876585,4473.6822045203335,3963.3799595990395,4729.321187635781,4724.930441742577,250.7603765674429,4537.591950299196,3969.234287456645,3905.324541677783,4601.989556732858,4418.066089873079,4790.79163014064,4532.22548309639,4290.734458970156,4155.597057590426,5043.503449327285,252.22395853184432,4231.703319739299,4037.5347791287113,4607.843884590464,4161.939246102832,4607.356023935663,4672.729351678927,5356.2221290543885,4793.230933414643,4476.121507794336,4478.560811068338,186.36277013378051,3912.15459084499,4663.459999237717,4283.416549148149,5295.72740785913,4857.628539848305,4539.543392918397,4230.727598429698,128.79521286732475,4162.914967412433,4728.34546632618,4800.54884323665,4287.319434386553,436.1474253916225,3911.6667301901894,4479.048671723139,3907.275984296985,5485.0173419217135,4853.237793955102,4153.645614971224,3967.282844837443,127.81949155772382,3962.8920989442386,3851.1720089949304,5293.775965239928,945.4739490033159,3971.6735907306474,3849.708427030529,5236.208407973472,3969.722148111445,436.63528604642295,15988.105034891483,14430.237732216097,13911.635047895832,13853.40070244638,13646.557256250706,13573.931857705807,13248.885208712372,13005.37474664663,12561.359799749567,12507.252086647235,12448.859153086467,12310.41187193148,12199.974593673182,12070.058564957584,11924.640398567004,11655.590743498873,11613.06292546549,11540.525400123337,11382.87431462982,11209.052048265861,11127.41066893485,11109.314408176659,11071.758978479684,11044.79060613349,10946.646322828856,10908.624753138249,10882.2535404387,10864.030024140897,10856.892296542868,10779.498844185917,10773.90986068304,10706.392922439047,10700.716981789259,10684.33381398583,10681.59653384883,10655.35584569463,10647.929916879983,10576.33654306437,10553.693814675085,10538.878286774201,10537.163143620875,10525.640037826503,10463.914600937671,10430.609237846476,10398.288303811229,10336.833376586075,10320.19271706429,10290.102457303226,10286.179226943237,10248.686830791754,10243.59744260331,10235.702531267192,10187.317997363536,10178.655445450007,10141.977814723605,10129.563223589133,10118.97935356725,10031.495014331816,10022.592196105923,10020.654436002864,9971.607130925897,9962.562773527885,9953.52749063024,9913.898030311715,9868.515447870426,9862.567634806583,9772.251992790403,9695.444512105294,9666.708041935452,9617.962106874164,9611.872937820084,9601.17641342731,9585.510373550642,9550.15474340463,9547.052845170008,9516.033185482389,9504.795171774356,9456.184108403993,9403.133145999887,9388.24412344086,9337.684660293568,9320.37455462229,9297.894408694585,9289.362407448774,9282.823280795681,9281.889144712464,9249.139879216047,9247.02596515913,9215.611880265642,9197.762264609843,9172.20680447204,9161.55538172442,9155.729210406818,9138.687982638272,9123.027109337807,9119.470728927834,9110.108388333596,9095.795318864071,9071.862237075538,9060.972647859773,2107.0,2107.0,2107.0,2484.0,2484.0,2484.0,2605.0,2681.0,2681.0,2681.0,2768.0,2768.0,2768.0,2768.0,2774.0,2774.0,2774.0,2812.0,2812.0,2812.0,1
3246.0,3246.0,3246.0,3246.0,3241.0,3241.0,3241.0,3241.0,3231.0,3231.0,3231.0,3231.0,3222.0,3222.0,3222.0,3222.0,3217.0,3217.0,3217.0,3217.0,0.5671747607231478,3.403048564338887,3.9702233250620345,4726.834455866713,4730.804679191776,4.537398085785182,4730.237504431052,64.09074796171569,64.65792272243884,60.12052463665366,4791.492378589152,4726.26728110599,60.68769939737681,4727.401630627437,4790.925203828429,4794.895427153491,4731.371853952499,4540.801134349521,59.553349875930515,1.1343495214462955,4541.368309110244,7.940446650124069,4722.864232541651,56.150301311591626,4666.71393123006,68.06097128677773,4223.183268344558,2.8358738036157387,4227.720666430343,4537.398085785182,5.10457284650833,63.52357320099255,4666.146756469337,4223.750443105281,4795.462601914214,4790.358029067706,4224.317617866004,4734.774902516838,4735.342077277561,56.717476072314774,4536.830911024459,68.62814604750088,7.373271889400921,61.25487415809996,317.0506912442396,3910.102800425381,313.0804679191776,4786.954980503368,313.64764267990074,4662.743707904998,4227.15349166962,4670.1169797943985,4723.431407302374,4228.287841191067,4734.207727756115,8.507621410847216,4540.233959588798,4787.5221552640905,4605.45905707196,4601.488833746897,4219.780219780219,4602.056008507621,507.0542360864941,4722.297057780928,503.08401276143206,4670.6841545551215,67.49379652605458,4731.939028713222,4287.841191066997,4662.176533144275,507.62141084721725,3910.669975186104,4413.753987947536,317.61786600496276,3906.699751861042,4545.338532435306,3906.1325771003185,4794.328252392768,4417.724211272598,253.52711804324704,249.55689471818502,4544.771357674583,321.0209145693016,4219.213045019496,4284.438142502659,3845.444877702942,4536.263736263736,190.0035448422545,4600.921658986174,4287.274016306274,65.22509748316199,4477.277561148529,252.9599432825239,4792.059553349875,3846.012052463665,502.5168380007089,4537.965260545905,4606.026231832683,4541.935483870967,4727.96880538816,55408.38321455835,54387.80867636563,53809.81387802017,50780.84966666413,50695.7249673452,50333.33840467068,47846.95954801677,47084.64780344947,46942.23523313992,45990.19208776676,45385.96742307209,43992.17603001195,43577.423748395435,43258.355624195,42538.63863782889,42263.12962889051,41905.50518652039,41266.11818659355,41239.01377851393,41133.16991365781,40948.46839244079,40551.203384165165,40239.988527996895,39691.38476429847,39493.402879579226,39234.6992838769,39213.696023586555,39115.64822010284,39000.39281664818,38913.24268029133,38801.254476635084,38795.43291399245,38735.23486246653,38554.59947234803,38502.70054416658,38397.48281508001,38390.93279824122,38329.66830691701,38162.46436931823,38017.572416544186,38007.08687016658,37694.617231326265,37590.97094833731,37556.27584107735,37388.54490097482,37382.30936932542,37361.22000156302,37304.279022028175,37288.36597895691,37269.5428834184,37236.168342837045,37209.24076593474,37189.865733249826,37012.32968399223,36784.68498053161,36443.32139536933,36411.07030014632,36008.97773636093,35520.71110929746,35410.23965281879,35404.53939949856,35298.40265075078,35279.158639171095,35032.308318457384,35012.48918504764,34929.4447359144,34793.18511363822,34692.592273007824,34593.75719735105,34509.87375197598,34374.59968981061,34188.66678753228,34053.37507936334,34021.678703107646,33925.196222672406,33918.748769140344,33711.74909073936,33678.60826373536,33603.40108392466,33402.581181547066,33300.219187555136,33282.82540346993,33128.75640854547,33126.568632418304,33032.7566925557,33012.446295927024,33001.38391977954,32993.52921027755,32950.80765282303,32899.00613431962,32848.12038564806,32815.95413041784,32801.97068456456,32711.531128646628,32665.704951892087,32606.419945675265,32545.227015794935,32512.45614537422,32410.161463934266,32370.354094507537,1131.0,1131.0,1131.0,1131.0,1163.0,1163.0,1163.0,1163.0,1716.0,1716.0,1716.0,1716.0,1763.0,1763.0,1763.0,1763.0,2041.0,2041.0,2041.0,2041.0,2
3244.0,3244.0,3244.0,3244.0,3210.0,3210.0,3210.0,3210.0,3186.0,3186.0,3186.0,3186.0,3138.0,3138.0,3138.0,3138.0,3137.0,3137.0,3137.0,3134.0,0.2372875071835085,4791.546632556587,0.7118625215505254,4.74575014367017,4.271175129303153,63.593051925180276,0.474575014367017,4.508462636486661,4.033887622119645,4.983037650853678,3.5593126077526276,64.0676269395473,124.10136625697494,3.796600114936136,5.220325158037187,628.574606529114,4791.07205754222,187.69441818215523,564.2696920823832,564.5069795895668,192.4401683258254,4791.309345049403,4794.631370149973,191.96559331145838,4795.343232671523,59.79645181024414,4790.360195020669,4662.462228648758,760.2691730159612,59.55916430306063,63.830339432363786,1.1864375359175425,692.4049459614778,191.25373078990785,4854.4278219602165,123.62679124260792,4786.8008824129165,67.62693954729993,568.5408672116863,692.6422334686613,187.93170568933874,4790.834770035037,192.2028808186419,4794.868657657156,127.89796637191108,127.42339135754406,123.1522162282409,568.3035797045028,627.8627440075635,4603.140351852881,67.86422705448344,191.72830580427487,63.35576441799677,188.40628070370573,4731.750180746343,1133.2851343084367,568.7781547188698,4667.445266299612,3.322025100569119,4790.597482527853,4854.902396974584,187.45713067497172,186.7452681534212,945.1161411119143,376.81256140741147,68.81337708321746,64.3049144467308,755.997997886658,4786.32630739855,4662.936803663126,627.62545650038,760.5064605231447,4790.122907513486,55.05070166657397,756.472572901025,697.150696105148,4854.665109467401,572.574754833806,4667.207978792429,4731.275605731976,68.10151456166693,3970.531857701648,4663.174091170309,4789.411044991935,0.949150028734034,4791.783920063771,563.7951170680162,4727.004430602673,573.2866173553565,59.321876795877124,4731.038318224792,4662.699516155942,4671.004578907365,632.3712066440502,188.64356821088924,4857.987134567969,628.3373190219305,756.9471479153921,184.1351055744026,132.16914150121423,26987.100144630276,25306.285218023437,25246.19484250711,25056.05706591221,24924.944047668294,24504.71784656486,24222.14289246707,23822.18176500996,23009.36690175487,22877.306799023132,22748.152431029368,22420.600499163203,22406.79259536925,22352.621023944164,22349.259782397778,22093.643759804192,21908.530214526072,21550.474376073147,21536.46821653098,21500.0698361861,21394.658099119206,21334.050356644613,21086.536724271373,20979.779712117186,20644.186022314,20583.503513589098,20527.983601338543,20409.444947343138,20376.871102020108,20340.29154292737,20283.829627259092,20279.452207845294,20238.949217123143,20182.376524296422,20166.288755473168,20091.17876516804,20069.080672037446,20062.23948159011,20058.769948867604,20037.455560061437,19986.01643388367,19889.140571469154,19859.049897913817,19846.923537214752,19783.065195479165,19772.921068193627,19742.025224076497,19725.053264364913,19712.533431465312,19711.04799295323,19694.221709304493,19631.6981808366,19610.634305933214,19608.645465953952,19602.543247851616,19601.942354940707,19601.18591402366,19426.18249752898,19347.87541988653,19295.620727038728,19286.683149273773,19275.562173103965,19172.95519239467,19159.939968730363,19144.825960242786,19131.194873403078,19125.288749055057,19110.003996406303,19093.24403255665,19075.52189971982,19052.85963901633,18996.984195206358,18972.696179276067,18946.680555801802,18904.679576872277,18881.99466509194,18873.439499975048,18753.615091344953,18708.548772819904,18682.92795900768,18677.371157967642,18666.57350037778,18647.77502049069,18561.98708563619,18549.995803470778,18549.47133414465,18529.529461313094,18495.772567495955,18449.00614806785,18427.1470591799,18410.87598100051,18403.998291885226,18366.823413286224,18326.98304124613,18227.18420444484,18218.260897006516,18203.559738181644,18173.919320068344,18160.895149560845,18158.7036005335,1639.0,1639.0,1639.0,1639.0,2170.0,2170.0,2170.0,2170.0,2263.0,2263.0,2263.0,2263.0,2376.0,2376.0,2376.0,2376.0,2512.0,2512.0,2512.0,2604.0,2
3243.0,3243.0,3243.0,3243.0,3179.0,3179.0,3179.0,3179.0,3162.0,3162.0,3156.0,3156.0,3156.0,3156.0,3145.0,3145.0,3144.0,3144.0,3144.0,3144.0,4666.8836161424715,4793.219732866058,4352.874282546892,4287.875265971714,4792.761993312712,4605.088776440718,3972.7215834927674,4349.898975450141,4728.449586067552,0.4577395533463265,4545.582634505695,4600.282511130581,4540.547499418885,4604.631036887371,4790.015555992633,3972.950453269441,4663.679439269047,4731.196023387631,2.2886977667316324,4289.4773544084255,190.648523968745,4795.7373004094625,3970.432885726036,4664.366048599067,4663.450569492375,314.4670731489263,4286.959786865021,4290.163963738445,3911.1556135676865,4602.34233912064,4290.850573068465,691.4155953296262,4355.62071986697,64.31240724515887,4539.860890088866,64.7701467985052,4287.417526418367,249.23918679707478,4412.609294258587,5.492874640155918,4608.292953314142,4731.653762940977,4540.089759865539,64.99901657517836,4669.858923239223,4282.153521554885,4596.849464480484,4100.659788653066,4545.353764729022,4787.726858225902,252.90110322384538,4480.583617930517,4790.244425769307,61.79483970175408,4539.632020312193,4599.824771577235,4162.45462835482,3845.4699876624886,189.9619146387255,4226.080426269959,379.4660897241047,250.15466590376744,65.45675612852469,253.12997300051856,61.565969925080914,249.6969263504211,314.9248127022726,249.92579612709426,4789.786686215961,4286.730917088347,5.2640048634827545,4605.775385770738,628.9341462978526,4792.304253759366,4284.6710890982895,123.81854918018132,252.2144938938259,1008.8579755753036,4290.392833515119,4855.014572567812,2.746437320077959,5.035135086809591,62.023709478427236,250.3835356804406,4346.923668353389,4351.729933663526,505.11559711767126,4226.5381658233055,2.0598279900584693,3910.9267437910135,4598.909292470542,4734.1713304843815,4286.273177535001,376.7196524040267,5.721744416829081,820.0404098199439,4851.810395694388,4914.520714502834,3783.6751479607346,4159.708191034742,23684.0934878569,22860.314403316428,20043.484272584796,19930.930734226353,19749.54005765993,19744.607465928824,19424.109925998622,19157.781474072413,19153.530391602857,18770.905056907155,18706.18404570407,18685.43622112744,18635.830636619492,18603.557684454147,18281.65257961403,18249.353998997,18206.0509450095,18062.528038266883,17982.952593858452,17916.46056132286,17886.63464911829,17863.864202445653,17860.30777857934,17859.66353585085,17792.107212699517,17778.770937010955,17765.568529310352,17745.99099042961,17705.747633548814,17677.961697131406,17677.546019144906,17662.341494282064,17648.502507469206,17524.370651220604,17523.253778587794,17509.28708612968,17458.520788653892,17400.178836088842,17383.79092307461,17370.598028976387,17359.200855155195,17335.377155625138,17321.51180146031,17257.67382292499,17221.93786314654,17118.683145544124,17110.670413641285,17051.84787042085,17032.65594353389,17019.594214407593,16951.372355203486,16923.2623157838,16865.11179261478,16858.10702769084,16835.605763918127,16830.197238861463,16765.07096475097,16722.972984410597,16722.368378466756,16716.58232828312,16683.54323804841,16679.19618613249,16626.44540367943,16624.783327184676,16617.73743938241,16595.43767033196,16577.601667170897,16523.66066741528,16519.837870498282,16472.530168904585,16459.118850981908,16445.709679298467,16433.354358981735,16427.627111058624,16415.894646078996,16405.216391935213,16399.17567193903,16373.696156706512,16350.80209180983,16320.100119313822,16298.020041954198,16295.351480229092,16285.195390325187,16260.331536535772,16247.886603541501,16175.421457163508,16167.916022877376,16163.103860404759,16156.433898340592,16102.212856663933,16097.233243281447,16050.160328399732,16009.924864824403,16003.931923932809,15997.97526195229,15992.05665594187,15981.620933325976,15950.097005907077,15929.429722371813,15928.232839120634,1321.0,1321.0,1321.0,1321.0,2280.0,2280.0,2280.0,2280.0,2480.0,2480.0,2499.0,2499.0,2620.0,2620.0,2620.0,2620.0,2751.0,2751.0,2751.0,2751.0,2
3317.0,3317.0,3317.0,3269.0,3269.0,3269.0,3269.0,3213.0,3213.0,3213.0,3183.0,3183.0,3183.0,3164.0,3164.0,3164.0,3163.0,3163.0,3163.0,3153.0,3.0066105164256234,0.4295157880608033,2.57709472836482,1.7180631522432133,2.1475789403040166,1.28854736418241,3.8656420925472297,3.4361263044864265,0.8590315761216066,4.295157880608033,6.013221032851247,5.583705244790443,4.724673668668837,4139.2436495419615,7.301768397033657,4142.679775846448,4139.673165330022,4138.38461796584,4143.109291634509,4140.961712694205,4140.102681118083,3827.4151874098184,3830.421797926244,3829.9922821381833,4141.391228482265,6.872252608972853,4141.820744270326,4140.532196906144,3829.1332505620617,4142.2502600583875,3826.985671621758,316.12362001275125,3824.8380926814534,3827.844703197879,4143.538807422569,3828.27421898594,6.4427368209120495,3829.5627663501223,4144.827354786752,3825.697124257575,3826.126640045636,3825.2676084695145,4137.096070601658,4143.968323210631,4138.814133753901,3826.5561558336967,5.15418945672964,3828.7037347740006,4144.397838998691,4145.256870574813,4137.955102177779,3824.408576893393,4136.666554813597,313.11700949632564,311.8284621321432,3830.851313714305,4145.686386362873,4137.525586389718,315.26458843662965,3823.549545317271,3832.569376866548,4146.115902150935,309.6808831918392,3823.9790611053318,4074.816281332841,4077.822891849267,3832.1398610784872,3832.998892654609,4076.963860273145,312.257977920204,4075.245797120902,308.8218516157176,313.97604107244723,4136.2370390255355,3831.2808295023656,690.2318714137109,312.6874937082648,3821.831482165028,4519.365121975772,3823.12002952921,253.41431495587395,318.27119895305526,4077.393376061206,3822.6905137411495,4135.807523237475,3831.710345290426,315.6941042246904,7.731284185094459,4518.07657461159,4074.3867655447802,4517.217543035468,4518.9356061877115,3833.4284084426695,309.2513674037784,3822.260997953089,4075.6753129089625,9.449347337337674,4518.506090399651,249.97818865138754,4830.764068319855,34960.273184372774,34882.20738240936,32943.978158863305,32255.618346470634,31699.095339808482,31600.238956762125,31199.397304917813,30785.055398599598,30292.532149614624,29635.167440688296,29071.236472858047,28970.922337800243,28729.13957308652,28182.54339478112,28066.6912666257,27795.888504335166,27698.089397156917,27582.389627880195,27562.427686999723,27523.033143301167,27419.73534409132,27353.321166746875,27310.953650975363,27242.294247828493,27220.89232550797,27173.647024593385,27153.189409532155,27027.379407494394,26946.77633095704,26908.699849240715,26885.88232202652,26822.893996878498,26740.570196520654,26624.894385762105,26515.600969396935,26417.292779751315,26338.221293340073,26311.26036993668,26242.110250806472,26131.174317951863,26130.94127930799,26110.349083236062,26087.430368275647,25982.678699066622,25973.07454214001,25872.100125490473,25759.201272065122,25758.858282458306,25721.342971795486,25703.754331558714,25699.12786819598,25676.21699052558,25625.571917883055,25623.945985551585,25341.445976230956,25233.00697526373,25176.52652573858,24978.911076192246,24978.618560344792,24978.009930432585,24832.161897857834,24750.904402506756,24718.291761175078,24389.816410394098,24169.18592531288,24164.332577143265,24139.56668754249,24091.590607791317,24052.736642350283,24028.511012121082,24004.89371900446,23996.363161059453,23965.110593537953,23855.226217309082,23805.364423010287,23764.568450635048,23709.19528858028,23706.670977110687,23688.284533215243,23688.241612633385,23684.454840215123,23645.573405360232,23628.39989693131,23621.69332601065,23478.534474922893,23472.8268621398,23452.579113814234,23436.09923069595,23385.783199047448,23368.258992580093,23343.768684963823,23321.89401170273,23268.365331833596,23260.028581759365,23185.711687201685,23176.106716830353,23049.776634796002,23044.513012908665,23033.929358177575,23027.05538107607,890.0,890.0,890.0,981.0,981.0,981.0,981.0,1815.0,1815.0,1815.0,2143.0,2143.0,2143.0,2293.0,2293.0,2293.0,2293.0,2560.0,2560.0,2560.0,2
3347.0,3347.0,3347.0,3347.0,3313.0,3313.0,3313.0,3313.0,3268.0,3268.0,3268.0,3229.0,3229.0,3229.0,3203.0,3203.0,3203.0,3203.0,3198.0,3198.0,2.614445834503536,2.287640105190594,0.326805729312942,61.439477110833096,5.228891669007072,64.05392294533664,251.96721730027826,63.727117216023686,2.941251563816478,61.11267138152015,66.66836877984016,58.82503127632956,254.58166313478182,5.555697398320014,7.843337503510607,124.83978859754384,127.45423443204737,249.35277146577474,58.49822554701662,122.2253427630403,4.90208593969413,125.16659432685678,254.90846886409474,61.76628284014604,313.40669441111135,190.85454591875813,56.21058544182603,4223.637245640462,186.27926570837693,316.0211402456149,246.7383256312712,8.17014323282355,63.40031148671075,64.38072867464957,66.34156305052723,130.06868026655093,249.6795771950877,257.1961089692854,122.55214849235325,127.78104016136032,66.9951745091531,130.39548599586385,183.6648198738734,191.508157377384,127.12742870273443,124.5129828682309,188.89371154288048,252.29402302959122,4292.26644879618,4478.5457145045575,186.60607143768988,59.1518370056425,69.2828146143437,188.24010008425458,189.2205172721934,65.68795159190134,4289.325197232363,66.01475732121428,310.79224857660785,3782.7763167973035,4225.924885745653,60.785865652207214,257.5229146985983,185.952459979064,4287.037557127173,440.8609288431588,4286.71075139786,187.91329435494166,55.88377971251308,4221.022799805959,4289.652002961677,191.83496310669696,63.073505757397804,191.18135164807106,315.694334516302,188.56690581356753,4284.0963055633565,119.61089692853677,4222.656828452524,313.0798886817984,4353.3791201777,318.63558608011846,68.95600888503076,254.25485740546887,4034.7435340975817,68.30239742640488,4225.271274287027,124.18617713891796,129.74187453723798,190.52774018944518,4475.604462940741,121.89853703372737,4541.292414532642,4475.931268670053,4472.990017106237,4414.4917915592205,193.1421860239487,4284.42311129267,247.06513136058416,126.8006229734215,57082.594753543824,53921.60785695442,52803.25715913919,52026.53632308043,51529.715001610755,50588.954850879025,49645.875903272594,49488.75808590516,49277.4391173098,49223.70698173175,48154.06977156611,47847.195471912164,47182.68167904018,45102.67333088898,44870.830982971784,44180.496362067126,43985.30563676805,43518.26582352948,43468.4187860612,43212.556315633505,42935.282836795675,42774.396474165085,42661.5583554997,42627.18784906541,42146.45398554137,41766.3979653321,41692.413733860674,41616.12853471661,41606.979107391715,41275.81767376363,41258.393231017326,41170.152227138125,41113.70167343685,41067.08169440216,41055.19635738488,40900.88404092503,40868.56390794167,40695.019794821936,40670.125512764746,40598.497632497696,40585.336328845195,40532.63670852701,40440.11488074526,40321.80128937712,40149.23149581885,40139.880868839,40125.065549543484,40111.803908763104,40005.93680801739,39830.095407803994,39640.71756551938,39592.82274841214,39529.54040869389,39409.77402056058,39394.06753596466,39290.345507064,39281.67931722207,39212.803075930206,39212.61532309252,39202.56791056468,39121.2443335899,38983.90551151516,38648.96521761666,38596.518169545634,38573.79763030211,38521.61347874805,38515.12505229097,38297.39174495203,38201.6368655438,38120.91947991773,38038.005613183894,37976.21522350715,37930.857839505436,37847.840391494494,37669.05964181119,37533.257528657654,37452.13265799828,37356.89862470166,37115.864839910835,37103.346535943936,36927.79448628255,36914.636476135165,36876.39708595735,36874.87210554822,36754.68659236204,36680.47433585441,36635.07941899737,36595.1251054205,36567.121430746425,36512.4446728432,36485.16485246443,36461.921127880356,36371.606454818444,36371.60244302168,36344.96988084893,36319.07743044778,36271.10866488489,36160.30620575149,36123.825480786276,36096.10475024368,1051.0,1051.0,1051.0,1051.0,1113.0,1113.0,1113.0,1113.0,1404.0,1404.0,1404.0,1724.0,1724.0,1724.0,1724.0,2050.0,2050.0,2050.0,2050.0,2065.0,2
3250.0,3205.0,3196.0,3196.0,3196.0,3196.0,3181.0,3181.0,3181.0,3181.0,3174.0,3152.0,3152.0,3152.0,3152.0,3141.0,3141.0,3141.0,3141.0,3140.0,4731.445415306875,4415.454258342984,4602.421307506053,4415.791135909043,4286.767028108222,0.33687756605958524,4850.700073691968,4535.045794294137,4290.472681334878,4731.108537740815,4286.430150542163,4409.727339719971,4416.128013475103,3.3687756605958525,4287.440783240341,3.0318980945362672,4290.135803768818,4608.821981261186,4731.782292872935,4602.084429939994,4409.053584587851,4539.425202652911,4166.83861459101,4410.064217286031,4602.7581850721135,4851.036951258027,6.40067375513212,4284.4088851458055,4410.40109485209,4850.026318559849,4608.148226129067,4409.390462153911,4856.42699231498,4412.759237814507,4850.363196125908,4857.1007474471,4606.463838298769,4093.73618275608,4727.0660069481,4412.085482682388,4730.771660174755,312.6223813032951,3845.120539004106,4725.044741551743,3974.8184019370465,122.96031161174861,4289.4620486366985,4290.809558900937,315.3174018317718,4418.82303400358,6.0637961890725345,4727.739762080219,4161.785451100116,4406.358564059375,122.62343404568902,4856.763869881041,4411.748605116329,4414.7805032108645,4293.504579429414,4289.798926202759,4292.830824297294,3969.091483314033,3849.4999473628804,0.6737551321191705,4415.117380776925,440.6358564059375,4607.8113485630065,4160.437940835878,4283.398252447626,4097.441835982735,4167.175492157069,4727.402884514159,4599.726286977577,4857.43762501316,4612.190756921782,3846.468049268344,4416.464891041162,3968.7546057479735,4416.801768607222,3846.1311717022845,125.99220970628488,3974.481524370987,248.27876618591432,440.97273397199706,4291.483314033057,4860.806400673756,3969.7652384461526,4605.45320560059,5.390041056953364,4406.021686493315,444.34150963259293,4860.469523107696,3975.1552795031057,4099.799978945152,4535.382671860196,4287.103905674282,4411.411727550269,4725.381619117802,4601.747552373934,4608.485103695126,25212.16684115933,24781.7564402035,24437.429521479076,24287.12398983637,24080.084891200215,24004.208240018826,22383.17564032047,22377.396945459575,21929.230237669784,21157.948934831566,21016.603034930788,20773.655332135448,20754.299141191634,20717.33980651681,20623.811858555626,20600.208216875664,20412.482134012505,20361.849522796194,20262.683124297582,20155.579220563253,20069.02920679794,19991.67999780906,19892.386215012,19847.024428383713,19770.098260213552,19501.055158124906,19445.648007516804,19379.89255301356,19316.370791729507,19286.05451964228,19211.622702228244,19198.557802072537,19157.986142969286,19058.430665647913,19053.23391913005,18999.62400995108,18810.6224886329,18795.269955732725,18482.933989255693,18478.439508880492,18456.622540638888,18433.518005075995,18397.016832850688,18368.475050916506,18343.91102303761,18080.786203288677,17940.214824582406,17894.92706648324,17859.000571537388,17810.42293343225,17809.41073136625,17802.85155821943,17773.483541475583,17764.101949048953,17725.482351950082,17723.772232140742,17723.025255392917,17604.61179905911,17558.48478082013,17542.462323774453,17525.092984930732,17486.105675397324,17486.040208892893,17449.020811458846,17436.128059272858,17408.673346268522,17362.205847422156,17217.05550108561,17173.024065941903,17153.064453260617,17123.749576201662,17122.464765358043,17108.536573490393,17080.48161060704,17047.959193968127,17001.104026919144,17000.582759537992,16981.132214374175,16958.06350132392,16929.35398770004,16826.619957000068,16822.782464227024,16697.290479421983,16696.65613992973,16670.655805674523,16662.04649297353,16661.932303610505,16579.30423603144,16490.551370541023,16477.753922633798,16445.539404452276,16441.44954684501,16408.55945219823,16365.010182737005,16346.917255019474,16342.386905793514,16330.713923782807,16330.136759043482,16312.79063497989,16308.126710927318,879.0,1661.0,2114.0,2114.0,2114.0,2114.0,2149.0,2149.0,2149.0,2149.0,2544.0,2544.0,2544.0,2544.0,2604.0,2627.0,2628.0,2628.0,2628.0,2649.0,2
3250.0,3140.0,3140.0,3139.0,3138.0,3130.0,3130.0,3130.0,3130.0,3121.0,3120.0,3115.0,3115.0,3115.0,3115.0,3110.0,3109.0,3108.0,3104.0,3104.0,4161.677543596876,4474.3625405656,4163.503441389394,4224.21454299062,4604.9142327306445,4476.644912806248,4226.040440783138,4037.0600192575153,4534.617167718698,4411.825541171856,4159.395171356228,4221.4756963018435,4546.485503370065,4414.107913412503,4234.25698084947,4153.917477978674,68.92764166755822,4284.012695695588,4038.429442601904,946.2715309725045,4227.866338575657,4296.337505795085,4347.462643985592,4534.160693270568,4293.598659106308,4168.068185870689,4093.206376377447,4225.583966335009,4157.112799115581,3915.1813416069326,4356.135658500053,3908.790699333119,4220.106272957455,4348.375592881851,5551.185763703149,4536.4430655112155,4031.582325879961,4157.56927356371,250.14799757497948,192.17574266252984,4165.785813630041,4285.838593488106,246.03972754181376,122.33515209871258,2962.062693912485,4097.7711208587425,4288.120965728754,4033.864698120609,4031.1258514318315,882.8215826825005,4289.9468635212725,4416.39028565315,4354.766235155665,312.2285225205948,3905.138903748083,4855.062230305623,4235.626404193858,4213.715630683641,4229.692236368175,4286.295067936236,248.32209978246138,4409.543168931207,2207.9669056025105,4603.544809386255,4476.188438358118,64.36289718626297,4095.4887486180946,4280.360900110552,4153.461003530544,4278.991476766164,384.8079597731892,881.9086337862415,4478.014336150636,500.75246959808845,4917.599229699368,59.79815270496772,4285.382119039977,5931.885453443172,4292.685710210049,4165.329339181912,5047.694447416283,8.216540066331442,4795.720552048785,126.44342213187831,380.69968974002353,125.07399878748974,4224.67101743875,3716.6149566705894,4168.524660318819,4169.437609215078,5.477693377554295,6305.738026461253,4282.6432723512,4103.705288684426,503.9477907349951,4155.7433757711915,4284.469170143718,2143.6040084162473,4538.725437751863,4422.324453478835,9748.26510970353,9636.05664150883,9196.04167603957,9017.48279108093,8837.956529993133,8809.93705128031,8771.457326369386,8620.06722301164,8582.085675452428,8337.961056851798,7992.624057527804,7967.678679564601,7763.767640996698,7675.479190952826,7656.741691502034,7554.644037583394,7536.126258791078,7504.3257776069995,7502.340037381478,7450.762137423537,7372.490233644072,7285.6429371607655,7282.287635569963,7257.178360381341,7254.268877269365,7218.549440126205,7208.902973204581,7179.562241109796,7150.235968365474,7147.366744107862,7086.893612896275,6981.141480496153,6925.947048698561,6893.786866924688,6887.807550826762,6881.923526772387,6854.461778884643,6766.949095582221,6755.601745073853,6715.852364943474,6709.32212395376,6605.015885831207,6591.405013740597,6556.582239938604,6545.497163026016,6527.483850222727,6511.0612331503435,6486.680779081985,6466.473745447802,6458.688015029687,6440.751451252361,6415.3126847571175,6402.45790551433,6372.328876311996,6360.688610132403,6324.225867695175,6302.554950719348,6279.880993082416,6279.3998286712895,6278.01455849468,6250.887333709725,6246.721802919664,6199.234193823827,6198.879162400073,6180.905474508978,6179.034702066864,6169.633641067292,6154.912381055209,6140.746851181888,6130.729843436687,6130.370441576858,6121.387338114287,6109.824991572322,6104.963125411158,6066.4814135548295,6059.641547819471,6051.972809777663,6051.31619739762,6029.609111922574,6004.988620387381,5983.400847705318,5975.0697421597815,5945.498161583569,5943.565360780734,5942.554453604651,5927.079037666109,5926.687065815377,5914.268611097659,5905.002226390846,5894.574633067021,5876.532076975482,5873.902829456341,5871.067371817741,5866.865641401724,5866.447480896179,5864.855363570332,5858.199892974725,5830.847754593012,5827.228328010586,5820.347022278175,2053.0,2148.0,2337.0,2749.0,2765.0,2827.0,2876.0,2876.0,2876.0,2876.0,2918.0,2922.0,2922.0,2922.0,2931.0,2931.0,2931.0,2931.0,2937.0,2937.0,3
3222.0,3222.0,3222.0,3222.0,3178.0,3178.0,3178.0,3178.0,3163.0,3163.0,3163.0,3163.0,3152.0,3152.0,3152.0,3152.0,3142.0,3142.0,3142.0,3142.0,4412.887236679058,4416.35687732342,4412.391573729863,4222.057001239157,4223.048327137546,4221.561338289963,4036.1833952912016,4347.955390334572,4227.013630731102,4226.022304832713,4034.696406443618,4407.930607187112,4410.90458488228,4039.157372986369,4420.817843866171,4419.3308550185875,4411.400247831474,4602.230483271375,4229.98760842627,4601.734820322181,4039.6530359355634,4161.586121437423,4408.426270136307,4231.474597273854,4031.226765799256,4603.221809169764,4225.526641883519,4417.843866171003,1.486988847583643,4607.18711276332,4409.913258983891,4032.71375464684,4350.92936802974,4415.861214374225,4352.416356877323,4352.912019826517,4538.785625774473,4793.060718711276,4041.140024783147,4158.612143742255,4223.54399008674,4480.793060718711,4219.08302354399,4347.459727385378,4421.313506815365,4471.375464684014,4355.885997521685,4028.252788104089,4476.33209417596,4476.827757125155,4409.4175960346965,4603.7174721189585,60.47087980173482,190.3345724907063,2.973977695167286,4167.038413878562,4031.722428748451,4285.501858736059,4033.2094175960347,0.4956629491945477,4413.382899628253,376.70384138785624,4286.988847583643,4349.4423791821555,4662.205700123915,190.83023543990086,6368.277571251549,186.36926889714994,4220.074349442379,4225.030978934325,4162.081784386617,4597.273853779429,4226.517967781908,4038.16604708798,4291.449814126394,4479.306071871128,4661.710037174721,61.957868649318456,4342.998760842626,4666.666666666666,4036.6790582403964,4034.2007434944235,4663.692688971499,4406.939281288724,4.956629491945477,4600.247831474597,4.4609665427509295,4357.868649318463,4227.509293680298,4165.551425030979,4732.589838909541,4218.587360594795,4029.7397769516724,59.97521685254027,4414.869888475836,4598.7608426270135,3.4696406443618337,189.3432465923172,4228.004956629492,4289.96282527881,21956.115257084235,20716.921352353762,19494.241112914067,19059.270736878956,18899.01143080326,18689.038847407246,18678.203105064604,17712.859931716917,17651.68328200528,17568.758955768073,16803.792634428777,16731.860175759026,16536.032798923727,16480.953747686475,16426.443063457034,16345.873749557777,16117.777184728666,15441.924719896999,15379.246345407359,15150.00546965038,15003.710404833819,14946.02038160605,14942.868985103754,14925.010731688724,14837.257436800302,14836.278687180935,14830.322270321069,14710.475739305753,14709.420810725138,14671.413126425527,14472.366339358734,14073.701755445356,14029.794011940427,13941.013806029641,13907.14491023862,13893.935443646349,13761.415997215781,13668.464500730077,13660.315828478188,13627.574436960127,13527.715296676317,13472.590310776783,13443.35276057459,13351.810841818424,13211.482294310537,13139.598622283393,13092.443226776657,12838.56115687456,12801.631090104878,12783.922070300958,12758.78825850255,12550.124182495236,12512.18106953527,12481.332574309055,12461.331984810791,12439.224646873894,12406.2755632001,12393.599698231848,12361.885426882809,12288.544382096094,12268.129334295876,12260.20858744797,12202.010820407115,12141.878150913632,12099.6307167741,12076.772501103702,12066.203586890377,12018.133034082472,11983.937026783286,11964.086090879076,11962.347697521962,11825.223764933231,11780.206405909552,11773.318704215737,11708.72147356473,11664.973368259998,11639.469638035682,11634.666199816344,11555.09807237329,11532.701666928693,11507.797797292462,11478.303241205938,11476.261567739783,11396.988468904297,11394.693617622896,11378.685650565336,11368.039101776138,11367.1651179691,11317.127319711342,11269.758374860568,11265.1366048189,11260.613506229012,11232.356700838627,11183.37716696888,11183.30534582715,11168.68747000362,11160.635337470554,11100.989854993299,11054.018077158667,11024.954872763878,2533.0,2533.0,2533.0,2533.0,2540.0,2540.0,2540.0,2540.0,2576.0,2576.0,2576.0,2576.0,2700.0,2700.0,2700.0,2700.0,2793.0,2793.0,2793.0,2793.0,3
3181.0,3159.0,3159.0,3159.0,3157.0,3157.0,3157.0,3147.0,3147.0,3147.0,3143.0,3143.0,3143.0,3140.0,3131.0,3131.0,3126.0,3126.0,3126.0,3124.0,4351.889405605957,4288.134990216259,4410.764656552566,4347.010241162868,4474.844349571803,4411.089934182105,4415.969098625194,4158.999771289167,4352.2146832354965,4346.684963533328,4353.190516124114,4352.865238494574,4479.723514014891,4352.539960865035,4351.564127976418,128.48466366801352,4470.615740387792,4416.294376254733,4535.671266295647,68.95885746232625,4099.47396508348,4227.633351121954,192.88963431678994,187.68519224416153,5.204442072628396,3.903331554471297,4224.055297197022,5.529719702167671,4223.7300195674825,4348.3113516810245,4286.833879698102,4480.048791644431,4036.3701049528604,123.93077685446367,4357.093847678585,4663.505374704582,58.54997331706946,128.15938603847425,4030.8403852506926,315.5193006530965,188.0104698737008,4.5538868135498465,4412.716322329801,310.64013621000737,4415.643820995655,4159.325048918706,192.56435668725067,64.07969301923713,252.09016289293794,4356.443292419507,4476.14546008996,4480.69934690351,127.18355314985642,4228.934461640111,4292.03832177073,4411.415211811644,4474.5190719422635,256.64404970648775,4163.553658102717,4030.1898299916143,4158.674493659628,4668.384539147672,4228.609184010572,4095.245355899469,4159.650326548245,4475.494904830881,4035.068994434703,4163.878935732256,0.6505552590785495,4406.536047368555,4604.630123757974,4105.003684785647,4727.25979009428,4287.80971258672,4233.8136260832,4410.439378923026,256.3187720769485,4347.335518792407,4470.941018017332,4036.044827323321,3976.844298747173,60.82691672384438,4347.6607964219465,4604.304846128434,4227.958628751493,191.9138014281721,4355.792737160428,4416.619653884272,4154.445884475617,119.37689004091384,4100.449797972097,193.54018957586848,4405.560214479937,3903.006276841758,4164.204213361795,3972.290411933623,253.06599578155576,4030.515107621153,4286.183324439024,4037.345937841478,16075.01491013112,15988.334813797013,15856.315455962429,15440.288424935245,15395.579116243123,15177.985928526035,15039.33941378304,14831.370189567653,14268.656828445597,14262.209132368402,14082.829826341227,14076.304652024999,13668.590949022464,13543.875898907,13451.836358954582,13259.418598316144,13154.351464985382,13141.68815077245,13106.710153977985,13032.2784222587,13022.876760478768,12957.163417352314,12944.082971740025,12915.32630235853,12904.315460742942,12848.838509009902,12822.821840354816,12795.004938603863,12782.867235474905,12732.528949391524,12732.082077133693,12717.631526861247,12711.966141920202,12706.320702918714,12661.126735594833,12627.18400715838,12607.622089899365,12589.031177775494,12556.963844502987,12477.248331342378,12422.67668781304,12413.880261853014,12405.362877657795,12381.02855677821,12369.725358245667,12367.403792941874,12323.79043044111,12310.553305671272,12301.360776838243,12297.17949794814,12223.876717925063,12204.31852158245,12175.056027168972,12172.259995306982,12164.302872203616,12137.083883846592,12133.565493467864,12076.901320912297,12063.183952759877,12053.499562121226,12038.29305570544,12024.649653333856,12003.56427553916,12001.241326113626,11978.832156132945,11976.20880551598,11925.12564483171,11917.811244706856,11881.308825439537,11873.301741053012,11836.0685142109,11832.66601777142,11817.121179310514,11780.2280807538,11774.716510818074,11772.105004873145,11734.087060928468,11720.45968583443,11719.835788879744,11711.713079438583,11705.024259864393,11682.931229741152,11667.01434630952,11615.448495946097,11607.711436490372,11605.132615116296,11507.164166732191,11494.66378838162,11489.604297667393,11476.436748992139,11446.366026153742,11443.63486163926,11441.701420735935,11409.853171734414,11406.98424507683,11366.98392966176,11352.221467813508,11332.40122619203,11331.58750247285,11322.138207205486,1809.0,1809.0,1809.0,2584.0,2584.0,2584.0,2659.0,2659.0,2659.0,2713.0,2713.0,2713.0,2746.0,2746.0,2746.0,2774.0,2774.0,2774.0,2790.0,2790.0,3
3239.0,3239.0,3239.0,3239.0,3201.0,3201.0,3201.0,3201.0,3142.0,3142.0,3142.0,3142.0,3138.0,3120.0,3120.0,3120.0,3120.0,3120.0,3120.0,3120.0,4541.371212996112,4413.750625553374,4293.767563613967,4226.015321245718,4414.243369134235,4034.338068291181,4347.476613927706,4417.938945990684,4227.739923778728,4227.000808407438,2.2173461138699624,3910.6594294953234,4158.509450667899,4415.9679716672445,4731.32386341764,4031.8743503868814,4412.765138391655,3909.1811987527435,4605.674250298342,4346.737498556416,4035.0771836624713,4225.276205874428,4415.475228086385,3845.8636486122346,4226.5080648265775,4229.218154521308,4920.783770258306,4411.779651229935,193.6482272779767,4294.013935404397,3718.9821765407864,4417.199830619395,4294.7530507756865,4230.450013473458,4347.969357508566,4410.301420487354,4033.598952919891,0.2463717904299958,4664.55710821111,4416.214343457675,4224.2907187127075,4662.8325056781005,4157.770335296609,4416.460715248105,4412.518766601224,4415.721599876814,4728.367401932479,3841.4289563844945,4728.860145513339,4412.026023020365,3779.3432651961357,4346.491126765985,4416.953458828964,189.70627863109675,379.65892905262353,4607.891596412212,3655.9109981907077,4036.062670824191,4228.232667359588,4223.797975131848,4414.489740924665,4223.551603341418,4536.936520768372,191.92362474496673,4293.028448242677,192.90911190668672,4414.736112715094,570.1043230550102,3965.6003387612122,4724.425453285599,693.5365900604381,4415.228856295955,4293.521191823536,4226.261693036148,1069.7463140470418,505.0621703814914,4228.725410940448,0.4927435808599916,4032.613465758171,4349.201216460716,569.6115794741503,4101.10482349771,881.025522577665,4481.995611502483,4100.85845170728,4103.81491319244,4101.35119528814,4222.319744389268,4227.986295569158,4417.692574200255,4156.538476344459,4790.6994649112685,124.91049774800787,4343.041921699966,189.45990684066678,3722.9241251876665,4728.12103014205,191.18450937367675,256.4730338376256,4225.768949455288,14834.379131683974,13879.401077620292,13842.69008957603,13788.127784687042,13628.88100844676,13542.099811617514,13359.243208903978,13321.355999386262,13178.830119855727,13177.434126572529,13170.33416688771,13166.568047420156,13165.083784443299,13014.905986112666,12993.388586227027,12979.741747729686,12887.771479502888,12861.105891190942,12783.484220452132,12770.779034423505,12746.888237201912,12745.871212125752,12685.523618161384,12587.427280711248,12516.531453305408,12452.608036727546,12282.381569134184,12264.663025575343,12256.738870576957,12239.515692052688,12171.286354325723,11938.765911982313,11913.640282628463,11864.671223506495,11811.376688200151,11796.952195254808,11789.92141719886,11755.415090986731,11709.756759720458,11707.555956702885,11670.922264594556,11653.339389981751,11636.396683457919,11626.985578137925,11608.753841564108,11582.64850996479,11549.873173792646,11505.5579738032,11505.210442749734,11500.644118555545,11500.022092156978,11493.323073318878,11428.578120234519,11424.076863744274,11401.771705343015,11399.72381955353,11386.526811238124,11384.540991424617,11368.08693481193,11333.143914480766,11227.035006836562,11226.243253586523,11213.085024203976,11207.362232159823,11178.569145815758,11167.74734125656,11158.519426303985,11157.595457957323,11150.918492274495,11126.418443777295,11117.813714678972,11077.549936200287,11056.56731032506,11050.406939405271,11001.049408300218,10994.227901156088,10989.980213165814,10966.935479742464,10963.202571123167,10959.276417870053,10949.817168880383,10881.700554943984,10862.911139409902,10820.851454226327,10815.08270110381,10773.746625916508,10760.409398813215,10747.400229025332,10738.907489927118,10680.424854107934,10665.935476609146,10625.879203735994,10623.54649308927,10602.145269745006,10589.875877965562,10589.236336699658,10580.585486962302,10533.51097263372,10521.010876158094,10515.476767594508,2381.0,2381.0,2381.0,2381.0,2589.0,2589.0,2589.0,2589.0,2605.0,2605.0,2605.0,2605.0,2633.0,2633.0,2633.0,2633.0,2888.0,2888.0,2888.0,2888.0,3
3238.0,3238.0,3238.0,3238.0,3225.0,3225.0,3225.0,3155.0,3155.0,3155.0,3152.0,3152.0,3152.0,3152.0,3141.0,3141.0,3141.0,3141.0,3140.0,3140.0,4220.755676999906,0.7236408178648828,4163.10562517667,4163.8292659945355,129.04927918590408,4227.7508715726,63.92160557806464,129.29049279185904,4227.992085178555,63.68039197210968,4228.23329878451,128.3256383680392,64.64524639592952,0.9648544238198437,1.2060680297748045,4162.140770752851,64.88646000188449,63.19796476019976,4162.864411570716,0.4824272119099218,186.4581174031848,63.43917836615472,4228.956939602374,4034.538773202676,128.08442476208424,186.69933100913974,4284.677282577971,64.1628191840196,4227.26844436069,0.2412136059549609,4226.303589936871,65.36888721379441,64.40403278997456,128.80806557994913,4161.65834354094,4228.474512390465,186.21690379722983,193.6945255818336,250.6209365872044,4221.238104211816,193.93573918778858,315.5073965890889,65.61010081974936,4285.15970978988,251.1033637991143,4478.854235371714,250.37972298124942,4283.471214548196,4284.9184961839255,58.13247903514558,128.56685197399418,4665.553566380854,193.2120983699237,4472.34146801093,4228.71572599642,57.65005182323566,4227.027230754735,129.53170639781402,58.37369264110054,187.66418543295958,4162.381984358805,6.271553754828984,58.6149062470555,129.77292000376897,251.34457740506926,65.12767360783944,4284.436068972016,4162.62319796476,4286.60699142561,4349.3225289739,192.97088476396874,315.74861019504385,4291.91369075662,250.13850937529446,4292.396117968529,315.02496937717893,1.4472816357297655,4351.011024215585,4284.19485536606,4350.046169791765,58.85611985301046,65.85131442570433,4034.056345990766,380.6350701969283,122.05408461321022,4155.869216998021,194.4181663996985,4163.346838782625,57.89126542919062,185.97569019127485,121.5716574013003,7.477621784603788,122.29529821916519,186.9405446150947,315.2661829831339,121.81287100725527,1.9297088476396873,4291.190049938755,4478.613021765759,4219.790822576087,30466.89347988923,29815.141046291053,26157.502209403912,25716.7310906482,25409.68200108528,25337.269153288988,25316.640327758192,25015.361688123467,25010.18840098073,24873.89567546429,24711.17868552551,24648.855698480278,24548.05751035925,24534.848089995547,24463.611043421814,24400.1305421367,24257.504385017564,23953.025940130014,23887.74245498505,23868.047280571664,23432.436736717915,23347.42339083106,23277.75547226212,22947.833626025254,22902.95480248404,22893.56297548553,22751.583910262998,22525.941494646526,22433.34417879104,22408.84993887793,22361.208474619518,22341.147986003478,22306.7289175459,22299.63220546288,22270.016201185183,22252.84474200636,22167.653556308323,22157.154883167637,22134.218552359467,22133.171249479874,22101.038818676298,22048.26374267921,21884.790957861223,21752.32760933935,21571.82852225574,21505.746115640162,21434.871987372502,21371.080153815677,21370.699669750255,21291.339874099303,21201.70387471242,21190.030145996818,21103.823987492182,21103.58117940799,21048.343178026782,21033.130367528018,21019.369698987826,20983.77793536148,20965.01678590639,20956.1432414767,20896.860957941884,20864.27137933285,20851.296857924906,20836.337343121082,20759.511958064613,20689.040506059428,20675.295630182816,20661.385874924228,20643.196079390287,20636.234957348737,20595.530867731602,20584.56074421615,20569.169330190558,20553.1332887915,20487.816003821514,20453.89830420962,20305.672550106927,20236.26914257711,20220.712511914156,20186.245571625328,20172.35270753513,20143.36238886108,20136.01030524499,20124.576951044834,20089.70244328018,20082.58020070661,20051.342588052787,20026.779126588433,19988.356247280582,19957.49145125818,19930.291334547193,19923.81153819468,19863.64166858144,19726.422478870572,19709.242183575803,19694.27027532244,19690.031912657993,19678.580041825546,19571.830372153134,19539.326676971323,1759.0,1759.0,1759.0,1759.0,2018.0,2018.0,2018.0,2106.0,2106.0,2106.0,2106.0,2332.0,2332.0,2332.0,2332.0,2668.0,2668.0,2668.0,2668.0,2696.0,3
3192.0,3192.0,3192.0,3192.0,3176.0,3176.0,3176.0,3166.0,3166.0,3166.0,3166.0,3149.0,3149.0,3149.0,3138.0,3138.0,3138.0,3133.0,3133.0,3133.0,4223.252637689076,4223.6896916720725,4288.810735138457,4228.0602315020315,4227.186123536039,3.933485846962816,4292.74422098542,0.8741079659917369,4.370539829958685,4289.247789121453,4226.749069553044,4219.319151842114,4227.623177519035,65.12104346638439,4284.877249291494,0.43705398299586845,4285.751357257486,4917.294362686516,4345.62775292792,4289.684843104449,4224.126745655069,4533.998019599139,4285.31430327449,4288.373681155461,4599.55611704852,4218.882097859118,4603.489602895483,4219.75620582511,4293.181274968416,4293.618328951412,3908.5737699320516,4542.739099259056,4603.052548912487,4349.124184791887,4163.813296001639,319.049407586984,4159.44275617168,4098.692252535255,3.4964318639669476,4222.815583706081,4538.368559429098,4280.943763444531,314.6788677570253,4284.440195308498,56.8170177894629,4165.998565916618,379.7999112234097,4352.183562672858,375.429371393451,4098.255198552259,4224.563799638065,4607.4230887424455,4917.731416669511,311.1824358930583,4228.4972854850275,3909.0108239150472,3784.013384778229,310.74538191006246,4417.304606139242,4599.119063065524,4159.005702188684,3779.6428449482705,4409.437634445317,4982.852460135896,3718.018233345853,4922.10195649947,4413.808174275276,4292.307167002424,5047.536449619285,4.807593812954553,4539.2426673950895,4599.993171031516,5361.778263393314,4409.000580462321,4546.672585106019,4231.993717348994,1134.1550858742787,61.62461160241745,4922.539010482466,60.75050363642571,4284.003141325503,4350.435346740875,815.9797862532864,65.55809744938027,3787.0727626592,4538.805613412093,253.05425615460783,3593.8949021750263,3779.2057909652744,4162.502134052651,3912.94430976201,4347.375968859904,4608.297196708437,3721.9517191928157,3844.326834431659,4421.675145969201,5357.407723563356,126.30860108580599,4413.37112029228,3717.5811793628573,19350.490248926377,17517.454047804058,17348.37822770354,17153.75349568454,17135.642489111524,16282.020431912037,16233.951222556849,16232.329887745913,16162.463443718148,16092.41748430297,16066.34494657224,15839.481144694108,15833.379327367707,15795.194366228894,15773.663726390352,15769.385428737896,15151.257080924686,15039.66539810846,15031.134943588035,15006.124787871757,14802.32462081725,14768.662554136747,14652.73863379751,14643.795483989956,14614.980935879546,14548.492729831438,14440.912517506418,14400.963976078292,14383.679376566115,14343.476420155848,14297.433409064402,14248.193762262395,14203.714089761277,14038.294572277373,13907.868596664193,13898.334032108134,13823.169558947955,13755.810647220998,13726.854773026187,13596.51278518402,13545.789942517229,13528.691800016682,13399.99988342376,13348.394593352203,13341.382505122685,13324.980139321338,13319.573458670595,13314.299188759123,13300.395172868653,13291.211081905885,13268.708829791736,13246.293596934034,13219.546812508568,13208.235394009007,13176.637838467175,13100.798245623839,13012.462182628928,12955.153403076833,12893.995426578855,12889.463372362532,12872.299468626377,12842.46460362672,12807.636093802896,12672.268139698848,12605.476576879662,12595.202219747674,12583.339560255274,12569.148131293457,12549.713761499808,12545.359289148419,12539.09515107639,12537.849694764545,12395.775964421235,12374.26715116437,12330.416457953857,12301.192566459744,12257.31752190907,12194.043569107582,12166.838012675627,12166.674857470742,12128.760907126762,12082.17385762347,12082.078465266171,12065.207117792683,12021.926141589573,11988.522357760125,11970.713343970527,11967.376119189983,11962.119761118583,11952.953494614778,11903.010191912397,11884.88006316532,11881.375236593884,11879.034221595408,11854.031077944252,11825.468280191013,11807.843740764989,11807.555202384068,11786.642269214355,11767.5938021982,1784.0,1784.0,1784.0,1784.0,2392.0,2392.0,2392.0,2612.0,2612.0,2612.0,2643.0,2643.0,2643.0,2643.0,2736.0,2736.0,2736.0,2774.0,2774.0,2774.0,4
3238.0,3238.0,3238.0,3238.0,3226.0,3226.0,3226.0,3213.0,3213.0,3198.0,3198.0,3198.0,3180.0,3180.0,3180.0,3180.0,3176.0,3176.0,3176.0,3176.0,4351.824537354352,0.35092529129540784,4351.473612063057,4348.315284441399,4284.095956134339,3.1583276216586706,4287.605209047293,249.50788211103497,2.8074023303632627,4354.28101439342,4102.316655243318,4726.963673749144,317.2364633310487,4284.79780671693,4733.280328992461,4413.236463331049,127.73680603152846,3849.2995202193288,4099.509252912954,122.47292666209734,4290.763536668952,3971.070596298835,4601.332419465388,61.76285126799178,249.85880740233037,4098.807402330363,131.24605894448254,4726.612748457848,124.92940370116519,6.316655243317341,4413.587388622344,3.5092529129540786,4034.2371487320083,128.08773132282386,4415.692940370117,4096.0,125.2803289924606,121.77107607950651,4286.903358464702,4096.350925291295,4101.965729952022,4601.683344756683,4284.446881425634,4283.745030843043,4732.929403701166,3846.14119259767,2.4564770390678548,4037.0445510623717,0.7018505825908157,4034.5880740233038,64.92117888965045,4477.806716929404,4416.394790952708,124.57847840986979,2.105551747772447,4031.07882111035,4416.043865661412,184.93762851267994,4979.278958190542,4291.816312542838,4791.884852638794,4348.666209732694,4287.9561343385885,67.72858122001371,5.965729952021933,4851.191226867718,4352.175462645648,3848.9485949280333,4347.613433858808,3846.843043180261,4850.138450993832,5.614804660726525,4287.254283755998,3970.7196710075395,4280.93762851268,4729.771076079507,64.57025359835504,4291.114461960247,4479.912268677176,58.95544893762852,4166.535983550377,3974.579849211789,3974.228923920494,4349.368060315284,60.71007539410556,4290.4126113776565,188.44688142563402,252.31528444139823,4848.032899246059,4289.008910212475,3967.561343385881,3970.368745716244,4281.288553803975,4227.9479095270735,4410.779986291981,4603.788896504456,3971.4215215901304,4220.227553118575,65.27210418094586,4544.833447566827,22219.706676693062,21637.464937929308,20751.515930640246,20711.676178777263,20161.071181090574,20005.649069582294,19595.52443138464,19169.3315107946,18524.881484548183,18208.54811036186,18178.546863324587,18103.145054159922,18069.14169710748,17944.089204010827,17936.652624872353,17582.792096958106,17524.205741100555,17480.803692690417,17406.207283929143,17398.22336436429,17335.687504015117,17245.22559054425,17175.528863592106,17168.013391655735,17130.269679744506,17086.033923727995,17050.615338607873,17050.477225813665,16978.07047390528,16969.881358163704,16916.042088959235,16900.137974778845,16850.749972178466,16723.67178030278,16693.07919165006,16536.43425956886,16509.890518066404,16463.922276615987,16455.929518262572,16348.817711503798,16103.393565783466,16091.797132687243,16090.707333869179,16017.179009718113,15987.71852524265,15940.328721774942,15862.50088913805,15861.439351629002,15760.26224125184,15579.70848132158,15564.383726677557,15548.76609093758,15528.033149340552,15478.07874944596,15462.551054056707,15442.232451108897,15432.336232681537,15422.289619058734,15418.357340883907,15373.838673491044,15367.199968556866,15359.489905830867,15347.880330249518,15341.197322517037,15309.979345169539,15308.538742074543,15290.513105384363,15269.615537725593,15262.636166581759,15231.052276542581,15179.289594925733,15164.980418512938,15162.920385592399,15023.621732587835,15023.620837491088,15008.136623756027,14997.675356465374,14978.543105765795,14971.611006932524,14951.423501792931,14908.786472011087,14868.294699146283,14843.811698091878,14833.3639356345,14830.444099893044,14782.51644809264,14772.692289994857,14724.596702931945,14720.85398452532,14711.515269705696,14623.79131529049,14599.899259086502,14536.167271099497,14517.643824681962,14514.246233367096,14476.209286336698,14474.660554405358,14466.709226268826,14462.21056097466,14451.260074689444,2186.0,2186.0,2186.0,2186.0,2394.0,2394.0,2394.0,2394.0,2443.0,2443.0,2443.0,2443.0,2453.0,2453.0,2453.0,2453.0,2473.0,2473.0,2473.0,2633.0,4
3149.0,3149.0,3149.0,3149.0,3126.0,3126.0,3126.0,3126.0,3123.0,3123.0,3116.0,3116.0,3116.0,3115.0,3115.0,3115.0,3115.0,3106.0,3106.0,3106.0,4224.066562662507,4228.060322412896,4415.767030681227,4098.928757150286,4409.554515513954,4286.19171433524,4221.847807245624,4223.62281157913,4163.71641532328,4292.404229502514,4286.635465418617,4350.979372508234,4413.548275264344,4358.079389842261,4351.42312359161,4477.4484312705845,4348.316866007974,4162.385162073149,4346.541861674467,4405.560755763564,4159.722655572889,4539.129831859941,4100.260010400416,4477.004680187208,4346.985612757844,4220.0728029121165,188.59421043508408,4473.898422603571,4222.291558329,4478.335933437337,4289.297971918877,817.8332466631999,4664.711388455538,4169.928930490553,4413.104524180967,4344.323106257583,4161.941410989773,4600.811232449298,4415.323279597851,4161.05390882302,4158.39140232276,4225.841566996013,4607.023747616571,2083.855087536835,4352.754376841741,4165.935170740163,4228.504073496273,4229.835326746404,4409.99826659733,4166.37892182354,4411.7732709308375,4603.917490032934,4357.635638758884,4422.423296931877,4293.735482752643,0.4437510833766684,125.1378055122205,4347.873114924597,183.71294851794073,4475.229675853701,1949.842260357081,4351.866874674987,4343.435604090831,4291.072976252383,4412.66077309759,4480.554688854221,4473.454671520194,4223.179060495753,127.8003120124805,4095.378748483273,4101.591263650546,4101.1475125671695,4345.210608424337,4287.079216501994,4349.204368174727,4287.966718668747,4408.667013347201,4165.491419656786,4405.117004680187,4406.004506846941,4158.835153406137,4420.204541514994,4474.342173686948,4480.998439937598,4.437510833766684,4416.210781764604,4354.973132258624,4160.166406656266,4350.535621424857,4411.329519847461,62.56890275611025,4288.8542208355,4164.160166406657,4467.242156352921,4155.285144739123,4545.786098110591,4156.172646905877,4029.259837060149,4348.7606170913505,4283.972958918357,10091.88478286511,9603.910393170385,9360.400524781382,9102.746245535627,8749.326700076037,8543.363605070304,8521.2584304076,8373.249359594403,8357.005630918271,8272.173908749131,8222.858614705887,8190.106178715209,8060.817441433856,8046.520456853469,8000.810596341393,7979.130857490581,7872.26283726548,7867.6563305926775,7835.849995253514,7782.637073743436,7782.2529464356485,7759.054885908676,7748.615164723606,7742.658920582488,7671.730852163251,7555.528789758666,7491.222429128128,7473.869883511744,7344.088630577885,7302.676893524726,7262.469856442559,7241.132369664606,7229.839965221011,7222.679252519836,7202.197892913794,7152.076817530729,7146.305414437728,7053.820733000366,7024.609720771298,6983.711930849154,6974.298697790703,6962.025763672751,6956.458386785719,6948.445137401505,6915.484340634334,6881.472628037378,6855.9273446145835,6855.332158568271,6841.394427344977,6840.644828684935,6814.971163390377,6791.826345705362,6787.103172503741,6767.937855221528,6728.325453318143,6707.354363503253,6696.463677057632,6663.781019154926,6656.713347811287,6625.959800308388,6611.992785421574,6574.340710782151,6564.045056565919,6551.081395000243,6549.745275326451,6540.491120402853,6528.683541100244,6524.761716837976,6514.259617290918,6511.387580080952,6495.547885299291,6484.018835564133,6460.469285999605,6440.780072219828,6434.327519755314,6415.100150364599,6414.60156806935,6410.90278856973,6409.858682387238,6409.143346743554,6395.850818972126,6390.150962615463,6386.966342084155,6366.991008590793,6341.4924901335235,6340.0713258360565,6338.457934710176,6324.10790571945,6302.248642603601,6289.94364320222,6247.933005996557,6235.816069916458,6232.901090933462,6232.0423155276,6193.300938335331,6178.185851331353,6176.566330309481,6160.771176447383,6148.911308670697,6139.194158069446,2713.0,2713.0,2713.0,2713.0,2826.0,2826.0,2826.0,2826.0,2864.0,2864.0,2864.0,2864.0,2877.0,2877.0,2877.0,2877.0,2898.0,2898.0,2901.0,2901.0,4
3223.0,3223.0,3223.0,3223.0,3182.0,3182.0,3182.0,3182.0,3142.0,3142.0,3142.0,3142.0,3124.0,3124.0,3124.0,3124.0,3122.0,3122.0,3122.0,3122.0,4225.587162654996,4157.619256017506,4283.471918307805,4290.940919037199,4289.82056892779,4604.638949671773,4292.0612691466085,4541.152443471919,4600.904449307075,4541.525893508388,2.987600291757841,4542.272793581327,4287.206418672502,4227.454412837345,4284.592268417214,4546.380743982495,4288.700218818381,4282.351568198395,4225.213712618527,4537.044493070752,4159.859956236324,4538.53829321663,4289.44711889132,4159.1130561633845,4603.518599562363,4161.353756382203,4160.233406272793,4284.218818380744,4222.226112326769,4219.611962071481,4225.960612691466,4535.924142961342,4605.012399708242,4286.086068563092,4162.474106491612,4220.7323121808895,4606.879649890591,4281.231218088986,4226.334062727936,4284.965718453684,4543.019693654267,4162.100656455143,4162.847556528081,4223.719912472648,4228.201312910284,4597.916849015317,4350.3194748358865,4291.314369073669,2.614150255288111,4292.808169219547,4287.579868708972,4163.594456601021,4226.707512764406,4352.560175054705,4228.574762946754,4286.832968636032,4544.513493800146,4602.771699489424,4227.827862873814,4228.948212983224,4293.181619256017,4289.07366885485,2648.881108679796,4542.646243617797,4167.702407002188,4293.928519328957,4290.19401896426,3.7345003646973014,4283.098468271335,1.8672501823486507,4601.277899343545,4602.398249452954,4546.754194018964,4164.714806710431,4285.3391684901535,4221.852662290299,4224.466812545587,4229.321663019694,4224.0933625091175,4534.803792851933,61.992706053975205,4161.727206418673,4536.671043034282,4412.312180889861,4600.530999270605,4160.606856309263,4.107950401167032,7.095550692924872,4166.955506929249,4165.8351568198395,4608.0,4540.405543398979,4600.157549234135,4601.651349380015,4218.491611962071,4596.796498905908,4599.037199124727,4533.683442742524,4222.599562363239,4543.393143690737,16696.758635587314,15370.968013870413,15167.489640902986,14560.797260943722,14510.09458227317,14454.603777594133,14384.377989708695,14345.029945882832,14325.852795706076,14295.77004838362,13812.289276723684,13783.65594775513,13737.621645743082,13704.749513923427,13441.984743757395,13329.901758145685,13317.888858585446,13269.691426001222,13046.200302983945,13001.743528573514,12932.615428385765,12921.608556728066,12861.096854656143,12835.341363444979,12818.32285661343,12688.586030958624,12666.251429279739,12626.62672399733,12605.898466985276,12593.599223784384,12513.83929557426,12473.99698773343,12472.607513487614,12429.643318559107,12424.400923588117,12419.480613321097,12411.875696849907,12390.398347384586,12375.46844410731,12327.520981806065,12326.525115366267,12290.175423633273,12281.409418296136,12266.387713409342,12236.509044113433,12222.836816629628,12213.151266641453,12208.744856460962,12200.414659824799,12165.173612881392,12145.638990476153,12126.62621089036,12113.009492427087,12023.44124114257,11937.43396699247,11937.157399737127,11900.754306797975,11886.661919565695,11861.683924544077,11859.361385490001,11844.852642550415,11786.061768653626,11739.769318133125,11723.16826885129,11698.069279171985,11687.682354017095,11678.225862256832,11658.40573883032,11656.750656851304,11588.420856008619,11565.705165244839,11557.231280528149,11545.819351477841,11488.172394939966,11477.104783700408,11469.888295301118,11458.945346185932,11447.264145701998,11391.795241851722,11257.162249257093,11202.065517299547,11192.192865032583,11170.301769738355,11137.765572247989,11116.716441735214,11085.754366157324,11084.914828735155,11080.992912481972,11079.108131341278,10995.259990494935,10973.39587798523,10943.577673397403,10921.305769135746,10866.525416180144,10859.138494191555,10854.168105437144,10821.107547622334,10817.178291677483,10811.28932827311,10799.719986103593,2345.0,2345.0,2345.0,2345.0,2642.0,2642.0,2642.0,2642.0,2748.0,2748.0,2748.0,2748.0,2776.0,2776.0,2776.0,2776.0,2844.0,2844.0,2844.0,2844.0,4
3176.0,3176.0,3176.0,3176.0,3176.0,3176.0,3176.0,3176.0,3141.0,3141.0,3141.0,3141.0,3141.0,3141.0,3132.0,3132.0,3130.0,3130.0,3116.0,3116.0,4412.025202520252,4347.2187218721865,4475.679567956795,4414.905490549054,4155.967596759675,4094.617461746174,4350.963096309631,4599.531953195319,4479.999999999999,2.304230423042304,4414.329432943294,4413.753375337533,4540.77407740774,4477.119711971196,4541.06210621062,4288.7488748874885,4288.4608460846075,4226.822682268226,4479.711971197119,4351.827182718271,4097.497749774977,4412.313231323132,122.4122412241224,4472.511251125112,4539.909990999099,4355.283528352835,4416.921692169216,4352.115211521152,4161.728172817281,64.80648064806479,4409.720972097209,4355.859585958595,4353.843384338433,4037.0117011701163,4352.979297929793,193.84338433843382,4418.361836183618,4473.087308730873,4605.004500450044,4344.626462646264,0.288028802880288,4346.0666066606655,4537.605760576057,4412.889288928892,69.12691269126911,4417.497749774977,4353.555355535553,4410.58505850585,4544.518451845183,4414.617461746174,3.1683168316831676,4094.9054905490543,4478.847884788478,57.6057605760576,4540.198019801979,59.33393339333932,4288.1728172817275,4473.951395139513,4473.375337533753,4227.110711071106,4407.416741674167,4221.3501350135,64.23042304230422,124.4284428442844,4478.559855985598,4599.243924392438,4479.135913591358,58.469846984698464,61.06210621062105,4230.5670567056695,4408.856885688569,188.65886588658861,4415.193519351935,2394.9594959495944,1512.151215121512,4410.87308730873,4411.737173717371,4343.762376237623,4099.513951395139,4350.67506750675,2.592259225922592,4479.423942394239,58.75787578757875,4409.432943294329,4411.449144914491,4413.177317731773,4480.288028802879,4286.444644464445,4225.670567056705,4290.7650765076505,63.94239423942393,4099.801980198019,57.02970297029702,4412.601260126012,4344.050405040503,4598.379837983797,125.29252925292528,4223.366336633662,4408.280828082808,65.09450945094508,15715.445629060368,14483.281051629694,14263.252933507416,14001.687958142527,13294.689807150546,13162.5237408505,13014.024104670727,12996.515526849784,12986.902752299819,12565.15744833634,12390.223823537142,12365.261762652292,12091.572063951271,12010.09059759476,11988.78609908713,11946.7314925081,11898.868386218961,11891.120190043766,11885.619703795744,11881.148025862602,11796.733158697925,11775.185779755271,11769.022745134964,11693.185045540054,11630.746484699192,11512.137441168748,11490.04268353743,11489.970951860769,11453.340050666671,11450.376865671504,11382.093962343495,11343.197335549525,11333.71425131698,11329.314204362114,11260.645555038103,11258.71416806059,11241.48584707113,11240.134567688738,11231.114373582139,11217.49828263517,11206.855256939558,11157.770831064758,11139.59831570496,11085.364947649126,11077.842322906736,11062.31238213021,11003.566626740581,10979.493735279899,10960.955552132102,10953.029332538552,10952.350025307427,10938.69346750258,10933.086640595831,10917.76524679437,10912.428988661979,10906.166245487912,10904.563375661186,10900.593713318627,10870.020074043234,10848.51249540672,10811.852952744744,10795.497787864068,10753.2150302331,10750.833070432618,10748.185023567748,10731.163323309142,10726.090994842707,10674.74617798807,10673.358699237997,10666.096417572848,10658.565236032624,10650.400400142615,10640.987453324464,10579.487103605072,10565.798548749548,10553.984795169112,10551.02379749293,10506.482331179994,10502.679102927268,10491.165908808167,10446.10248356309,10440.105065330414,10437.079231101989,10426.547585893528,10396.112977994053,10370.045917367224,10364.009617741454,10358.39318494045,10320.298387052559,10308.816222234916,10254.396590672997,10252.643899138853,10238.691273022701,10219.143407767522,10218.597064803793,10212.3017403832,10210.47247131034,10210.468066569376,10198.859111976695,10189.748157124071,2399.0,2399.0,2399.0,2399.0,2640.0,2640.0,2640.0,2640.0,2710.0,2710.0,2710.0,2710.0,2733.0,2733.0,2733.0,2733.0,2800.0,2800.0,2800.0,2800.0,4
3097.0,3097.0,3097.0,3097.0,3089.0,3089.0,3088.0,3088.0,3088.0,3086.0,3081.0,3081.0,3081.0,3081.0,3081.0,3077.0,3077.0,3077.0,3077.0,3076.0,2141.2700449005774,1390.2929228137696,6301.748984391705,1955.715202052598,4482.8736369467615,1824.3489416292498,4036.7757109258077,5047.748556767159,1262.210818901005,317.46846268975844,6118.930938635878,4471.379089159718,1888.389993585632,4343.296985246953,2148.933076758606,4103.5535599743425,2459.833226427197,313.0895873423135,4343.844344665385,4225.614710284371,3975.4714560615785,2023.040410519564,3717.1178105623267,880.1539448364337,5739.61086166346,5607.149882403251,4348.77057943126,182.8180457558264,126.98738507590338,4599.461193072483,444.4558477656618,2454.359632242891,570.8958734231345,3147.864015394484,754.8086380158222,4347.128501175968,120.41907205473595,5549.129784049605,813.3760957878983,3907.598888176182,2140.722685482147,4799.794740218089,3968.35578362198,5734.137267479154,1263.8528971562969,2145.101560829592,376.58327988026514,439.52961299978625,4349.8652982681215,5798.178319435536,3788.8218943767374,2706.692324139406,4605.48214667522,1071.1823818687194,877.4171477442806,1569.2794526405817,2140.175326063716,4160.478939491127,4858.362197990165,3718.212529399188,310.900149668591,6111.26790677785,3215.18922386145,2901.552277100706,2903.1943553559977,1136.8655120803935,3463.14304041052,2767.4492195852044,4346.581141757537,3029.6343810134704,1320.778276673081,5363.574941201626,4925.687406457131,4853.4359632242895,4545.819970066283,5422.142398973701,3973.8293778062866,2270.994227068634,3851.220868077828,65.68313021167415,507.4021808851829,6305.580500320719,5798.725678853967,6247.013042548643,1638.7940987812701,2840.7953816549075,814.4708146247596,2391.9606585418005,378.22535813555703,4728.638015822109,1068.4455847765662,750.4297626683773,3399.6493478725683,5164.883472311311,1191.0540945050248,3088.2018387855464,5487.825529185376,6300.106906136413,5295.702373316229,2266.0679923027583,5869.094124020045,4608.005203481053,4356.55841220327,4305.946393522955,4037.6292515617674,3937.9812514907276,3879.016251723947,3875.2334288056845,3849.061091826399,3831.0887729056035,3773.3634719567376,3757.3021828350493,3706.2426481602074,3693.884878705406,3683.8860427188174,3666.6840543719254,3664.889473187751,3653.1858821683336,3644.719880009348,3627.449410931695,3622.3792087664624,3619.6919218668536,3609.6459010992216,3607.6330056047423,3599.2126963507103,3599.020329893229,3592.331015847441,3571.461860012721,3569.611555480385,3564.139126536809,3563.0901132380777,3561.564657424096,3547.152402600831,3546.2799985214538,3537.5749360502987,3532.881849227468,3529.1451680353,3510.424971312417,3496.6322035446738,3477.2353998043322,3471.1247756370162,3457.5798194843715,3456.081861300221,3453.49514339338,3448.50903057143,3444.0760263209645,3437.3503122341526,3431.3490279582325,3430.151712186265,3427.722876480832,3423.914186985932,3389.319156304871,3385.236164748284,3384.9938336593546,3384.012151750404,3383.61061194079,3382.320005029148,3376.5611904490183,3374.4448058049697,3361.4735049882643,3357.265923202309,3351.4919839350705,3340.9635940226194,3340.4367366305164,3327.3062890106658,3325.594854927481,3321.541802249186,3315.6222125085374,3312.9410415821358,3304.5351755760344,3298.356977913598,3290.9379206647463,3284.2106134327737,3275.3739653491607,3271.4922859371036,3269.4027697193646,3256.660353579151,3242.0679160469413,3236.7390186719326,3234.594681410482,3223.9779108895514,3220.980213847575,3215.672617418741,3204.6177593398606,3201.1253317511814,3200.700430031706,3199.282675368373,3173.716683255485,3169.4547911931686,3165.0822169356006,3157.078747016151,3152.165438601695,3150.735259611437,3149.7061908284318,3138.8832520733213,3138.6501238794635,3115.362093662409,3107.9259263315557,3105.556416218034,3103.9370998014456,2984.0,2984.0,2984.0,2984.0,2994.0,3002.0,3002.0,3003.0,3003.0,3003.0,3006.0,3009.0,3009.0,3009.0,3010.0,3010.0,3010.0,3010.0,3010.0,3013.0,5
3101.0,3101.0,3101.0,3092.0,3092.0,3092.0,3092.0,3091.0,3082.0,3082.0,3077.0,3077.0,3077.0,3077.0,3070.0,3070.0,3070.0,3070.0,3070.0,3070.0,4163.158875023282,4920.692866455579,4099.38536040231,6242.652262991247,5423.728813559323,383.8331160365059,4164.350903333954,3786.4779288508107,6299.869621903521,4288.917861799218,1513.2799403985846,5488.098342335631,2271.4099459862173,2776.2339355559698,1128.2547960514064,4412.29279195381,4343.7511640901475,3275.693797727696,3337.083255727324,4036.80387409201,693.1644626559881,4854.535295213262,3087.949338796797,5423.132799403987,3528.4037995902404,4157.794747625257,3399.0687278822875,3283.4419817470666,5104.265226299125,5364.127398025704,4343.155149934812,6373.179363009872,1637.846898863848,1766.585956416465,2204.060346433228,6304.637735146211,1637.2508847085119,5168.038740920098,4978.506239523189,2207.040417209909,4350.307319798846,4602.421307506053,4662.022723039672,2651.07096293537,4102.365431178991,5040.491711678153,5237.772397094432,5230.620227230397,6307.617805922891,3338.871298193332,3150.5308251070965,2903.7809647979143,2016.9119016576647,3720.91637176383,1509.7038554665676,2778.021978021978,2648.090892158689,2270.8139318308813,3788.861985472155,2711.268392624325,4353.287390575527,4664.406779661017,4158.390761780593,2591.4695474017512,3722.1084000745022,4796.721922145652,60.79344384429131,4604.209349972062,4853.939281057926,1892.9409573477371,193.10858632892533,508.40007450176944,5363.531383870368,695.5485192773328,4097.597317936302,942.8943937418514,5931.532873905756,2836.431365244925,3660.1229279195386,4728.1802942819895,131.12311417396165,249.7299310858633,4855.131309368598,2083.0694728999815,2326.839262432483,1256.9938536040231,2211.8085304525985,879.7168932762154,500.651890482399,2274.3900167628985,3344.2354255913583,1002.4958092754704,631.1789905010245,4791.357794747626,1945.986217172658,5738.4242875768305,1699.2363568634757,3535.555969454275,1068.0573663624511,879.1208791208792,5215.6085409081525,4581.870035335453,4544.701666817435,4502.187450858052,4448.359546394551,4323.001201691626,4276.9097915886,4256.605147857521,4217.334953135863,4191.479619176472,4172.928935007101,4119.115623110746,4113.483466421814,4079.4470942120847,4067.616700095849,4063.6926299196934,4060.312045385389,4052.7584128450812,4004.5696054803047,3997.4383902269433,3988.092536283551,3970.731682627105,3904.4632066719387,3887.2026082306743,3884.73300211685,3873.5419750407814,3859.0347226050594,3858.285073191558,3848.63634922289,3846.165167616499,3836.4987165874054,3830.108994822006,3792.014801162525,3740.341854455449,3720.268272800474,3643.6940062568424,3641.2796163299245,3640.21896997302,3600.0752100284435,3577.2856155719473,3559.022460078089,3522.0016642136975,3507.150525713473,3482.6462517073987,3457.9881587605078,3457.352416091537,3434.451240544431,3418.491705358058,3400.1970715770694,3394.9547027332464,3394.2057293087482,3392.6194928539994,3379.75714752471,3377.9970921236845,3371.632080590296,3322.392333781703,3322.0173399164532,3313.9722694084653,3306.4636224732053,3277.3807616361114,3258.0671310798166,3250.1350177921213,3245.9814922393048,3237.2327321942876,3228.589134092932,3220.972969160057,3216.153704676156,3208.4454661882105,3204.9035985500536,3193.9705673388266,3193.140485605086,3180.328626941459,3179.4325909461113,3166.3768279846,3161.4937740012724,3156.67985525507,3155.956555995575,3150.708586961382,3150.052512018559,3139.369124659359,3135.4925190311455,3133.3241317628786,3122.717168133114,3090.5509169815473,3087.2148948659024,3074.557799424704,3065.330937648403,3060.975012997823,3054.621629033587,3053.4909090355436,3041.8816953271603,3041.1767822296897,3039.7559840205545,3034.9726756084347,3025.9927993195834,3025.021026987425,3014.102630865888,3012.3649708924895,3011.9658174375836,3011.225841314388,2994.0,2994.0,2994.0,2994.0,2995.0,2995.0,2995.0,2995.0,2995.0,2995.0,2995.0,2995.0,2996.0,2996.0,2996.0,2996.0,3007.0,3007.0,3007.0,3007.0,5
3113.0,3103.0,3103.0,3103.0,3102.0,3102.0,3102.0,3102.0,3093.0,3093.0,3093.0,3093.0,3088.0,3088.0,3088.0,3088.0,3082.0,3082.0,3082.0,3069.0,5297.016497016497,5677.621220478363,5800.2106002106,4358.020358020358,2648.1873339016192,4345.183773755202,6051.165822594394,629.6344582058867,4793.180564609135,3974.2064884922024,4290.62829062829,4412.57584114727,4858.005315148172,1831.1387454244596,1512.1496264353407,4736.057764629193,58.406458406458405,4540.299854585569,2901.7098731384444,2457.5640575640573,4098.7213558642125,571.2279997994283,249.6715639572782,2204.0415183272326,2458.2058867773153,5798.926941784084,1200.2206287920574,4163.546106403249,3720.0421200421197,1834.9897207040062,6244.356415784987,3657.142857142857,1704.0565611994182,5869.52815524244,2205.325176753748,3653.29188186331,6053.0913102341665,1824.7204532918818,507.68690768690766,2956.907185478614,5232.191746477461,441.57849872135586,4411.292182720754,2955.6235270520983,6057.584114726971,3343.2883718598,4102.57233114376,2461.415032843604,626.4253121395978,5671.844757559043,2520.46332046332,1645.008273579702,888.291631148774,2904.919019204733,2899.784385498671,1513.4332848618562,4922.18823647395,4359.304016446873,5427.307827307827,2143.067743067743,1449.2503635360777,5798.285112570827,3842.6314997743566,3277.1799628942485,884.4406558692273,5615.363786792358,188.0559594845309,3530.0606729178153,4341.974627688913,3466.519580805295,2141.7840846412273,5170.576142004713,2012.7764127764126,499.98495712781425,62.899262899262894,4353.527553527553,2831.750488893346,4727.713984856841,1892.112520683949,3534.55347741062,1451.8176803891088,2017.269217269217,2264.3734643734642,1634.0971769543196,443.5039863611292,2972.9529158100586,1583.3926691069546,378.03740660883517,60.33194604623176,5865.035350749636,4408.724865867723,5547.971719400291,2708.5192799478514,5608.303665446522,6309.181166324023,4661.60557589129,1890.1870330441757,756.0748132176703,2524.3142957428668,3852.900767186481,4387.295547341047,4363.879113626574,4262.61113327807,4177.519366559894,4030.3951438173694,4013.2112051933086,3993.7503765238075,3931.7571321800383,3913.9372265273287,3825.0500351633095,3813.727531493053,3741.4803952512502,3672.061903179363,3653.266917365051,3644.404055854823,3638.4289147960735,3590.239714689784,3585.173516336941,3579.7504684258406,3556.2570416589488,3548.3538084856636,3494.739077350741,3486.9434008691737,3481.9378213363593,3478.2564341603115,3445.916872797701,3418.2474716896736,3409.4684254344816,3395.135798168022,3394.3157701341192,3392.556344090736,3392.432555290183,3388.7771610701557,3380.550043455842,3376.7840495120167,3373.2411174637928,3365.406892386237,3362.8339067731094,3343.5851446148336,3332.997456313817,3319.363972261912,3279.231730930958,3267.7286026376723,3230.1878532461137,3222.445735243214,3206.400750801621,3190.9460299747493,3183.532060866601,3179.857932406906,3178.9265383389707,3177.253477645327,3172.0754969164864,3157.570238481003,3154.2410170298954,3126.0725235116215,3125.269114620833,3116.8901024308716,3114.6114399526646,3108.454506251375,3102.796669486813,3090.2481594164415,3078.243620973091,3076.6011990975862,3071.018063896972,3061.2650112317338,3060.9323829895316,3051.6371919902444,3033.984582292841,3032.8848600843617,3023.63695440523,3020.947451760868,3020.7260034638507,3015.0580133950375,3013.653729033875,3006.066220578232,3002.4752196194468,3001.2448375385143,2997.2553001310125,2995.507489337498,2993.176603188241,2963.347265499971,2962.752937988261,2958.646601079288,2954.954807054492,2951.6389745778542,2951.413076971482,2940.7027983812904,2937.7935365643507,2929.325764368987,2913.7511611103773,2907.471989709117,2906.7083226331583,2892.6348915686517,2890.1576244254975,2884.1443293194034,2882.7797950123468,2879.524348191546,2876.1838270466637,2860.389207723667,2856.013637704724,2984.0,2992.0,2996.0,2996.0,2996.0,2996.0,2999.0,2999.0,2999.0,2999.0,3001.0,3001.0,3001.0,3003.0,3003.0,3003.0,3003.0,3003.0,3003.0,3003.0,5
3117.0,3117.0,3117.0,3115.0,3104.0,3104.0,3104.0,3103.0,3103.0,3103.0,3092.0,3092.0,3092.0,3092.0,3090.0,3090.0,3090.0,3090.0,3088.0,3087.0,4096.746285499342,2017.980063945834,1260.8613880007522,2335.753244310701,6115.328192589805,2079.368064698138,1578.6345683656195,5609.178107955614,2084.1828098551814,5801.767914237352,2962.27195787098,504.3445552003009,5485.800263306375,1573.2179800639458,5861.952228700395,947.9029527929283,5675.982697009592,1318.6383298852736,1009.8927966898626,879.8946774496897,1136.279857062253,3219.860823772804,2646.3043069400037,2527.1393643031784,62.59168704156479,6366.898627045326,6239.307880383674,191.38611999247695,1451.0438217039682,4793.07880383675,4104.570246379537,1450.441978559338,3339.62760955426,5545.382734624788,5050.667669738574,567.538085386496,3342.636825277412,1762.7985706225313,3905.962008651495,4476.509309761143,3286.0635696821514,3593.003573443671,4853.864961444423,5736.167011472635,629.5279292834305,5297.42335903705,312.3565920631935,5866.165130712808,5799.96238480346,5234.8316719954855,3783.7878502915173,316.56949407560654,692.7214594696256,4418.1305247319915,4097.949971788602,2204.5514387812673,1.805529433891292,6303.1032537145,2017.3782208012035,1512.4318224562721,3219.2589806281735,6114.726349445175,1573.819823208576,5422.004889975549,3272.2211773556514,1702.6142561594884,2710.7015234154596,3653.187887906714,3596.6146323114535,3970.359225126951,2143.765281173594,4341.696445363927,2141.959751739703,6308.519842016174,1758.5856686101183,1703.8179424487491,2580.703404175287,4602.294526988903,2140.756065450442,5805.378973105134,2273.763400413767,6118.939251457588,6053.3383486928715,572.95467368817,2202.1440662027458,1008.0872672559714,2837.08858378785,2456.1218732367875,1825.9921008087265,3216.851608049652,6244.724468685348,4977.844649238292,751.7020876434079,5165.619710362987,1514.2373518901636,4159.337972540906,4790.671431258228,4794.282490126011,4284.521346624036,2769.682151589242,5329.705687219993,4447.129765120562,4418.557713946628,4362.232222650619,4349.360262024474,4262.161299634603,4234.682277145475,4081.209111762899,4071.9922042121793,4021.379054624892,4002.267277583792,3982.5042783549598,3938.9411707783124,3857.3780953815894,3824.1120003473015,3793.400415486964,3789.5291342797314,3753.328626694706,3751.2148403287492,3745.6894127302494,3736.819546187875,3687.6076664304164,3678.2741845530245,3654.4124566686046,3642.091998395797,3641.0674791640577,3639.5873104418274,3614.3383425581596,3588.8452359171642,3573.6863988765144,3571.980348491954,3569.399770177063,3531.406067522388,3519.234184490992,3516.9373924407732,3493.195965463682,3471.158431785702,3464.9647467246423,3459.4096314429744,3452.354009635175,3425.9638111296035,3415.912405023899,3403.797480307088,3395.150372037174,3370.516451291641,3369.0989392435113,3342.6896471714385,3337.0393518002506,3335.030487002299,3328.1503256952096,3325.7467710653773,3323.9501260891875,3318.243598519203,3291.410800301068,3234.8903164865587,3220.569023742684,3217.5978310233495,3211.047812441576,3210.767042650052,3209.0563418999336,3200.822421736017,3190.5791717771135,3182.9862227277536,3178.2272771136054,3176.2735606246333,3174.435233503407,3171.3901145756945,3170.041508034599,3168.0495368698253,3165.180257275031,3155.7944451041267,3154.198312569822,3147.8206403639088,3145.5811604239075,3134.577005231679,3124.7223047114344,3120.87721052306,3120.149760947193,3117.633899223272,3111.2195812187247,3109.5139074351796,3108.6686394277094,3105.459597266749,3098.8323565308942,3098.2529030015103,3095.312394167793,3090.0457675752673,3078.3497860189336,3064.4392580848835,3061.7482380025795,3061.2158612297026,3059.720467127934,3053.2572867117156,3050.162615654261,3041.8953726183854,3035.828403283103,3018.754035710128,3018.249365653536,3011.70936760017,3005.614054161552,2992.0,2992.0,2992.0,2992.0,2998.0,3000.0,3000.0,3000.0,3000.0,3003.0,3003.0,3003.0,3003.0,3011.0,3011.0,3011.0,3011.0,3015.0,3016.0,3018.0,5
3110.0,3110.0,3110.0,3110.0,3093.0,3093.0,3093.0,3093.0,3089.0,3082.0,3081.0,3081.0,3081.0,3081.0,3081.0,3077.0,3077.0,3077.0,3077.0,3071.0,4853.665283540801,376.2102351313969,6056.98478561549,1325.5878284923926,3977.869986168741,4343.56846473029,5358.229598893498,5928.63070539419,3720.608575380359,253.38865836791143,5737.206085753803,2524.4813278008296,1891.009681881051,2140.525587828492,2204.702627939142,505.67081604425994,629.5988934993084,2837.6210235131393,2205.2558782849237,3531.950207468879,5231.535269709543,2141.0788381742736,5674.688796680497,632.9183955739971,1388.6583679114797,4037.0677731673577,3216.5975103734436,691.009681881051,2522.821576763485,692.116182572614,4163.762102351313,3406.9156293222677,4347.44121715076,6302.07468879668,4854.771784232365,2334.163208852005,2836.5145228215765,441.49377593360987,4344.674965421853,251.72890733056704,2580.912863070539,3971.230982019363,6180.912863070538,2268.326417704011,5680.774550484093,5995.573997233748,2148.8243430152143,1575.1037344398337,383.9557399723374,5040.110650069156,2270.5394190871366,6.085753803596126,2017.7040110650066,4919.502074688796,4978.146611341632,2021.576763485477,2648.409405255878,1514.799446749654,755.7399723374826,5295.712309820193,4792.254495159059,4533.333333333333,5544.674965421853,875.7952973720608,2330.290456431535,5488.243430152143,4101.244813278007,3471.6459197786994,1392.53112033195,3655.8782849239274,5297.925311203318,623.5131396957122,1510.3734439834022,4795.573997233748,1830.1521438450895,2830.9820193637615,6175.933609958505,2717.565698478561,820.4702627939141,6367.358229598893,4981.46611341632,188.10511756569846,6308.160442600276,3523.651452282157,4920.055325034577,2905.1175656984783,1073.305670816044,5047.302904564314,5238.17427385892,6247.856154910096,753.5269709543568,1129.7372060857535,6244.536652835407,3526.4177040110644,2274.9654218533883,1255.3250345781464,2585.338865836791,3848.962655601659,3599.446749654218,3530.843706777316,4905.733983562774,4554.374119046768,4550.049133654514,4474.425458953277,4398.656731783535,4373.477117680401,4359.2733818066,4293.519366129552,4267.357760174314,4153.942740856837,4148.999649642963,4080.625719824525,4067.6948744420183,4060.76755236449,4060.582818544754,3940.6871074290466,3896.962308250525,3884.115196825445,3843.075580357491,3840.3302919192256,3810.3978015613825,3791.0006434667166,3786.4742735456016,3776.5772028507695,3742.166652041593,3742.079408898305,3739.046315669685,3710.5128975166504,3703.1405197934346,3698.673018987405,3670.753549910992,3612.101570883846,3609.364929769267,3554.6741223119425,3551.7173302988676,3542.075445504702,3535.3828869164977,3518.925422189666,3512.353079316742,3509.8143289211034,3500.612262686494,3493.437188731274,3487.745998625556,3458.904629637508,3445.4657582546765,3408.661542681585,3404.6615292309525,3399.704319933901,3395.538478928955,3391.3741013390963,3386.8615967319197,3386.765839928605,3383.086584317872,3372.0580078271173,3365.0017704700244,3341.41409195647,3338.748879191188,3331.9383589529457,3326.536786318711,3305.3167588990623,3296.524527529823,3293.7048599388604,3292.673096850904,3292.20888876096,3276.400759798581,3268.1912299830346,3266.6767773040465,3261.6940387776635,3259.92037178665,3251.884353890316,3240.2682862625156,3229.6714645810252,3227.6374512114553,3214.645821675784,3210.700119078715,3202.299676113503,3199.0986639983885,3180.372028774405,3177.864638790357,3174.1570135095826,3172.872444273112,3170.6902049063706,3166.227318925168,3156.2520814847403,3143.5483582196034,3140.013544242549,3139.8287035367657,3132.331412252497,3132.253691178416,3124.3988313177156,3115.1148474690003,3105.163182822098,3099.735903040799,3098.9108610372837,3098.3792984542188,3096.688489087115,3096.4698611925573,3094.636552371577,3093.7957639251917,3092.2180923199394,2979.0,2979.0,2991.0,2993.0,2993.0,2993.0,2993.0,3005.0,3005.0,3005.0,3005.0,3006.0,3006.0,3006.0,3006.0,3007.0,3008.0,3010.0,3010.0,3010.0,5
3100.0,3100.0,3100.0,3100.0,3098.0,3098.0,3098.0,3088.0,3088.0,3088.0,3088.0,3084.0,3084.0,3084.0,3084.0,3075.0,3074.0,3074.0,3074.0,3074.0,2645.6069153037624,2643.529077553671,5802.361917129987,1261.247514305426,1704.3464145123983,2137.575585406437,3281.4252668317035,2902.2198774400395,6306.7570309646535,2458.0820583580216,751.1383466580091,505.4340327097115,3094.4198693234857,3845.038756543972,3659.0722779107996,247.7821516983889,2770.277180309241,5295.88896554523,5930.1489387606025,504.39511383466584,1831.613976705491,3534.9214723428436,2523.014488048375,5173.296538289843,5359.782476360538,6051.702447140945,501.7978166470517,1386.9566981859505,5553.02138711903,2899.622580252425,2145.367476969279,4032.0441540521897,4731.756016395439,5229.917616979831,692.9588896554524,378.6859299541415,5425.753824925937,2272.115579724849,2147.4453147193703,3152.0798668885195,5992.484071263342,2212.377744409724,257.65188101132264,1767.2010064526603,3846.5971348565404,5289.655452294956,5357.704638610447,1642.0112820096588,5608.603546933972,6112.479201331115,3720.887950976016,6122.348930644049,1010.3486059819002,1888.2350553954793,1634.2193904468165,3597.256604845583,3092.3420315733943,2141.2118014690964,6055.3386632036045,502.31727608457453,2834.1706911245487,441.5405218944037,5614.317600746724,4602.930075889778,6239.746763524208,5991.96461182582,691.9199707804067,3530.246337405138,3718.810113225925,4477.2208920092535,192.1999918834463,1578.6372306318738,4101.651718680248,3784.262002353801,2273.154498599895,2393.149628667668,5421.598149425754,1450.3307495637355,569.8470029625422,3278.3085102065666,1445.65561462603,4600.3327787021635,4916.164116716043,5298.486262732844,2968.1912260054382,3979.5787508623844,3340.643642709306,1390.5929142486102,4226.321983685728,6309.87378758979,2141.7312609066194,383.8805243293698,3970.7479404244964,943.8577979789782,1886.157217645388,3467.391745464876,2021.2166714013233,6178.970009334037,3211.817702203645,3283.503104581795,4604.0135845912355,4396.457768422594,4261.088086463655,4151.724839208522,3917.9066925450174,3648.2507701584373,3610.3122669555046,3595.8614923904033,3595.2363536400894,3593.5987278479133,3580.7562761049458,3560.8866511539104,3531.347634042175,3518.3908086357565,3417.3334657220544,3408.2283805876,3408.220303075987,3378.337263194854,3342.792190929267,3337.5893996782397,3325.9509130230217,3324.073330245615,3304.482024943519,3304.444803248995,3300.445034375798,3298.4419108694324,3284.593157378289,3253.3252865520626,3238.9395570695374,3236.2375508708874,3232.6046806549743,3228.144533331356,3207.1341526855463,3199.962042537186,3194.9431929470047,3194.795858322088,3179.7421273742543,3171.460373360513,3169.0438873639337,3167.75457508388,3165.007677951969,3159.293469606722,3157.5900526497135,3149.7858391217574,3145.9559990352855,3144.4254847233074,3136.844544746809,3128.867697312103,3125.043591381775,3119.991075622304,3118.7469625857657,3116.574304403789,3113.997495382826,3107.0431621441935,3104.0943226259983,3096.393134722484,3091.0958051813122,3089.2484337508645,3087.0380081353624,3078.8724784754136,3074.0608684747463,3072.7951846741475,3071.899349786338,3068.5768271690004,3064.4885580680957,3032.540037861954,3030.056342449209,3029.143379430997,3022.3528147656602,3021.760519024202,3014.1324678473493,3007.88637353547,2998.607668692102,2997.346780357477,2997.2956973371683,2985.2304617073246,2981.902222487372,2981.1160775803332,2971.939827127833,2971.632075996149,2963.7582650783074,2962.2713912127483,2962.196730271021,2956.557789426151,2954.124129859509,2945.2640571213296,2939.28299962687,2916.1810613676726,2915.3483523902964,2909.8437631796633,2909.5099434342583,2902.965228278131,2899.730781708837,2891.6742566035455,2883.525523962699,2879.1322512163133,2876.2476281648464,2875.2178808294707,2873.5989525635596,2849.9979472370405,2997.0,2997.0,2997.0,3000.0,3000.0,3000.0,3000.0,3002.0,3002.0,3002.0,3004.0,3004.0,3004.0,3004.0,3007.0,3007.0,3007.0,3007.0,3010.0,3010.0,6
3105.0,3105.0,3105.0,3105.0,3089.0,3089.0,3089.0,3088.0,3088.0,3088.0,3088.0,3085.0,3085.0,3085.0,3085.0,3084.0,3084.0,3084.0,3084.0,3079.0,6305.742540639192,2142.116208989432,5672.83222274097,126.03879292050422,1512.4655150460508,3655.1249946946227,2204.5923347905436,6297.593480752091,4095.174228598107,4476.550231314461,3594.821951530071,1509.20589109121,4097.890581893807,2775.5697975467933,2775.0265268876533,4162.53979033148,2712.007130427401,5484.317304019354,3399.244514239633,632.9103178982216,1701.523704426807,6117.770892576716,944.2044055855015,3029.2771953652223,2585.968337506897,5737.481431178643,6116.1410805992955,2842.3920886210262,2841.848817961886,4729.714358473749,4668.3247739909175,4666.151691354356,6368.218666440304,1959.0339968592166,311.29408768727984,2205.6788761088237,3658.384618649463,3720.860744450575,693.7566317219133,1704.2400577225076,1449.9893892449386,756.7760281821654,882.2715504435296,2838.5891940070455,4916.056194558805,2207.3086880862443,5110.547090530962,6307.915623275752,6314.434871185434,3275.3788039556894,4160.90997835406,4159.2801663766395,1710.2160349730486,3029.8204660243623,2265.4386486142353,1831.908662620432,2521.862399728365,5803.7604515937355,3661.1009719451636,1325.0371376427147,3091.210050507194,5865.150036076568,184.1687534484954,4347.251814439115,4543.372522388693,447.1117524723059,5106.200925257842,4597.699588302704,1637.4177666482747,1452.1624718814992,2081.26989516574,4661.262255422096,253.16412715928865,3339.4847417342216,6377.454267645686,1194.6521794490895,2588.1414201434573,247.1881499087475,4478.180043291881,1136.5222189210983,1385.8834514664063,1132.1760536479776,3409.566656763295,3532.889096388099,4346.165273120835,4855.753151394253,1768.3459955010399,3906.659309876491,6053.664954798183,2836.416111370485,6112.338185985315,6238.376978905819,882.8148211026697,2207.8519587453843,1323.9505963244344,5353.932345825729,2208.3952294045243,1700.980433767667,4788.930860320021,314.55371164212045,5923.871437018252,5508.144340574542,4998.900979880185,4689.44123067274,4598.385781581357,4593.560712262792,4590.409910009301,4589.182632641892,4576.116844330459,4552.317627037014,4509.439288625851,4425.114347280277,4421.119903215198,4352.708742755864,4277.58883871936,4271.711951161505,4229.061490535753,4200.187181297442,4198.134934004052,4128.313206176002,4099.297682226693,4085.767219668738,4020.3369014771247,4000.235158126838,3978.918710174242,3973.3831186490056,3971.18548855536,3957.1797686641257,3902.5273251698786,3901.2774396732348,3890.536877076409,3888.58907426548,3873.278762722131,3862.215746718115,3854.939620270599,3844.4712740546247,3804.6422143218388,3803.8387399379126,3790.4809414206356,3789.946015850496,3761.893774423267,3752.299415704019,3746.5049637859915,3734.575520271917,3728.9318460015074,3718.3620808162864,3716.73224533979,3716.6159644263894,3694.1521071860784,3645.4896473327717,3643.00263428097,3630.7860905044436,3622.4123978177854,3620.9368955484265,3598.1765710531495,3581.065466635143,3577.932750430613,3561.9290061587785,3554.8752325525106,3553.8500537554787,3550.7057317904455,3549.4120692507367,3548.5928185187167,3546.475140546419,3542.8492724824446,3535.885178066825,3522.602362430164,3503.012077116295,3495.634615434604,3491.599263430537,3478.2459982534588,3468.099448595477,3456.597681492527,3449.3898342585744,3441.071494895357,3424.1845118044675,3415.263683648458,3401.4606702805104,3395.7868095582694,3395.30053988615,3371.6284902134103,3370.547880551591,3365.4599731905787,3360.115590641364,3359.1370334342914,3341.126366030085,3335.6571467905715,3332.450149574377,3330.2127364695334,3313.2759852566924,3313.0104552663806,3308.5706033413676,3306.2101032602286,3305.098937485826,3300.1755195443457,3293.347223799827,3292.952656075888,3289.234049854439,3285.1334141984485,3283.548252208239,2981.0,2981.0,2981.0,2981.0,2992.0,2992.0,2992.0,2992.0,2993.0,2993.0,2993.0,2993.0,2999.0,2999.0,3002.0,3002.0,3002.0,3006.0,3006.0,3006.0,6
3097.0,3089.0,3089.0,3089.0,3089.0,3079.0,3079.0,3079.0,3079.0,3078.0,3078.0,3078.0,3078.0,3078.0,3078.0,3071.0,3071.0,3071.0,3071.0,3069.0,1825.4815816154107,4855.694491382224,5177.24456460516,3526.9573053959675,1637.309901993917,4096.519094288611,5163.546243100147,1702.1966880702942,4034.5161653711843,1511.862115579588,629.4018249408584,5354.601779880591,5989.050354849612,1385.6933648755212,3147.0091247042924,4097.240058578349,4351.0194885659575,6363.2308212233875,5803.041568097331,5173.639743156473,4352.461417145432,2397.2062633772675,1452.7430438211109,4537.749239607976,4664.638954601781,1129.7510420187002,5989.7713191393495,2400.0901205362175,1828.3654387743609,3022.2823025797006,3279.6665540159966,3216.2216965190946,1701.4757237805568,4291.179452517743,3530.5621268446553,4603.3569899740905,4033.074236791709,2203.2668694378735,4791.528669595585,2019.4209755548047,2020.1419398445423,3844.9025571702155,4161.405880364989,689.241860989073,633.0066463895461,4345.251774248058,6302.669820885435,6367.556606961813,3339.506590064211,3407.998197589276,5865.765461304495,4342.367917089107,1262.4084713304046,64.88678607637716,3095.0996958431906,4348.856595696745,4478.630167849499,1071.3529345499608,511.1636814239045,3218.384589388307,2335.2033344598403,6300.506928016222,437.6253238706771,255.94232285682102,6309.158499493073,5301.2504224400145,883.9022192182044,5295.482708122114,6308.437535203335,3847.065450039428,6242.82978483722,2140.542976230709,4920.581277458601,6304.11174946491,3345.2743043821115,1886.0425819533627,3220.5474822575197,1324.4114002478316,1769.246367015884,1457.068829559536,4415.906274642334,750.5238256167625,2328.7146558522027,4861.462205700124,2456.3253351357444,2904.044159062747,3087.8900529458156,5934.25706882956,3600.495662949195,2901.881266193534,6182.268784499269,6056.100033795202,3219.1055536780445,1077.1206488678608,3854.996057226541,1134.0768277571253,1581.0746873943901,3842.0187000112655,4734.57249070632,5424.535315985131,4695.5041365452125,4362.102971316874,4236.922387854535,3851.0422893089844,3782.1174341824258,3677.163342937344,3651.675436197412,3623.87315603853,3532.03278759057,3502.636785904791,3490.7031790791107,3461.2545867010317,3414.1952092573383,3409.4404736743554,3405.363473326813,3394.1717947986667,3358.1880279908323,3357.0683705231622,3344.8185856161554,3324.801658439907,3173.5752720674673,3158.4126503156363,3156.273411706273,3156.260107821737,3135.9867779004894,3129.652589060098,3088.8465656036724,3082.698501991528,3076.6792713487853,3064.1678879664873,3058.5460530231358,3048.236320940986,3042.6840998160615,3039.406533266071,3038.5622749694244,3030.959628063675,3029.7294865489685,3008.014707123896,3000.68455911219,2999.235596727374,2997.309238330668,2985.664510417884,2978.155913847946,2975.695569966424,2938.4775328457567,2930.561462086588,2924.090044051593,2907.3639844727136,2901.16439021318,2900.2316618581463,2899.68418142793,2894.153093468178,2875.184989654249,2855.621860717589,2847.9936443455513,2841.1310202893706,2839.927935750001,2829.971943222706,2823.2655738724097,2817.2425950048328,2815.1775724021936,2810.5639633734036,2805.7243281213678,2805.0584209727317,2802.803218345761,2799.769598610282,2796.725731348599,2791.631209286567,2783.534342954454,2781.9283594123663,2780.5261605143437,2757.9444713041944,2751.571121423362,2745.5236734670984,2739.9072435921216,2738.123149564806,2737.814695698242,2736.523925347223,2700.886796653508,2698.452415056893,2689.438812354019,2686.738275763837,2679.7728348560777,2679.4696165318464,2669.243275496535,2664.7954902331953,2654.6893381493137,2654.2464352221195,2653.5357616262904,2651.8004992032884,2642.2696501768683,2641.185367094643,2631.3163866716127,2623.6908511732645,2619.782755465426,2617.9459098414577,2617.1297719050663,2606.785348579415,2606.516948993795,2602.4622176588123,2994.0,2994.0,2994.0,3000.0,3000.0,3000.0,3000.0,3003.0,3003.0,3003.0,3003.0,3003.0,3003.0,3003.0,3004.0,3004.0,3004.0,3004.0,3004.0,3004.0,6
3108.0,3108.0,3108.0,3108.0,3107.0,3107.0,3107.0,3107.0,3102.0,3102.0,3099.0,3099.0,3099.0,3099.0,3095.0,3095.0,3095.0,3095.0,3089.0,3089.0,313.7584186127875,2012.700078719496,5541.852532143795,1260.911396833727,375.89434094288464,2776.5240969124466,6303.157526458497,4095.9328260299135,5484.754657570192,2143.6893203883496,634.2342342342342,4288.778098486836,6178.605790256276,4166.465494620835,1324.7266684159888,5483.914982944109,3028.146593195137,5229.493571241144,3092.2417563194263,1830.7705764016443,3526.633429546051,3466.456748010146,565.380914895478,5803.271232397446,3346.1033849383366,4790.063850258025,3095.880346365783,6310.714598093239,2079.8740488060876,6247.459109595032,3215.114143269483,2.519023878247179,1075.343304469518,4543.199510189801,3720.0384850870287,4916.294935712412,1887.0287763491647,5545.491122190151,6300.918394122277,3474.5736027289427,631.7152103559871,813.6447126738389,4157.508965275955,5171.835913583486,4290.737339281029,6051.814921717834,2460.8064375054664,2139.4909472579375,6301.198285664305,4666.6316802239135,5358.523572115805,5866.246829353626,5548.290037610426,4223.843260736465,4102.370331496545,3535.3100673489025,4981.229773462783,127.63054316452374,3404.6007172220766,5799.912533893116,2904.1546400769703,4476.865214729292,4164.506253826642,5166.238082742937,2208.904049680749,3784.133648211318,2453.80914895478,6050.13557246567,5227.254438904924,5797.113618472842,2841.7388262048457,438.59004635703667,881.0985743024578,5415.901338231435,4477.704889355375,3273.0516924691683,1887.868450975247,5548.010146068398,2905.833989329135,1897.1048718621535,2900.2361584885857,3085.524359310767,3909.525059039622,4288.218315402782,4161.707338406368,4479.104347065512,5048.1238520073475,944.3540628006648,1890.3874748534943,1511.9741100323624,4664.672439429721,6370.891279629143,2333.1758943409427,6375.929327385638,1699.781334732791,4160.5877722382575,4920.213417300796,4853.879121840287,1766.6754132773551,6049.01600629756,6579.809245514469,6539.602612997241,6531.620039296463,6531.434800750464,6490.456198469643,6370.872720837723,6315.427135912459,6284.010042035924,6270.801200083501,6250.885271553957,6220.660351683963,6206.276739536805,6184.506631797383,6082.888976669476,6064.221310453705,6035.562299475488,5966.911764411196,5950.865656158967,5933.855661492336,5830.242489006677,5828.466466785674,5767.432458766164,5760.118574778307,5746.870306658355,5696.792727421317,5682.813792272693,5674.716733048938,5663.734800001753,5613.432327481639,5601.820531635813,5559.590333684469,5544.103840620121,5514.448439469119,5509.877129389095,5477.390152789585,5468.445683211905,5459.331835773977,5412.835776232449,5410.164613496985,5323.617942029193,5322.568468382854,5314.041468998292,5311.515417475624,5306.518451358876,5269.318031535553,5258.790852326425,5209.0058939987375,5208.415943789823,5197.9642391241505,5191.708643970497,5158.475634778959,5148.538702335451,5141.763040728307,5131.0516654884495,5126.186078552868,5095.060297794993,5093.208014733985,5088.54093219013,5055.565068726305,5040.439304549289,5028.92230708427,5028.819007227643,4995.385751066758,4986.7402166854545,4984.054902816567,4950.543347399636,4941.311630760785,4932.310547423657,4929.235499285262,4918.975147515192,4913.589113176969,4908.177603054936,4907.920759162971,4902.803489698468,4899.290287495113,4890.572085392511,4879.690239305698,4875.107426589725,4854.379569143863,4838.6802908691,4831.643581933463,4825.421885535719,4803.8171031796155,4800.57006384321,4795.312234466152,4793.203293988296,4792.031352444294,4789.777561509054,4784.002518809615,4780.904464633838,4774.05743770841,4752.357153526154,4751.682375331333,4749.873464994036,4748.449912187226,4736.180275158937,4735.060250905877,4728.794398209357,4728.111472234102,4728.026014429831,2984.0,2984.0,2984.0,2984.0,2986.0,2986.0,2986.0,2986.0,2987.0,2987.0,2987.0,2988.0,2988.0,2988.0,2988.0,2992.0,2992.0,2992.0,2992.0,2996.0,6
3103.0,3103.0,3101.0,3101.0,3101.0,3101.0,3096.0,3089.0,3089.0,3089.0,3088.0,3072.0,3072.0,3072.0,3072.0,3071.0,3071.0,3071.0,3071.0,3071.0,4348.442423929328,4353.071240378158,568.6831637133854,4285.622772123779,2521.382445626905,4163.289765976133,2138.513199359405,1138.0275869194606,2142.480756315545,6300.480446350158,2585.5246164178334,5733.7810611148425,2139.174458852095,3721.5684248592243,4157.338430541923,2080.3223640026863,5112.197137986258,5297.3497959394535,4034.3441649015863,4603.688588107661,2333.58474970295,5862.726662189389,3029.229736012812,5550.612181639717,4038.972981350416,5362.153226223072,5111.535878493568,4163.951025468823,440.3988221315287,3784.3880766647726,6245.595908456889,4095.1800382290644,191.76525288009506,260.5362401198533,257.22994265640335,4224.786898796301,3218.349950922147,119.02670868419693,6057.1369530402435,688.3711318902723,247.31105026605363,3086.0980523841504,3592.6228237846776,3275.8795267861756,68.77098723975823,504.540992922457,2143.8032753009247,2395.743142015808,4790.825024538926,1130.753732499871,3152.8852611458387,690.3549103683422,2778.6123882833085,1257.7155550963475,4731.972929689518,318.0658159838818,4858.273492793305,1572.4750736167796,570.6669421914553,3970.201994110658,4603.027328614971,4666.50823991321,3970.863253603348,2581.5570594616934,3463.015963217441,1198.8634602469392,2518.076148163455,2404.339515420778,2264.1525029705017,4281.65521516764,4167.2573229322725,1454.1096244252726,2016.180193211758,3346.634292504004,4983.251536911712,1267.6344474866974,5988.365965800485,4157.999690034613,3399.5350519192025,3972.1857725887276,5488.453789326859,4533.595081882523,5864.710440667459,1581.7327065144393,699.6125432660019,5042.76489125381,3595.9291212481276,4671.7983158547295,3023.939660071292,2141.819496822855,5804.535826832671,4345.797385958568,5745.683731983262,1013.0495428010539,2590.1534328666635,4798.098878958516,6115.989047889652,1696.1305987498063,4225.448158288991,3911.3498992612494,5213.025800841612,4470.699053104686,4197.472730193469,4160.104621204913,4034.246262929833,3972.40760707416,3965.2689081322205,3832.241792520133,3780.2187331253663,3742.239245053176,3714.621701267223,3672.543925657117,3659.3385562730955,3641.000987166767,3607.3915894081715,3582.329652898451,3582.0256450088423,3581.770626664487,3507.348725300739,3487.8747345266693,3460.5766146996716,3455.0725686592136,3413.000150744604,3412.287617415813,3410.197766716898,3391.5911360601913,3386.9795959444978,3382.7294586964185,3366.1439086536193,3356.08066795168,3350.9012479054536,3341.180811291436,3306.2948455832775,3300.094024527509,3295.741638653698,3292.569039729428,3282.543177436156,3261.097554106996,3200.3519874561543,3180.19995314762,3162.6051027053963,3112.8797158613856,3088.2097128534615,3088.083167817745,3087.3860215035393,3080.9757846959374,3080.5676502015303,3058.75696201991,3043.21943033373,3034.776173889234,3030.8677547329157,3014.1102109384756,3005.5097025639434,3002.310625916261,2972.321599721933,2967.2593393393076,2964.960480120462,2963.4229148528225,2962.271019074671,2960.540376067979,2945.0023793777436,2928.5221541462683,2926.956189965234,2921.4227694674555,2916.2477530666256,2908.637879784968,2901.1590999026967,2901.1302373050617,2900.700264827873,2896.202950223623,2893.2323877073645,2890.6429058795607,2890.527197579977,2871.50316195106,2868.439386242566,2863.860891862514,2860.1444268978626,2857.8102576372607,2854.8601749411196,2853.65831741134,2852.9570360288258,2848.7397673120668,2846.8712250692947,2845.951227013335,2839.0304809587587,2828.7384157800943,2828.6370405788603,2824.3524160686993,2814.8235068660633,2806.634871354699,2804.9823923600857,2800.7722428938187,2798.7246214860143,2789.601889258958,2787.960904248739,2776.6693610345496,2759.3287631013054,2759.2990650890397,2757.9038463215784,2747.189523457937,2984.0,2984.0,2984.0,2984.0,2992.0,2992.0,2992.0,3003.0,3003.0,3003.0,3003.0,3007.0,3009.0,3009.0,3009.0,3009.0,3015.0,3016.0,3016.0,3016.0,6
3110.0,3110.0,3110.0,3110.0,3091.0,3091.0,3091.0,3085.0,3085.0,3085.0,3085.0,3083.0,3083.0,3083.0,3082.0,3077.0,3077.0,3077.0,3077.0,3075.0,3974.383045963656,2204.6196031045215,255.2028628526281,508.6210903006924,1891.118650369475,5482.3999628200945,3406.2741088441694,3658.5025793558575,5737.007947204535,3973.788167495468,6301.547613514894,6302.142491983082,2205.8093600408974,5110.60092020263,3655.528187014918,6302.73737045127,4797.099967467583,4347.371845517497,5552.000743598084,2141.5624854765997,1831.6308035506806,945.2618859506435,3151.071245991541,5356.285727564251,693.0334154389551,3027.3365246084486,4158.20049263373,1325.3892271227398,2268.2715992006315,3533.5781010363894,4099.307524283125,6051.698656875958,5481.805084351907,3216.507877492215,5739.982339545475,3214.723242087651,4668.011339870799,4798.884602872146,4408.0494492726675,6304.522005855834,2142.7522424129756,4.164149277315611,4543.681740019519,6180.192406004554,5298.58251615002,1515.750336942882,127.89887066040802,4920.834688850676,4534.7585629967,3653.743551610354,4538.922712274015,4287.883998698702,3473.495375749407,3911.325928335734,440.8049449272667,188.57647441557836,4093.9536180694327,3280.159873588325,4160.580006506482,4165.933912720174,5801.849700237021,5800.065064832457,6049.914021471393,1832.8205604870564,2641.855277222661,2900.6274108844163,5734.6284333317835,628.7865408746571,5740.577218013663,6309.281033601337,2083.264395594181,5488.348747501975,5991.615931588975,1508.6117953246269,4665.036947529859,5300.367151554584,1198.6801133987078,2520.50006971232,2837.5702932564946,2202.834967699958,4101.6870381558765,1641.2696937305384,1132.648603429846,5552.595622066272,4978.537900264906,1199.8698703350838,5613.273225821443,5230.766370776594,690.6539015662033,4596.031045220057,1452.098340846772,1644.838964539666,2714.43045034159,4475.865594646093,5105.841892457126,4861.941720500069,5922.015150810986,4663.847190593484,6309.875912069526,3907.1617790584182,4907.583523607848,4638.009399944184,4450.866567212541,4412.76042190832,4322.158652294711,4320.755125023881,4281.16108048316,4270.436633184172,4213.866850613609,4156.038035811974,4102.837364154194,4049.89037010672,4044.4456744974236,4002.970144034461,3997.5519132038016,3936.262750090013,3918.246015336861,3905.651220378315,3879.5022185765456,3842.01203436924,3791.3512503714555,3748.850129146041,3740.330114825542,3716.144900388576,3684.389436394613,3684.186391790454,3660.352169186652,3657.823916084548,3652.3081979437284,3623.760846708803,3622.2671444750217,3598.955430490128,3591.7566343452086,3571.9064920998317,3569.497372511276,3545.0263687651805,3532.7041787903386,3529.780677165872,3529.1550817518596,3471.773674042496,3460.9913519025067,3450.0622543267796,3444.3116056689387,3432.582844072139,3426.410317752443,3419.876301332329,3417.19824515521,3398.917935832913,3370.394180060989,3368.352146827244,3362.1237851096653,3337.2757330598406,3334.77580824218,3334.6263703831482,3333.7755780379875,3311.025456766081,3305.124457190205,3304.804163727564,3286.313693657255,3258.7730498166993,3255.6732918762063,3241.2060482189904,3239.3951861340597,3237.505828765045,3211.8160707970674,3204.667651494092,3193.998463551521,3183.7715413644196,3182.592729666386,3181.3675096182424,3181.091928855972,3173.1893026836874,3164.3527903438057,3164.229228770572,3162.271025948496,3155.5469524464565,3147.3906683072028,3140.946651034209,3133.715195300967,3129.9656613268767,3127.7043457167374,3127.292470106365,3117.8512547147247,3108.602250816075,3106.9877544488177,3105.5047885372965,3105.4482433559533,3102.1332680124165,3095.8208555241117,3090.8610030348987,3079.6872037516086,3073.7783979056853,3073.3363765737995,3070.781198760417,3064.358546004538,3059.5540941093454,3058.1651203404085,3048.0614278487965,3043.677730183862,3042.877871818917,2967.0,2967.0,2967.0,2967.0,2992.0,2992.0,2992.0,2992.0,2993.0,2993.0,2993.0,2993.0,2997.0,2997.0,2998.0,2998.0,2998.0,2998.0,3002.0,3002.0,7
3101.0,3094.0,3094.0,3094.0,3094.0,3094.0,3094.0,3094.0,3094.0,3089.0,3089.0,3089.0,3089.0,3088.0,3085.0,3085.0,3085.0,3084.0,3084.0,3084.0,4725.8029241424,4348.920659349561,2651.6544489895105,4600.348305050424,1769.3248552104008,4347.365436798834,3278.9275444493946,2456.2148151148194,1893.7426592685595,2454.141185047183,1256.6198209874044,3091.2640233283387,6114.616661941599,6368.636345227006,1387.7769227653803,5863.189016240736,4604.495565185695,501.81847636790735,6301.761775545746,6120.837552144507,697.2581102425986,3340.099631444656,4346.847029281925,6300.724960511928,2079.33255032198,3966.3359118707226,2649.5808189218747,5421.505811834272,316.2285853144871,945.0569033250983,1828.4233121380262,3032.165566400713,3974.112024624357,2204.7871694139567,5484.75152889717,4167.996435948322,1198.558179093597,2834.1338949414767,3655.291401725325,3345.2837066137463,2967.8830343039976,3465.554250536633,3526.7263375318944,2201.6767243125028,3973.0752095905395,312.0813251792151,5357.223279737556,2081.4061803896157,441.16479688955496,5868.373091409826,4158.66510064396,2579.5958041391605,5416.3217366651825,573.3587137013487,5042.031509456888,5107.86926410433,5549.034060993885,2894.2691669029205,4342.699769146653,4288.266979871209,6116.690292009234,1578.5508889878904,4605.013972702604,3531.3920051840755,823.2311368514844,5418.395366732818,5300.198452877567,2203.7503543801386,4728.9133692438545,4475.930500992265,1515.3051719249931,316.7469928313961,4982.933052529262,691.0372200396906,1385.7032926977442,6175.78874893686,1318.8287230164838,1382.0744400793812,2202.195131829412,5927.98995585436,3537.6128953869834,4596.201044915151,5923.842695719089,1581.6613340893443,5169.041351099591,2840.8731926612936,5671.896642501317,3343.728484063019,3338.0260013770203,1005.1921752865418,3279.964359483213,2082.961402940343,6118.2455145599615,5803.053744279293,253.50127576849866,6057.591835081609,2457.2516301486376,249.8724231501357,5420.468996800454,4478.004131059901,5151.458044022305,4821.540384690942,4801.660836916604,4676.029563086625,4662.79115162402,4526.24725764047,4478.440786505211,4453.337979267169,4380.036428214194,4373.570955185947,4270.912735679352,4231.407087991346,4141.235964038589,4141.047021694221,4139.814141653383,4120.212834919824,4071.1926292239186,4049.8859360926194,4014.725692818448,4001.4040111128825,3990.004866062166,3981.5708017266425,3956.8661544044194,3932.865630573971,3906.828489283024,3905.9774488435764,3893.0863954996885,3874.9639606911064,3874.3477832983403,3868.1234656466277,3857.969744466625,3853.7392143898846,3849.2921621166715,3809.0167286419774,3785.617758578713,3749.207351782378,3746.1390192683443,3743.6921060584227,3738.5585228563536,3730.1958570123434,3726.729675184396,3721.3457539951783,3712.4040524306106,3692.2018847708473,3684.0602722063427,3676.7766873316177,3671.8046596299123,3668.170783989373,3643.053448482264,3638.648152345202,3627.722390680099,3625.7056659894415,3608.069054506772,3582.3415696103475,3577.84464601311,3576.420687490637,3564.956020767409,3564.088573389784,3560.4605531450434,3551.2531127861903,3550.716512295836,3550.6657946116507,3547.9266622714804,3543.0621099403033,3526.215270417168,3520.921444775825,3504.1123420831755,3495.3529896921664,3490.602304594387,3455.9101083755263,3448.84694141413,3440.9229978855174,3436.0379287644355,3433.8490228396254,3431.3225226813806,3428.9917982524853,3417.5488239743,3415.338804758463,3401.6264315332364,3399.466870858407,3365.8361093668746,3358.3306961033823,3357.6154555129974,3350.136390743557,3347.0294130369757,3344.131327895884,3340.8414348764036,3336.6821600162853,3333.589818187229,3331.7870243900206,3328.0207899351885,3305.8029804943258,3300.0687076761883,3292.84988747486,3291.7055831927214,3291.574393062584,3288.123765309093,3287.901064573519,3287.277577416328,3286.977583026168,2992.0,2992.0,2992.0,2992.0,2992.0,2997.0,2997.0,2997.0,2997.0,2998.0,2998.0,2998.0,3010.0,3010.0,3010.0,3010.0,3011.0,3011.0,3011.0,3011.0,7
3124.0,3124.0,3124.0,3088.0,3088.0,3088.0,3088.0,3088.0,3088.0,3088.0,3086.0,3086.0,3086.0,3086.0,3085.0,3085.0,3085.0,3085.0,3080.0,3080.0,6242.730720606826,6305.43615676359,445.00632111251576,3973.198482932996,1005.8154235145385,3092.2882427307204,5988.874841972186,2776.2326169405815,192.16182048040454,6245.259165613147,2143.1099873577746,3533.2490518331224,4601.769911504424,1768.394437420986,1890.7711757269278,2457.648546144121,2079.898862199747,3339.570164348925,1201.5170670037926,4671.049304677623,2898.103666245259,692.2882427307205,2330.214917825537,250.82174462705433,4357.016434892541,2965.8659924146646,6305.9418457648535,5483.185840707964,689.7597977243994,3848.798988621997,3917.067003792667,1581.2895069532235,948.1668773704171,1514.5385587863461,4410.619469026548,4729.203539823008,5419.4690265486715,2203.286978508217,3787.1049304677617,5487.737041719342,3595.4487989886215,3340.5815423514537,5099.367888748419,3780.530973451327,3029.0771175726923,4982.553729456384,692.7939317319848,6245.764854614412,4915.802781289506,945.1327433628318,694.8166877370417,2145.1327433628317,6244.247787610619,4099.115044247787,4224.02022756005,2017.1934260429834,378.7610619469026,2589.127686472819,6117.825537294563,381.28950695322374,1007.8381795195953,3786.0935524652336,3085.208596713021,5423.008849557522,2138.5587863463966,2271.554993678887,5361.314791403286,814.1592920353982,1259.671302149178,3531.2262958280653,2204.2983565107456,1008.3438685208596,5995.448798988621,3018.963337547408,2961.3147914032866,2078.8874841972183,4286.725663716814,67.25663716814158,1255.1201011378,5798.735777496839,5738.558786346396,5228.82427307206,4788.874841972187,1450.3160556257899,2710.9987357774967,5175.221238938053,2023.261694058154,4725.663716814159,881.4159292035397,3152.9709228824267,5041.719342604298,6052.591656131479,1831.6055625790136,6056.637168141592,5867.003792667509,5863.969658659924,4034.8925410872307,2583.5651074589123,878.3817951959544,4858.154235145385,5570.452494868855,4846.679028235825,4787.0622302742995,4779.335953375545,4718.754081379365,4594.867419573717,4498.33547996458,4451.170785018855,4293.1127822856415,4245.462919054146,4225.81659110622,4200.795566670236,4182.736557613189,4154.666803637106,4152.532294378046,4108.841175155679,4101.531820092352,4083.6733128793844,4080.809551408073,4076.4823658621845,4072.348798386079,4064.349717036874,4049.9678110629134,4034.406616558584,4025.4088157103643,4003.2632761205114,3972.4774989967423,3970.1664185360487,3946.7625622870146,3934.308894443332,3908.4388202670975,3906.0549302144686,3856.961752173814,3856.927594065671,3736.138518233267,3735.471448890524,3724.7395074890655,3719.165113977058,3717.350034676624,3716.257204369711,3714.3011497177813,3710.434272768923,3693.6803015840615,3684.4939666844484,3681.2860564303214,3667.6180687477686,3663.8123330549824,3659.4339258899913,3633.0311297156004,3631.254181790283,3606.4778383030753,3584.276838393692,3573.884690858311,3569.363138132048,3551.4919642233763,3547.421070204134,3534.7917907766196,3530.5743245229983,3527.802602684188,3523.6148361295423,3519.709270225242,3499.7142156111336,3489.1480934143756,3482.866141128865,3474.650080619226,3474.2616707293123,3463.056768169786,3459.888793421836,3458.944228459133,3447.0168673557264,3441.4263638367534,3431.75978922463,3430.248563512734,3426.436995953077,3418.968320159624,3417.778853828016,3407.0103812809266,3402.418770975134,3399.665773899768,3393.5178865380194,3391.22308785452,3384.0815973941085,3382.3014485099234,3381.5986636957605,3380.4286104894945,3380.3838899056746,3377.9075643516194,3374.6650361731554,3374.511204816182,3360.242504981316,3357.8928477512304,3354.2494810599114,3353.8217461350728,3352.3732048862644,3349.4903255514787,3347.6675679984223,3347.447533663386,3343.9822058691634,3340.7349104866325,3330.0131117225515,2980.0,2980.0,2980.0,2980.0,2993.0,2993.0,2993.0,2993.0,2997.0,2997.0,2997.0,2997.0,3004.0,3004.0,3004.0,3004.0,3004.0,3004.0,3004.0,3004.0,7
3096.0,3096.0,3096.0,3096.0,3094.0,3094.0,3094.0,3094.0,3094.0,3094.0,3094.0,3094.0,3093.0,3093.0,3093.0,3093.0,3092.0,3092.0,3092.0,3089.0,5929.943502824858,5104.751894188236,4852.485437743617,5608.7242149520425,3343.371436079359,3407.278938378662,3147.164192177988,1884.1501335785922,4097.367844786055,4346.831340603512,697.3766040380151,2966.092935663294,1513.0381465422852,691.7706827836903,4349.073709105242,4667.490036350895,2207.6117899531378,445.670739718828,949.6430604826347,4984.224587220251,4221.819296632068,756.7993693338589,6299.934305610301,4224.061665133798,627.8631804843866,6240.511540314457,3975.7193535672054,1390.8290631980028,2584.32969824377,4664.687075723733,253.3876406954846,2522.664564446196,5739.902772303245,6304.979634739193,1006.2628651513161,3785.678623045592,2778.855165768843,4860.333727499671,1451.933604870144,2651.6007532956683,4351.316077606973,4159.593570709061,3718.9681601191255,1951.4211886304909,2139.780142775807,561.713309683353,5993.29041299873,1695.2305873078437,500.6087680112118,6239.9509481890245,2204.248237200543,4788.577935444313,2011.404546051767,2332.06324179915,1201.9095169272543,6370.568913414794,4981.421626593089,6177.725222266018,446.23133184426047,4850.243069241887,1705.3212455656287,1825.8485525336137,762.4052905881838,2957.1234616563743,3021.5915560811104,5737.099811676083,252.8270485700521,118.84553059168746,3724.5740813734506,1071.2915517014847,6305.540226864626,2397.6525204747513,315.0527744930583,2333.184426050015,1195.1824114220644,4162.396531336224,3842.298427714273,6371.690097665659,2964.4111592869967,1578.0668330924539,5736.53921955065,5803.810274602549,6116.0600884684445,1580.3092015941838,886.2961503087636,6182.77055139491,500.04817588577936,2087.6450751105854,3026.636885210003,4849.682477116454,379.5208689177944,4161.835939210791,2080.357377479963,5671.510533000482,6183.331143520343,4921.438269171813,6111.014759339552,4037.9450794902114,5548.1802654053345,2776.0522051416806,5513.914697762766,5306.586726576139,5200.528725441939,5074.341518199628,5024.209676794797,4472.0382050654825,4402.373432651893,4307.553444039612,4282.836974398544,4280.18279256531,4264.426153113187,4127.193899603403,4097.801768819126,4022.151259877085,4010.2473648462383,4007.093719625912,3998.294660674694,3980.0422270431145,3965.7701115234286,3948.0816815956305,3916.888657620579,3916.800030672043,3902.8241525054414,3899.693160229108,3878.456542262273,3857.81135405218,3824.08432855888,3787.7804836794544,3783.3896204852995,3779.454371376419,3775.1454026921233,3767.3904695310794,3741.6778594002226,3741.276920772214,3740.0679301118093,3722.3350159113425,3721.4666308174246,3721.369511323424,3714.7973952146826,3713.102317565267,3705.6190946690654,3701.992858491939,3691.9380179294526,3687.166214012988,3677.129887724057,3673.6136868541357,3656.1505133227133,3636.6653412772757,3634.0962477619546,3629.7891905262936,3628.225233292934,3627.2307052747856,3611.599577876522,3603.1741917178542,3590.2579234407276,3580.2574174356237,3575.860643143046,3574.3585166591474,3574.0690969276056,3541.8042689844215,3539.6075894266537,3538.4741246090684,3535.610733433904,3507.9657178854663,3496.175271689076,3493.3293528430113,3485.926330116613,3483.701846848522,3481.6048700205483,3473.9020095119827,3468.9738949751168,3468.878275071718,3461.7512869252,3448.485103046249,3435.179506452098,3421.2812014343604,3416.187786536332,3406.7421037458766,3403.4388095854297,3400.533726865795,3391.646046585083,3391.391247897025,3382.6662610546846,3380.0690807996157,3373.360363087231,3366.3916588380607,3364.192632259616,3347.975731961376,3346.246444087812,3337.552165893191,3331.0016882426444,3328.087485496968,3324.5341675108766,3323.2282251529123,3310.120735896028,3304.249642002806,3300.4694277715926,3281.106924679901,3277.1898207131894,3259.2562061780113,2974.0,2974.0,2974.0,2984.0,2984.0,2984.0,2984.0,2986.0,2986.0,2986.0,2986.0,2988.0,2988.0,2988.0,2988.0,2993.0,2993.0,2993.0,2993.0,2993.0,7
3092.0,3092.0,3092.0,3092.0,3090.0,3090.0,3090.0,3090.0,3088.0,3082.0,3082.0,3082.0,3082.0,3079.0,3079.0,3079.0,3079.0,3078.0,3078.0,3078.0,4224.904839586731,697.1905020844662,2335.7621895957946,693.1303244516947,4032.9164400942536,5549.102773246329,3969.6936740982414,2834.0039876744604,2654.7761464564073,695.4504259561355,5295.631683886169,948.921515316295,4351.3503715787565,3973.1738263549028,3153.5979699111836,6370.418705818379,2650.1359434475257,1066.6666666666665,4344.390067065434,4980.677904658329,3022.512234910277,3277.143375022657,1321.8778321551567,3342.106217147,628.747507703462,883.3786478158419,4343.810041689324,2085.191227116186,2142.6137393510962,2328.8018850824724,4858.8725756751855,1892.6228022475982,2204.096429218778,4727.786840674279,823.0560087003805,6366.358528185608,3216.2407105310854,5107.703462026463,3469.711799891245,1141.489940184883,2961.029545042595,4860.612651803516,4542.178720319013,1142.0699655609933,3339.7861156425593,6300.815660685154,4226.064890338952,5172.666304150806,4092.0790284574946,2079.390973355084,2959.869494290375,6050.244698205546,5115.823817292006,2969.7299256842484,6299.655609932934,2455.2474170744968,4166.322276599601,1072.4669204277686,3090.375203915171,251.73101323182888,2334.022113467464,1327.0980605401485,190.24832336414715,385.13684973717596,3528.874388254486,5427.877469639297,5865.796628602501,3967.953597969911,3782.3454776146455,1381.0404205183975,3340.366141018669,5673.808229110023,5485.299981874206,2585.753126699293,188.50824723581655,5866.956679354721,2141.453688598876,2645.495740438644,436.179082834874,627.5874569512415,5481.239804241435,2.900126880551024,1385.100598151169,3212.760558274424,6309.516041326808,4923.835417799528,3974.333877107123,183.2880188508247,6241.073046945803,5992.242160594526,4162.842124342939,3213.3405836505344,2391.444625702374,1954.68551749139,5364.074678267174,3467.9717237629143,4157.041870581837,6176.690230197571,6053.144825086097,3528.2943628783755,4895.447652511602,4846.3310204579775,4701.843469556745,4664.791725067349,4343.603250208602,4303.478845244312,4267.81669811886,4214.1755283220655,4179.240320513277,4110.332935828101,4105.332391031796,4104.588202543805,4102.246841933344,4076.5216035968697,4007.71673417341,4006.7551479583876,4006.4126199349344,3983.562799436205,3914.5790984405526,3892.570096116285,3888.2569016925804,3879.162318834209,3860.498794066868,3860.385703915802,3853.822105904771,3825.937581802107,3822.5703754001365,3791.5207757880544,3789.6420989484777,3777.492048122416,3761.8752081080233,3761.6656351408064,3742.6242885755582,3700.838957568566,3684.8814870552583,3675.000155160726,3666.133904955949,3654.33682174485,3652.3041677019737,3635.0692051310043,3626.9752040369012,3599.961427090804,3581.948762906022,3571.1306271732,3528.5784417923596,3518.2196855005554,3509.9145797769147,3488.7683632749363,3472.7562363624866,3471.8808539878987,3465.544764141678,3463.2159372853275,3459.5238386080873,3448.6143106572576,3418.1502691004166,3415.6365097403755,3413.2563097465386,3407.5369715654756,3393.043044831184,3392.5621862171406,3363.201971169199,3354.0498113845274,3352.38212467978,3349.4169942695676,3348.20471920625,3344.9940209099236,3332.359914783072,3322.1243379877446,3306.4212378026064,3303.7621308014945,3294.704534528875,3281.3100358879274,3263.484741855707,3262.2481043489456,3256.049533022287,3247.1808070698594,3233.8891904519014,3233.2335551371143,3228.8243149563855,3227.4230713685024,3226.335225962177,3214.984000053455,3196.1858661308042,3189.5563149394325,3186.762783186664,3180.377044457058,3179.4070688641295,3172.4192076928925,3163.244430167767,3160.5215249999414,3150.81374049694,3138.709260842733,3135.7621652126713,3124.139570905723,3121.062889917218,3115.053228621499,3111.4954934060943,3109.875925515761,3108.2270735423717,3107.4863186747484,2971.0,2971.0,2971.0,2971.0,2975.0,2975.0,2975.0,2975.0,2984.0,2984.0,2984.0,2984.0,2993.0,2993.0,2993.0,2993.0,2999.0,2999.0,2999.0,2999.0,7
3101.0,3101.0,3101.0,3101.0,3096.0,3096.0,3096.0,3096.0,3096.0,3096.0,3096.0,3096.0,3095.0,3095.0,3095.0,3091.0,3091.0,3079.0,3079.0,3079.0,4350.5829702037445,3723.9744042711886,2899.3836611313936,5169.143799316923,2521.509048796765,3340.0698779099434,2463.219879872806,5109.34715188631,6050.013740038471,4349.5779845326415,6368.091704942487,6308.797550347425,2203.431083892749,5796.757350920581,5360.5935696619945,2271.770109527735,5168.13881364582,3086.8134887920537,2589.848074431751,6177.646920268518,4344.553056177128,3912.9117104385027,3278.7657519726763,2141.6244651199304,6243.975974561299,5545.008440309346,4727.955089702822,3028.0218270325436,752.231774820398,2078.310367840458,4668.66093510776,5920.873081301769,6244.478467396851,817.5558434420758,4034.0124838063825,3909.394260589643,942.6765594943664,4100.844030934714,6178.651905939621,5735.453224983315,3216.4566403643066,1694.9083343147645,5799.269815098339,4344.050563341577,5738.970674832174,2650.6497075334664,688.9176775409255,5047.540533113492,4224.457268480351,3655.132885800651,3027.016841361441,5738.468181996623,444.7061594629607,188.93730616731438,5680.179013072664,3468.2055509755423,5171.6562634946795,4356.110391394809,4158.128214187571,1379.8453264240566,1582.8524319868093,2014.9962705609857,4417.414517332077,1574.8125466179874,2204.4360695638516,6307.792564676323,4980.70898598516,4595.296981117261,2901.393632473599,2396.8908255800256,4474.698700584932,3908.3892749185407,1136.6387940171944,694.947591567542,3408.408903544929,3346.0997919365595,2453.6725159973303,4102.351509441369,2334.0792211361045,1451.1993090723508,2778.282887763514,887.4023475837159,5422.902681270364,1892.388018686452,5297.781965218073,3593.3262670278327,2148.1568719820984,2901.89612530915,954.7363875475993,1514.0109135162718,6309.300043182977,1453.7117732501076,2209.9634907549166,5422.400188434813,3280.775723314882,699.9725199230556,2202.9285910571975,3843.567699132414,312.04805087739953,5669.626663526085,5973.449111379857,5803.029245320841,5352.516778898817,5131.190620078982,5009.6145350953275,4898.140718725685,4757.546213221706,4710.377706059714,4700.92234159487,4649.428634763986,4539.782112480052,4469.65651794318,4436.01961411643,4402.884891504184,4383.601147432332,4373.208965194021,4343.899138421575,4336.575822219324,4336.2363632381,4282.049494748679,4261.219868900327,4239.6139416762535,4239.556014526808,4207.699984562235,4182.755379304014,4169.752681299692,4166.747473497285,4146.820287753741,4146.452374080213,4121.765956189318,4094.5034706717806,4085.9708430255546,4075.7903443962855,4052.363094078308,4035.1632709725873,4021.1782215330277,4002.8783690004666,3972.6449092633857,3964.8510339720956,3955.8154919228746,3951.461626512645,3937.5701468574234,3935.911652693136,3930.0807753624636,3924.4705596839467,3913.6978916601824,3907.8500946882755,3906.617848323298,3900.1871190865945,3898.6767140290835,3888.5037008701856,3870.418697004744,3866.505218974847,3814.278724921605,3806.0946986615627,3792.0441147249967,3755.003876876337,3708.2767656907336,3690.591299383465,3686.831724334419,3678.991648708379,3669.4527832316703,3663.9864869785833,3645.262258858713,3640.2096253526856,3634.7225749514796,3634.367664194631,3627.5188131027207,3626.831247624739,3626.5504464497963,3619.4251147106093,3606.147610688778,3594.721622843867,3591.7194220117403,3582.600928359057,3531.9644303892337,3525.5689697574644,3521.272200761136,3517.8344629409867,3484.864391875297,3484.7979170975395,3483.2277124261377,3480.351175571253,3473.2254170364945,3469.1994258867685,3460.045122726667,3458.6578597151283,3455.2343513787623,3449.8536138570976,3449.6390319285433,3448.8575908291014,3444.708410696693,3443.7388169223327,3443.1913095465748,3439.3931739076907,3434.5187810753037,3426.1772948908542,3424.8944263899566,3417.4834718576694,3413.125044674004,2979.0,2979.0,2992.0,2992.0,2994.0,2994.0,2994.0,2994.0,2997.0,2997.0,2997.0,2997.0,2997.0,2997.0,2998.0,2998.0,2998.0,2998.0,3002.0,3002.0,8
3097.0,3097.0,3083.0,3083.0,3083.0,3083.0,3078.0,3077.0,3077.0,3071.0,3068.0,3068.0,3068.0,3068.0,3068.0,3067.0,3067.0,3067.0,3066.0,3066.0,6303.535215127433,2269.052186509024,5738.777747328036,946.1065653995224,187.41729632384607,2709.031828681048,2142.2698978193635,4853.306189562699,4916.446776024743,2270.5555338057393,4228.915945660259,3215.6598676741182,4345.675919038485,4095.118036252594,5422.07258348667,2647.8957052812907,4669.396703597855,3532.866147281056,2399.843401323259,2902.963629957327,441.482989468739,3905.195161100889,5549.857103707474,6309.047488548722,4289.0498375288735,6176.752926437772,3781.920682770231,6242.399091727675,4223.904788004542,4100.129193908312,3278.299338370591,4795.176760756372,2588.2629291782487,2711.5374075089067,3847.566848060134,2582.2495399913873,6368.680264651764,6120.126844928161,5042.22683318326,2518.607837763771,3406.584974356967,1768.9386524683866,4603.24942254238,1699.7846768194809,1391.097365227264,2082.1360059507497,1824.5625024468545,5361.437575852485,4356.700465881064,3218.666562267549,125.78005715851702,2969.612026778374,191.9273382139921,4163.770896135928,2584.2540030536743,5674.133813569276,6302.031867830718,2202.403789687977,2833.3085385428494,4733.038405825471,5353.419723603336,3910.7074345221786,4098.124730846024,2144.274360881651,5993.3445562385,6300.5285205340015,5232.650824100537,3848.569079591278,4099.62807814274,2528.6301530752066,4545.119993736053,4097.122499314881,3847.065732294562,3276.2948753083037,2076.62373252946,5483.709822651999,4982.594057080218,2275.566691461457,4852.303958031555,1828.070312805857,4349.183729397487,2014.986493364131,2393.328896370826,3903.6918138041738,2024.0065771444233,5610.993227107231,3849.5713111224213,377.8412872411228,1512.367380495635,5927.698390948597,4156.755275417923,627.3969384958698,4153.748580824492,5675.136045100419,3718.2789805426146,3342.9432721293506,4418.838820811964,2777.6846885643818,4414.328778921818,5732.764358141174,6088.076470750419,5480.522010570444,5089.107943289059,4660.76080823353,4554.697246888677,4495.244154987502,4415.379455361395,4407.872181382104,4407.124863628731,4267.993682299235,4253.346062075994,4235.989367486108,4235.712495874616,4210.742834546812,4194.79083670889,4182.06957779154,4180.196949029368,4149.091095362946,4147.534479376838,4130.155542306732,4106.55505209053,4092.4744390695973,4090.4904378135,4078.615656045015,4077.9359487126912,4067.134525858419,4060.9171723516765,4055.541897682802,4041.717385165136,4037.3587680256733,4034.2593370240693,4021.242948708966,4017.7250661944277,3975.997267114957,3925.8157202489315,3922.897201304499,3846.3789390222337,3834.908548121475,3831.94319250781,3827.6804341560573,3825.5777243428734,3795.3821265305755,3786.1200910622297,3769.0300934724023,3768.917715837623,3742.7486031734943,3724.3928900024434,3719.7885370843974,3715.7899965082224,3696.5815198033965,3696.426437447761,3687.5963138949455,3664.0546000639943,3633.845624444401,3630.4170094141455,3617.6125350001653,3617.0021252075267,3605.4889102812654,3594.7383281033135,3590.3338193846735,3580.55080857812,3576.8899142419186,3571.0451185139805,3556.812939166927,3543.3189848841375,3523.8391689235236,3520.5326687168103,3518.693372780693,3504.491393867246,3493.0475018494762,3490.747392028874,3479.8150996905347,3470.3331185920933,3462.5331783800975,3459.828355692044,3447.613710030541,3446.5403308968876,3444.8008993637873,3442.424295945294,3439.794167311551,3438.7521788754475,3426.2160931901763,3420.2578458158955,3418.4094343467486,3417.045323779692,3416.5383178912775,3416.4059374440744,3409.973461159238,3404.748336480391,3404.4597571996264,3403.632064585023,3402.9376771683424,3401.9360855646482,3398.1933976241958,3391.6922060778975,3390.792089136428,3384.5780190595956,3377.9528598803804,3372.121279182409,3369.565121556228,2974.0,2995.0,2995.0,2995.0,2995.0,2998.0,2998.0,2998.0,2998.0,3006.0,3006.0,3006.0,3006.0,3006.0,3006.0,3006.0,3006.0,3007.0,3007.0,3007.0,8
3113.0,3100.0,3100.0,3100.0,3100.0,3094.0,3094.0,3094.0,3094.0,3093.0,3093.0,3093.0,3093.0,3088.0,3088.0,3088.0,3088.0,3085.0,3078.0,3078.0,2140.291745945456,2651.1552052188094,4662.716317839992,252.24245718945363,6307.221165171695,1952.414605418139,4343.789073117695,6298.523149406541,4856.972003261756,63.78544894445954,3784.2167255594813,5488.447947811905,5864.202228866539,1636.9665670019026,2081.7251064600887,2899.9184561022016,4725.921899066775,4095.6056899519795,6303.162091147957,563.0515538642746,2454.5800489263383,3469.3485548609224,1574.9207212104739,821.0926882304974,3969.194527498414,4166.3495515085615,4539.204493974812,382.7126936667573,6368.10727552777,3462.970009966476,3845.1028359155566,819.9329527951436,3595.1798495968105,248.7632508833922,5487.288212376551,2520.105101023829,2462.6981969738154,1639.2860378726102,2714.360786445592,2076.5062970009967,2580.9912113799037,1138.8601975174413,5046.588746942103,6117.604421491347,6302.002355712602,1388.2033161185104,255.14179577783815,2644.1967926066864,949.8233215547702,3784.7965932771585,4162.8703452025,5297.671468696203,5805.055721663495,4096.765425387333,374.5945456192806,6363.468333786354,2837.2927425930957,5106.3151218628245,252.82232490713054,3213.0470236477304,2967.7629790703995,6300.262752559572,3848.002174503941,2331.648092778835,4413.9530669566,436.0605236930325,4920.757452206215,2706.8225061157923,4289.2815076560655,2515.4661592824136,3714.052731720576,6308.960768324726,4350.16761801214,188.4570082449941,1769.1764066322369,1451.408897345293,2710.3017124218536,5861.8827579958315,4535.725287668751,945.764247531032,5167.201232218899,3338.8783183836185,4292.180846244451,5.218809459092144,4787.387877140527,4672.5740690405,6177.910664129745,3721.011144332699,3472.2478934493065,3970.354262933768,2395.433541723294,4670.254598169792,3148.101839267917,5104.575518709794,562.4716861465978,3722.1708797680526,4726.501766784452,5358.557579052278,3596.3395850321645,948.0837184017396,6154.34195650777,4845.903813505515,4677.739344338691,4637.6738082068605,4501.131408394997,4378.727961126098,4332.588199520456,4288.353029620508,4224.152130944718,4187.217288569309,4176.85572250509,4125.833495442704,4091.1422179219544,4068.510840837588,4043.843063290342,4009.2614532626826,3984.8292232697886,3939.740340005418,3933.708589280544,3842.573146796843,3831.0101125031215,3823.9040230476908,3781.469081131922,3768.7389333594015,3765.2600919730558,3763.5078694108597,3747.141690112531,3736.3879758431576,3729.99795588135,3701.5549828901912,3695.2684739200017,3677.482121381698,3665.980984313206,3649.9230967304734,3642.3210326681947,3627.7664898669336,3609.846382141578,3606.430633878869,3604.663290762126,3600.178273171565,3586.664737530591,3559.2458377015532,3541.958630069561,3530.523005974253,3528.403123208861,3528.3083524160406,3523.6232305278813,3522.049050552316,3510.2488422488946,3509.5209614527353,3498.386920020521,3495.165982544291,3483.7214752198715,3483.550003397108,3482.763321702465,3478.7261354478965,3475.8412952553094,3471.8168615123086,3469.1079023387647,3468.9392501090724,3468.858648197189,3463.8184684607763,3460.5845898892435,3459.5783134272406,3441.8059701634506,3438.805497497443,3417.7056564913264,3415.8169330473074,3406.8324956339843,3402.9926882992763,3400.370231080907,3394.0126835234037,3374.025966151204,3369.6000032437305,3360.4400283216182,3345.9664648577545,3336.3034269894306,3328.1268739644897,3312.0406287472015,3311.703670451149,3299.551715158804,3287.6336077492942,3269.2330616940935,3264.866784888009,3258.9218032515746,3250.7467338121187,3247.86769761144,3245.3003938281754,3242.315384796461,3227.456663562673,3225.8824322207556,3225.2682413154553,3221.166197483404,3216.63849048879,3216.507181834536,3213.669085710027,3210.628024642526,3209.4734179601546,3205.3797822687698,3188.762139535084,2977.0,2980.0,2980.0,2980.0,2994.0,2994.0,2994.0,2994.0,2996.0,2996.0,2996.0,2996.0,2999.0,2999.0,2999.0,2999.0,3006.0,3006.0,3006.0,3006.0,8
3111.0,3104.0,3104.0,3104.0,3104.0,3093.0,3093.0,3093.0,3093.0,3084.0,3084.0,3084.0,3084.0,3082.0,3082.0,3082.0,3082.0,3082.0,3082.0,3081.0,6308.38998437698,4478.892032259427,5422.556263986826,1512.78131993413,1065.8109192247605,818.274711818604,2142.4312798209685,4343.774015116328,5169.615335894946,4346.47637545919,2204.0450956382215,1510.0789595912681,5485.791496009796,1572.7737195456657,4539.965376008107,6307.309040239835,6301.363847485538,503.17949584089854,5859.25769539332,2585.6183760503313,4606.443440442512,2339.16311278132,4345.935903390618,5296.085799940886,4477.811088122282,2206.206983912511,5672.794831735844,2138.647975340962,752.3371194527721,4103.263944601613,1133.910399864882,2712.629312164844,4790.203943757126,4602.660135962505,5041.523455643289,6300.282903348393,4853.439175780096,1643.5755605286492,5044.766288054723,6113.279567622345,949.6094244816958,2653.1773846218807,1009.0613520246591,5103.137271460541,5734.408647553098,315.09521597770555,4156.77067939028,4413.494911962167,4345.395431322046,5613.883376261453,2338.6226407127474,2961.2464637081453,0.5404720685723937,2460.7693282101086,3274.179791411561,1449.54608791116,4481.594392602288,2336.4607524384583,4289.186336190516,5865.743360216189,3721.1501921209306,2333.7583920955963,6241.371447874003,4477.270616053709,3654.6721276865264,3028.265000211122,884.2123041844361,6308.9304564455515,6238.669087531141,3658.9959042351056,2521.302199890217,2518.0593674787824,6363.518135371363,3724.393024532365,3910.3154161212688,62.69475995439767,4095.6973356415997,1324.697040070937,2526.706920575941,2896.389815479458,4797.770552717139,1330.101760756661,4479.9729763965715,4790.744415825698,2586.1588481189037,2529.409280918803,6240.83097580543,376.16855972638604,1640.3327281172149,4287.564919984799,4476.189671916565,3337.415023434531,3466.047375754761,1386.8513279567624,2015.9608157750285,3905.451167504117,379.41139213782037,1387.3918000253348,696.1280243212431,5931.680952582021,4966.1727457918405,4910.675129465341,4900.4445267022675,4848.7747941852185,4805.049035663077,4739.08885666258,4648.398020476863,4600.530474722257,4569.743634642649,4562.165388999745,4455.891193390316,4346.745714545324,4343.567629069833,4314.419105805509,4303.050048692554,4299.073086169757,4284.867089897692,4276.967375587153,4276.222388044272,4248.090266186283,4229.727737220467,4215.316986806522,4192.292927406095,4159.885904100845,4156.252445091936,4075.370545887963,4065.998123237993,4022.415432281623,3990.9271613484866,3990.074631208017,3955.10283664296,3887.721001827333,3875.543587263872,3868.415875046286,3848.8538439449394,3841.5534140051573,3791.594009965794,3786.383704529201,3783.1516795515136,3769.791371318537,3756.4091357292364,3748.5167452020128,3743.7847161896116,3730.5040331388054,3722.6223904649005,3718.535359704772,3718.1606865315634,3716.3384916658497,3708.716214059767,3697.6332279459575,3678.566137025517,3653.4320144181106,3640.525148746331,3639.394228757691,3636.850113607069,3627.186391224911,3616.5187132684437,3611.842308476792,3605.8138424847402,3591.545943602598,3586.545836978597,3578.918150731076,3575.4002276426627,3565.3499667583633,3560.8421060178785,3556.804409995308,3533.635050540725,3504.8128783082166,3495.154432214351,3489.6010814555148,3488.5459909730566,3482.9745851993785,3480.000829734261,3478.279061191853,3477.430663045871,3476.9116613773526,3459.854627377391,3455.744866133141,3453.216207102839,3450.686070487121,3449.4770305698244,3437.817258337899,3423.9783892138225,3420.255922582348,3419.4958885425294,3419.0191050810477,3416.172627907345,3416.168975365471,3413.7776161846646,3413.696568487104,3405.4779432750115,3404.9740233358834,3377.348263833195,3360.453502014073,3359.0794388619956,3358.1474688193007,3353.9518017457876,3351.141755692553,3344.604160337478,3342.5715748831085,2982.0,2982.0,2982.0,2982.0,2988.0,2988.0,2988.0,2993.0,2993.0,2993.0,2993.0,3000.0,3000.0,3002.0,3002.0,3002.0,3007.0,3007.0,3007.0,3007.0,8
3104.0,3104.0,3104.0,3104.0,3100.0,3100.0,3100.0,3098.0,3098.0,3098.0,3089.0,3089.0,3089.0,3089.0,3088.0,3088.0,3088.0,3088.0,3083.0,3077.0,4344.676013641531,6300.5683971201215,6244.789693065555,3407.9575596816976,4345.888594164457,3153.921940128837,5492.3834785903755,4347.707464948844,3030.8450170519136,59.41644562334218,3026.600985221675,1070.1023114816219,3404.9261083743845,3904.5092838196288,1512.0879120879122,1638.8025767336112,3528.0030314513074,3472.2243273967415,2399.0905646078063,3596.5138309965896,2271.1633194391816,2899.280030314513,2775.5968169761272,5739.143615005684,1646.6843501326262,2144.4486547934825,1136.7942402425163,3093.899204244032,940.962485790072,4479.878741947708,6117.4687381583935,5545.73702159909,3406.7449791587724,3593.4823796892765,3153.3156498673743,6304.81242895036,1196.816976127321,759.0754073512694,2397.8779840848806,4607.199696854869,3404.319818112922,5867.677150435771,5929.518757104965,1323.5316407730202,3906.9344448654797,1324.7442212959454,316.4835164835165,699.0526714664646,1450.852595680182,2961.121636983706,6302.993558165972,1832.8154604016675,1828.5714285714287,2208.1091322470634,3278.817733990148,2145.661235316408,1765.5172413793105,3716.5593027661994,2457.9007199696857,1133.7627889352027,2777.4156877605155,315.8772262220538,4981.280788177341,1138.0068207654415,6241.1519514967795,60.62902614626753,4538.082607048124,4343.463433118605,3903.902993558166,3909.35960591133,5865.858279651384,2651.307313376279,6245.395983327018,6305.418719211823,946.4190981432362,5736.112163698371,5103.7514209928,5104.357711254263,3976.657824933687,5930.73133762789,4535.051155740811,2140.8109132247064,822.7358848048503,686.9268662372111,3725.047366426677,4099.128457749148,3402.5009473285336,5365.668813944676,186.73740053050398,2707.086017430845,5736.718453959834,2020.7654414550968,4413.186813186813,1383.554376657825,4978.249336870027,1573.3232284956423,1955.2860932171277,634.1796134899583,1823.7211064797273,565.668813944676,5526.9159603455955,5252.1032014078755,4746.622861108036,4346.216124434324,4324.302472927569,4292.265715459333,4122.811533989306,4119.839664116702,4079.378096564973,3991.713380381755,3949.254057288733,3924.9341940786294,3881.2864403531757,3829.98255884041,3810.374088121636,3809.018448154534,3768.2418037231455,3759.54346788674,3738.7979758850174,3678.940585042287,3659.486564408809,3652.156895328968,3648.777419060656,3647.16351156683,3621.5638133894695,3605.9704833881347,3590.6972819786806,3559.3643767699245,3552.7006371055186,3537.536350676163,3535.357526973373,3482.0675781021105,3478.085097281648,3471.3148949667698,3467.765630439306,3449.930939041299,3441.125134054359,3437.057344345732,3435.8634312567474,3429.372815432221,3424.024121891135,3420.267682839226,3411.6046252247284,3378.387826678526,3350.696376113596,3330.4520491994444,3323.200050085611,3317.725312232217,3309.767028975256,3299.836695724156,3277.118915245853,3275.387521054242,3263.6397091408408,3257.329699417245,3250.858566600104,3231.344563345051,3228.595806351662,3227.145553869114,3214.7818671762493,3206.882579572563,3204.2656414023672,3196.193212846796,3194.4840715904693,3182.063538794715,3181.444581888901,3174.6215627154907,3167.837543741996,3153.366035552638,3138.0165513639267,3137.5482521139993,3135.4338384022176,3135.004392351661,3128.5073104529897,3116.043382612032,3110.9546732715444,3106.325157608469,3096.736920923398,3091.4249409992517,3084.562658921834,3082.821130555698,3065.6804506970507,3065.2799451291203,3058.5292738064722,3048.2592350100363,3047.473645754998,3035.3154681371752,3032.775513481748,3031.7580040026305,3028.2045604692757,3027.01224937043,3023.4240579509187,3019.610069965638,3017.810415913736,3003.2455037351783,3000.5522729935415,2993.5095726313634,2991.2727407144944,2980.587427796157,2970.7269313512525,2969.693067270588,2989.0,2989.0,2989.0,2989.0,2994.0,2994.0,2994.0,2996.0,2996.0,2996.0,2996.0,2999.0,2999.0,2999.0,2999.0,2999.0,2999.0,3005.0,3005.0,3005.0,8
3167.0,3167.0,3167.0,3167.0,3166.0,3166.0,3166.0,3166.0,3149.0,3149.0,3149.0,3149.0,3135.0,3126.0,3126.0,3126.0,3126.0,3125.0,3122.0,3122.0,4222.8766229056355,4917.327917603539,4222.412417494741,4917.792123014434,5044.984405599477,4982.780880539639,4982.3166751287445,4542.249945600928,4663.407557844346,253.92035975919342,4857.445419598172,4792.456662072967,4347.747878436207,4101.254805251324,3968.9562631464423,4287.865380430841,4601.204032784507,187.07478059041125,378.3274098788714,4159.744687024008,59.41829259447305,0.4642054108943207,4857.909625009066,4417.378690070356,5041.270762312323,3968.492057735548,124.87125553057227,62.6677304707333,4538.072096902879,319.37332269529264,4541.785740190034,4788.278813374918,4100.790599840429,4162.994124900268,4163.922535722057,4226.126060781896,4093.8275186770143,4223.34082831653,4663.87176325524,4850.482338434757,757.1190251686371,4409.951403496047,4166.243562776528,254.38456517008774,4603.989265249873,4662.943352433452,3846.870240081236,4225.197649960107,61.73931964894466,4163.458330311162,5104.4026981939505,124.40705011967795,4921.041560890694,4288.329585841735,440.9951403496047,4604.453470660767,3976.383549720751,4420.628127946617,4728.39631536955,632.2477696380648,4093.3633132661203,4293.435845361572,4479.5822151301945,4923.362587945166,4476.796982664829,4476.332777253935,4039.0512801914847,500.4134329440777,5111.82998476826,4041.372307245956,5104.866903604845,4350.06890549068,437.7457024733444,3.7136432871545657,4347.283673025314,312.8744469427722,62.203525059838974,58.95408718357873,4726.539493725973,4667.1212011315,4477.261188075723,3847.3344454921303,316.5880902299267,5041.734967723217,121.62181765431203,194.5020671647204,4667.585406542395,4858.3738304199605,121.1576122434177,376.0063828243998,4413.200841372307,4406.701965619786,122.08602306520635,63.13193588162762,4541.321534779139,4909.90063102923,3910.0021759628635,3851.0480887792846,253.45615434829912,4228.447087836367,26987.646203418808,26415.63962034366,23944.760491230736,22119.893275645936,21640.03575997383,21405.637823286517,21162.83688466132,21124.926861977292,21038.78356871251,20711.505368703878,20694.68064056939,20185.848680280338,20091.051427007176,19827.676001743705,19708.623165906938,19588.338591345935,19530.377814767766,19375.056463985005,19144.99820672152,19128.000662773895,19058.897273399507,18985.709680502678,18928.63131838368,18874.86673254675,18853.75512873679,18851.037507039513,18846.63897773302,18824.87955571492,18824.678084832383,18805.984255608262,18734.89207666874,18706.588515494066,18632.05120604316,18627.366547397083,18615.354653070364,18542.385573202737,18518.07164183758,18496.35768174238,18483.03997878354,18482.63100855229,18477.328843749285,18417.98567756929,18393.78734677284,18372.7904168992,18286.73073383128,18241.42931930467,18096.13434089172,18087.284336520934,18085.27690474425,18057.23532477381,17975.512220455614,17917.514682398072,17899.089205334138,17839.492395553265,17781.60862324084,17775.125577070536,17671.89863866373,17647.580670904124,17642.47636467615,17571.318186185257,17556.58949346307,17547.394547851112,17514.01345527472,17457.52110698937,17402.150837794394,17377.02240398947,17280.694894445907,17261.65741916338,17231.11609963507,17227.209949239135,17159.889435613804,17137.712733564083,17052.614710376503,17039.394718169275,16987.809740351742,16949.635582218103,16864.55554135337,16823.1021632241,16795.528010284102,16754.947847193944,16699.884222032717,16697.22117739802,16677.825088683396,16672.3722173671,16651.281140683925,16642.1254787605,16621.65239681289,16609.258542375672,16578.44733434328,16574.895908568866,16489.99900424628,16474.503476297286,16460.794982159296,16448.85743712785,16423.106319796516,16320.59699535782,16268.249477341744,16260.826336451659,16236.7818848144,16221.778072985508,1651.0,1651.0,1651.0,1651.0,2007.0,2007.0,2007.0,2007.0,2512.0,2512.0,2512.0,2512.0,2548.0,2548.0,2548.0,2548.0,2611.0,2611.0,2611.0,2611.0,1
3173.0,3173.0,3173.0,3173.0,3144.0,3135.0,3135.0,3135.0,3135.0,3131.0,3131.0,3131.0,3131.0,3127.0,3127.0,3127.0,3121.0,3121.0,3121.0,3121.0,3913.267563838925,3912.934378009735,4158.492334122914,4221.131270010672,4158.8255199521045,4220.464898352292,4918.822396334956,3782.9919046255563,4103.183486477341,4219.465340864721,4353.072858369992,4536.658250253794,4219.798526693911,4220.131712523102,4408.048520186376,5045.766197256423,4353.406044199182,3912.601192180545,4033.547648176588,4856.516646276387,5046.099383085613,5047.098940573183,4290.433922482234,4479.350287633079,3782.658718796366,4030.548975713876,4099.518442356249,3975.240128068303,4165.822422365099,3969.242783142879,4220.7980841814815,4288.767993336283,4105.515787281672,4856.849832105578,4219.132155035531,4105.182601452481,4290.767108311425,3970.57552645964,4352.739672540802,4291.100294140614,4724.575057917068,3782.3255329671756,4349.074628419709,4539.323736887315,4104.183043964911,4222.130827498243,4857.849389593149,4916.823281359814,4536.9914360829835,4672.598068563396,4351.740115053231,3974.9069422391126,4349.4078142489,4857.516203763958,4157.492776635343,3783.3250904547463,4157.159590806154,5046.765754743993,4480.016659291459,5232.017075773746,4726.907358721399,4104.5162297941015,4540.989666033266,4033.8808340057785,4540.656480204076,3971.5750839472107,4348.74144259052,3839.6334955878906,4155.826847489392,4165.156050706718,5294.322825832313,4102.18392898977,4797.542754509722,4536.325064424604,4796.210011192961,3968.909597313689,4538.990551058125,3969.5759689720694,5045.4330114272325,4671.265325246635,4162.490564073197,4539.6569227165055,4102.51711481896,4474.019314366035,5232.3502616029355,5175.708670640602,3972.241455605591,4538.324179399745,4669.599396100684,3653.3826170705674,4538.657365228934,4158.159148293724,4157.825962464533,4229.794101569617,4483.348517583361,4221.797641669053,4726.240987063019,4099.185256527058,3845.630840513314,4162.823749902387,17720.74351716605,16664.161538597382,14850.45184903164,14614.26140511634,14610.89624733943,14498.293803447208,14370.182765211417,14014.736996179186,14011.384197783751,13902.167591550635,13875.157124643885,13822.42432125841,13734.733533409684,13375.86038289204,13156.465703367017,13083.605427543022,13012.331173339195,12995.610878120826,12985.495214741553,12912.216378462661,12807.717312611514,12798.128714318651,12628.59057654823,12599.091611922024,12383.259715173821,12375.952689851707,12287.717412920456,12175.358100167847,12085.655189323983,12054.498698287398,12037.416584826064,12018.862145590712,11957.893461536196,11835.377303217048,11827.914640994406,11767.98103953628,11760.212664880226,11729.651886476295,11702.829429424271,11670.877134692879,11661.985089698697,11498.020935721803,11492.613725286103,11462.163357238856,11444.060750067869,11371.17691216044,11333.374543716136,11302.233499497528,11285.955772605354,11189.274876606703,11184.090278526004,11128.781104982801,11059.352193780096,11049.651244316436,10974.668589192295,10945.698413092969,10939.656415044688,10896.498286641441,10895.701186496246,10865.53003184901,10860.402853509262,10788.459751058097,10770.50931067394,10757.926077330705,10754.122580000045,10728.268416938188,10701.29874262949,10672.522950208426,10662.179328604381,10653.538086700097,10632.113996360562,10608.063647041618,10559.591766187032,10544.825615340715,10504.501249608185,10488.196406824025,10447.196513554476,10436.531593236545,10432.723808418725,10432.535523009332,10426.667915910391,10406.2588953379,10401.264349288753,10387.28378599346,10377.760784778442,10374.745860745028,10333.658982429903,10325.63353256679,10307.778515723878,10303.376395153702,10250.101649893075,10187.83966491727,10167.033660567025,10144.620000300309,10097.917144272466,10088.948150096216,10083.679971651725,10076.528351538816,10070.093340126823,10046.734896995258,2489.0,2489.0,2489.0,2489.0,2634.0,2634.0,2634.0,2634.0,2728.0,2784.0,2784.0,2784.0,2784.0,2785.0,2785.0,2785.0,2785.0,2875.0,2875.0,2875.0,1
3168.0,3159.0,3159.0,3159.0,3144.0,3144.0,3144.0,3137.0,3130.0,3130.0,3130.0,3108.0,3108.0,3108.0,3104.0,3104.0,3104.0,3104.0,3104.0,3100.0,4291.05036457307,4346.183947524,4409.965935643704,4408.524534782242,4349.787449677656,4098.262999352496,4290.690014357704,4284.924410911855,4285.284761127221,4223.66487429971,4291.410714788435,4161.684637256834,4164.567438979759,4221.863123222883,4414.290138228091,4418.614340812478,4537.890262098477,5298.229216519806,4220.782072576786,4408.8848849976075,4351.949550969849,4097.181948706399,3906.556684778019,4168.5312913487805,4605.275752371837,4155.55868359562,4416.091889304918,4537.529911883112,4102.947552152248,4155.198333380255,4226.547676022635,4349.42709946229,4602.392950648912,4094.299146983475,4158.80183553391,4418.974691027844,4985.445229582501,4476.991075701698,4541.133414036767,4158.441485318544,4478.7928267785255,3912.6826384392334,4167.810590918049,4168.170941133415,4475.549674840236,4220.4217223614205,4152.675881872696,3976.824976774303,4538.250612313843,4288.888263280876,4229.790827960925,4164.927789195124,4666.535288983981,4286.365811773318,5.765603445848935,0.36035021536555845,3906.1963345626536,4227.628726668731,4029.075758002309,4153.036232088061,948.4417668421498,4409.605585428339,4731.758677965148,4340.057993862786,4284.56406069649,4469.784071394387,4168.891641564146,4226.908026238,4482.756679147547,4536.809211452381,4353.030601615946,4284.203710481124,4289.608963711607,3847.819599673433,4475.910025055601,4538.610962529208,4154.117282734158,4346.544297739366,4153.756932518792,3912.322288223868,4229.430477745559,4230.871878607022,4039.886264463276,4217.538920638496,314.225387798767,4723.8309732271055,4546.538667267251,4105.830353875173,755.2940514062105,446.8342670532925,4221.502773007517,4664.012837476423,4162.0449874722,4471.225472255849,4791.57681371583,4162.405337687565,3915.9257903775238,4040.2466146786414,4861.484755496749,4417.172939951015,15714.335023531,13969.78669993814,12810.128056584026,12801.97413595266,12181.423892717208,11532.514505488292,10843.893925960905,10785.975739754578,10766.347252868478,10666.72425674478,10600.117163492245,10572.510268418517,10485.098128810565,10112.312991311905,9685.00057405399,9622.367904498213,9607.624898671973,9597.194371484806,9592.059351460346,9581.822831030699,9538.527419830309,9537.060152135711,9527.460448346035,9512.816758636696,9503.274474240474,9456.414661520043,9425.78035556754,9410.696913469821,9360.682078098704,9341.752177567385,9256.805566385558,9255.16846107715,9192.114702785391,9192.08157465778,9181.576539362573,9176.179092858514,9174.106938571016,9137.309442412341,9073.80838449531,9041.647386013337,8995.758405594568,8939.833475345467,8933.15734416259,8909.60093576903,8860.99909528661,8860.430931738701,8778.963002536151,8716.733533376226,8685.159760021308,8638.23669464676,8633.974382514909,8600.98506971394,8589.691649850749,8573.485595506227,8551.913213119822,8538.546686763751,8535.171079959173,8475.12081223086,8422.383022638152,8303.650057274093,8287.048190265346,8278.862824520531,8278.825888520134,8274.212910886581,8255.624745121886,8239.944421428156,8228.859857700683,8161.789528144682,8149.4229410795315,8101.941454487498,8097.311401840069,8078.072101066602,8074.161590374518,7926.934129120102,7884.028811004093,7883.941653997366,7872.3334791581165,7855.990849239152,7843.750374815886,7843.643057137392,7814.692316107118,7769.772235241773,7751.0858650592245,7740.66891114017,7713.884897565012,7703.315301807083,7669.651371105833,7648.190282370872,7632.7790651523255,7572.568201086008,7552.723775519414,7534.337326026575,7529.489955290349,7507.339457313677,7501.563852139228,7486.760747092319,7477.46681394831,7472.0900469976295,7462.27245088319,7462.011773633722,2267.0,2471.0,2471.0,2471.0,2747.0,2777.0,2777.0,2777.0,2786.0,2797.0,2797.0,2797.0,2848.0,2869.0,2869.0,2869.0,2900.0,2904.0,2904.0,2904.0,1
3163.0,3163.0,3163.0,3163.0,3161.0,3161.0,3161.0,3161.0,3157.0,3157.0,3157.0,3157.0,3113.0,3113.0,3113.0,3113.0,3113.0,3113.0,3107.0,3104.0,4225.582247692667,126.23862992703162,63.11931496351581,3.8383367207543397,4412.381301436045,4347.982540898944,4411.528337720321,123.25325692200047,67.38413354213175,190.2109086062706,4225.155765834805,189.78442674840903,63.5457968213774,4415.366674441076,4475.074134541699,63.972278679239,122.82677506413887,60.133941958484655,4285.289707793289,253.75670542764803,130.50344850564755,249.9183687068937,127.5180755006164,2.9853730050311533,4416.219638156799,130.92993036350916,62.692833105654216,0.4264818578615933,59.70746010062307,66.95765168427015,185.9460900276547,190.6373904641322,126.66511178489321,64.39876053710059,253.33022356978643,4289.128044514044,127.0915936427548,249.49188684903208,4162.036450871289,4284.436744077567,4.691300436477526,3.4118548628927465,186.37257188551627,182.10775330690035,1767.7673008363042,189.35794489054743,4220.890947256189,4.264818578615933,67.81061539999334,193.62276346916337,440.5557591710259,130.07696664778595,317.728984106887,59.28097824276147,194.04924532702495,4478.912471262453,4352.6738413354215,312.6112018125479,58.854496384899875,121.9738113484157,254.1831872855096,0.8529637157231866,316.44953853330225,4348.835504614667,4407.690000999567,127.944557358478,4352.24735947756,191.0638723219938,380.4218172125412,4158.198114150535,439.2763135974411,443.96761403391866,4479.338953120315,250.3448505647553,252.90374171192482,257.59504214840234,313.0376836704095,1640.6757071935494,131.35641222137073,376.5834804917869,66.53116982640856,379.99533535467964,4351.820877619698,1704.221504014927,4221.743910971913,376.1569986339253,316.8760203911638,4224.729283976943,4534.35511278446,1763.92896411555,1578.409355945757,186.79905374337787,258.021524006264,185.5196081697931,7.6766734415086795,4542.45826808383,4165.8747875920435,313.8906473861327,4412.807783293906,194.90220904274815,20572.634341665907,20150.89725511705,19735.14478128575,19179.0527081749,18963.736534076506,18957.268747379396,18890.911149017615,18781.892080439444,18781.536451450153,18702.701361290732,18619.40942892162,18447.81723003608,18411.721288456603,18378.599099305033,18276.864495411457,18205.444609312835,18113.546097010512,17945.644901487314,17906.714073872412,17804.771178436953,17803.825974888805,17722.944989638647,17715.868429905273,17686.99784169736,17604.690939022687,17561.687341943296,17430.04443372559,17378.53307955624,17372.65565906245,17300.23201542365,17213.629873772366,17081.455129384125,17037.525316012914,17033.428364076553,17027.499584104164,17019.731368845103,16970.819030120474,16960.830449851328,16944.717709281238,16836.46419072108,16786.71935237374,16769.323593373043,16734.158284425444,16675.550250073313,16576.54913775742,16570.91557801669,16562.91083557851,16458.297663620007,16407.791835164153,16358.575015143073,16280.486088415282,16255.704951305015,16188.64194358876,16151.740903502434,16080.504844016805,16049.535773509579,16036.262832169768,16035.970175709532,16016.101883250194,15947.687267345782,15859.079455021356,15825.710860306119,15617.34541863487,15573.574638183503,15515.330905097997,15500.176608416641,15370.26411989734,15344.036318491073,15314.686318175882,15293.943835750119,15281.836362631104,15218.444553358024,15189.217340847492,15158.419511268306,15152.386817659139,15134.58271431845,15066.951865877572,15046.189582494955,14930.405548750708,14851.776201942708,14829.736523338042,14721.329436520387,14620.637740518794,14619.810927132781,14610.243940522356,14598.796102631875,14588.00788866914,14520.902461022974,14483.524552430214,14424.91196224688,14400.806134920918,14375.016270451744,14360.970055729122,14249.07117447212,14181.706114947356,14154.174432038146,14153.66147746107,14150.658297227168,14148.121016670348,14116.534521769676,1958.0,1958.0,1958.0,1958.0,1975.0,1975.0,1975.0,1975.0,2364.0,2364.0,2364.0,2364.0,2583.0,2583.0,2583.0,2583.0,2719.0,2719.0,2719.0,2719.0,1
3165.0,3165.0,3165.0,3163.0,3163.0,3163.0,3124.0,3123.0,3115.0,3115.0,3115.0,3106.0,3102.0,3102.0,3102.0,3102.0,3101.0,3101.0,3101.0,3097.0,4284.44802115368,4284.815911246515,4219.699364814762,4541.235305952347,4035.3864283045436,4416.152674388526,4164.147960796712,4420.199465409709,4284.080131060845,4157.89382921852,4414.313223924352,4287.023251803524,2139.6487799269967,123.61107119248123,4167.82686172506,4542.706866323686,4162.676400425373,4285.18380133935,4157.525939125686,4417.25634466703,4411.737993274509,4413.945333831518,4415.784784295692,4352.875578420946,4601.201391084413,4540.867415859511,4158.261719311356,249.0615928491363,4293.645273474549,4345.517776564251,4282.976460782341,4227.7929468571265,4542.338976230851,4538.660075302503,4792.504239358492,4344.046216192912,4158.997499497025,4916.483200643807,4153.111258011669,4159.733279682695,4288.494812174862,4291.0700428247055,5483.033943609346,4222.274595464604,4225.217716207283,3975.7882332653116,4415.049004110022,4473.911418963585,4035.018538211709,4293.277383381715,4410.2664329031695,4158.62960940419,4352.139798235277,4543.07475641652,4168.194751817894,4547.4894375305375,4357.658149627799,4410.634322996005,128.76153249216796,3976.1561233581465,4343.310436007243,4534.61328428132,4036.857988675883,3968.4304314086166,4785.8822176874655,1699.2843388037822,4539.395855488173,5296.145776449285,3968.062541315782,4172.241542839077,4660.063805937975,4728.491363205242,4593.107809042049,58.126634667892965,4342.942545914408,4606.3518523841,4159.36538958986,1133.101485931078,4605.248182105595,374.88000459862616,250.90104331331014,4417.624234759865,4033.9148679332047,4411.3701031816745,3657.1954128704047,4032.075417469031,4298.059954588566,4533.509614002816,4547.121547437703,4153.479148104503,1322.932773833817,4353.611358606616,4732.906044319259,123.978961285316,3843.347799844796,4362.072830741816,1327.715345040669,4289.9663725462015,4349.932457678268,4166.723191446555,12408.642678852384,10253.58205676386,9786.467190855,9784.772705702495,9412.427357722723,9362.509157462046,9349.764650513607,9191.618991532847,8917.449527246474,8852.506979875325,8765.522193108665,8587.559813765285,8572.94230257449,8519.265399073349,8382.351663923519,8364.735719976743,8352.454481688836,8347.94422964083,8338.939441202645,8263.7509842879,8258.04625667932,8200.259147225765,8190.863288725476,8176.380869422533,8152.099621281984,8139.786495317461,8091.634436004588,8052.791577363424,8040.909902468489,8017.861119720214,7989.936637086302,7983.689571066384,7909.629231549697,7903.404595457707,7885.058726469376,7799.4236753934,7750.914875002233,7723.555990984047,7720.269815523121,7700.566266406595,7672.40949930143,7652.743800456264,7633.921670508225,7632.05346181869,7588.072086196088,7581.059735392902,7574.493171785679,7497.860758303525,7474.033369331516,7446.336788479167,7434.001720983674,7401.664275391088,7378.251979420076,7372.458191934209,7347.5117086200335,7327.383303690677,7312.418551185271,7308.229449649049,7278.602137145966,7257.852086895945,7255.030325623759,7230.31185190567,7224.216101135221,7137.257391526487,7133.202601820491,7121.907247966419,7110.842632832252,7063.954199085583,7052.180335234367,7020.397842168392,7007.34265207187,6989.712321364783,6987.389795327251,6967.521700693111,6956.7657267172035,6940.215916634833,6915.619938890614,6896.664459915673,6864.086370153585,6860.634129064088,6840.092302665411,6837.003353355497,6825.708494359075,6820.892916747664,6805.4066257631675,6804.476541980615,6802.090853731538,6801.57534228275,6764.962823016401,6727.065322480738,6726.633716960006,6703.826000759718,6693.125453512561,6687.413765727287,6683.750774374922,6676.899532571981,6670.126690293059,6667.836922386727,6661.553976446451,6655.846166256044,2279.0,2279.0,2279.0,2643.0,2815.0,2815.0,2815.0,2821.0,2821.0,2821.0,2836.0,2877.0,2877.0,2877.0,2882.0,2928.0,2928.0,2928.0,2948.0,2948.0,1
3274.0,3274.0,3239.0,3220.0,3220.0,3220.0,3220.0,3210.0,3210.0,3210.0,3210.0,3141.0,3133.0,3128.0,3128.0,3128.0,3122.0,3122.0,3120.0,3120.0,3.7546666666666666,1.7066666666666666,4413.44,4415.488,2.048,4411.392,63.488,4.096,250.53866666666667,0.3413333333333333,5.802666666666666,61.44,4417.536,248.49066666666667,4352.341333333333,7.850666666666666,67.24266666666666,248.832,254.63466666666665,4228.437333333333,4350.634666666667,4476.586666666666,4099.754666666667,4160.8533333333335,315.73333333333335,6.144,4417.194666666666,250.88,59.391999999999996,4222.634666666667,65.536,4226.3893333333335,256.68266666666665,4157.098666666667,57.344,4411.733333333334,189.09866666666667,63.14666666666666,61.09866666666667,4162.901333333333,4356.096,4224.341333333333,65.19466666666666,4230.485333333333,4356.437333333333,4348.245333333333,4415.829333333333,4097.706666666667,317.78133333333335,4419.242666666666,191.14666666666665,314.02666666666664,4346.538666666666,318.12266666666665,67.584,254.29333333333332,252.58666666666664,252.928,4158.805333333333,313.68533333333335,4159.1466666666665,185.344,185.68533333333332,4354.3893333333335,4474.88,4480.682666666667,4350.293333333333,4472.831999999999,4409.685333333333,4474.538666666666,187.392,189.44,4478.976,66.90133333333333,4354.048,4346.88,314.368,4419.584,4407.637333333333,4602.88,4412.074666666666,4483.072,69.29066666666667,246.44266666666667,4415.1466666666665,4347.9039999999995,4224.682666666667,4101.461333333334,4161.194666666666,4218.538666666666,4164.949333333333,316.07466666666664,4664.32,195.24266666666665,312.32,4413.781333333333,4407.978666666667,122.53866666666666,256.34133333333335,185.00266666666667,31856.844154450082,31263.14347316187,30494.056468753348,29889.521766605452,29723.576532859035,28478.704461683457,28415.344621122418,28313.91782174804,28231.90034402133,28133.873512799226,27765.22571219451,27592.059992638886,27250.835044634576,27209.021556554337,27100.413380028145,27073.905187508444,27033.321697277035,26917.7399695708,26797.811657244056,26734.18417842645,26710.755393609918,26700.494183026665,26482.54532780729,26477.74522049068,26422.127584010886,26386.313776287137,26282.67169287258,26003.498006105234,26000.069647646997,25761.938316113832,25741.070751612362,25678.753078434296,25533.932893246172,25513.25843700825,25469.70328003593,25361.473430909246,25233.02745341492,25183.38764585905,25114.676911552895,24845.66468355393,24786.032070760557,24782.55545654234,24715.56428360304,24702.513197705128,24647.738414469506,24647.041738910168,24644.874291961187,24599.744520155655,24585.44098746862,24578.60125806581,24504.78641463316,24500.558457106545,24470.533444889265,24453.28836646925,24414.631876859363,24224.856259055778,24122.033697424336,24084.612701426002,24012.88330937555,24003.14715175381,23947.35067346897,23931.083299222024,23833.107898239603,23823.280462785726,23772.881435177795,23761.888004018703,23637.038748460764,23550.124357869714,23521.860096920864,23494.42960943457,23461.685894718572,23425.715529324087,23419.770127068543,23308.848549381917,23289.47335715609,23282.401859044425,23252.593230631133,23209.18602309928,23185.297477175664,23157.160021836662,23125.180452007986,23053.706342187645,22965.229095150462,22931.542905946382,22911.614966288562,22889.719306752497,22888.30046842965,22859.752728547788,22851.666715423948,22745.649087597536,22730.8720823969,22691.428566313894,22666.06396404467,22632.81987338384,22590.57803426594,22556.078276374068,22554.02328571253,22447.254230491406,22357.93446445432,22357.0914930172,1141.0,1141.0,1141.0,1141.0,1468.0,1700.0,1760.0,1760.0,1760.0,1760.0,1793.0,1793.0,1850.0,1850.0,2354.0,2463.0,2463.0,2463.0,2463.0,2493.0,2
3212.0,3212.0,3212.0,3145.0,3145.0,3145.0,3140.0,3140.0,3140.0,3140.0,3121.0,3121.0,3121.0,3121.0,3121.0,3121.0,3121.0,3116.0,3116.0,3116.0,3912.6660725019174,4794.528157191121,4859.261715754347,4722.1008560117725,64.99886003274815,4351.209401620827,4602.715194727133,126.54880096171783,4848.649656973491,189.4252492382946,3657.180757352789,4604.041702074741,3913.19667544096,4168.151387651046,4793.466951313035,4732.447613323108,4793.997554252078,127.61000683980352,4412.494041080275,4786.834414575,4537.185731755342,4293.108379795635,4858.465811345784,4920.015752274753,4222.272887433415,3657.976661761353,4731.386407445023,4721.57025307273,4348.556386925612,3657.7113602918316,320.4841751818766,4794.262855721599,4356.780732480776,4411.4328352021885,65.26416150226957,4286.475843057599,4847.853752564926,4978.382075569466,318.6270648952267,4477.4929011130225,125.48759508363214,4603.511099135698,4858.200509876262,4541.165253798164,4667.183451820839,3786.6478744792425,4167.620784712003,4913.383215536717,0.5306029390428421,4539.042842041992,126.018198022675,4919.750450805232,4667.714054759882,4858.731112815305,4353.86241631604,4922.403465500446,4097.315895288826,4348.821688395134,4030.4599249694284,4595.817356519577,4357.57663688934,4923.729972848053,129.73241859597488,4977.586171160901,126.28349949219641,4592.8990403548405,4029.9293220303853,5103.604369183577,64.4682570937053,3967.052873753809,4856.608701059134,5038.074906211786,256.0159180881713,63.67235268514105,125.22229361411073,4786.038510166435,4038.9495719941137,4857.404605467697,4914.709722884325,4223.06879184198,4860.057620162912,3722.4449188550584,62.61114680705536,510.44002735921407,5049.482869401207,4411.963438141232,4666.918150351317,3841.299977200655,183.05801396978052,254.6894107405642,4286.741144527121,4347.760482517047,4857.9352084067405,4411.69813667171,4976.790266752337,4912.852612597675,4983.688104959894,4977.32086969138,191.01705805542315,4849.180259912534,15705.295390096895,13869.20279003197,13814.247729800134,13485.201254400412,13464.64573273592,13413.226190399862,12939.26317897528,12894.583218702513,12786.257493875908,12771.367763857776,12622.537134345586,12604.767311099506,12595.042212790248,12483.81168096768,12431.862583535003,12396.125658698511,12348.211804771778,12191.68522483366,12182.0776086288,12168.251309310044,11989.069057276978,11953.959820015345,11894.869770642112,11885.694606551533,11874.232121822799,11739.877216228359,11739.489482949404,11696.41931780629,11680.671111596175,11654.754881389905,11618.919619640874,11600.985029627805,11513.602268003331,11433.49048058008,11379.558793703342,11298.233053376203,11271.22513073979,11199.408941126321,11193.079758969938,11179.230545268656,11173.36254188993,11170.954431343751,11141.905829963493,11113.888151728826,11089.648094232045,11081.276297879873,11076.111651624124,11076.05137690215,11059.479829748045,10975.301779884354,10959.018832290447,10933.93208535047,10893.60340220878,10877.651593561432,10867.468158808297,10866.754994420255,10862.390012174194,10825.060974333544,10812.927101815785,10794.966599022804,10747.626887579534,10730.19170923224,10727.466685518884,10725.12421518763,10698.843023609443,10673.237249574977,10660.07920773284,10618.468886007708,10614.56120528357,10585.835360987974,10577.744687892406,10565.822067415005,10556.742513712275,10555.981454460529,10553.649044424132,10539.281330115124,10518.60746517598,10512.626506271788,10506.792410634587,10500.422952904475,10480.594946318954,10476.594706999125,10434.582155767072,10398.754275164034,10367.250709998394,10360.483200561968,10339.105364113118,10312.171583245772,10280.835721655594,10276.739023918093,10270.625203729536,10267.447150517128,10258.618051953341,10254.846794621499,10247.044342066152,10236.288506503475,10207.155552604858,10180.383971517827,10156.088377744729,10154.450019203585,2332.0,2332.0,2332.0,2547.0,2547.0,2547.0,2594.0,2594.0,2594.0,2617.0,2617.0,2617.0,2627.0,2627.0,2627.0,2814.0,2814.0,2814.0,2829.0,2829.0,2
3209.0,3198.0,3183.0,3160.0,3160.0,3160.0,3160.0,3154.0,3154.0,3154.0,3154.0,3151.0,3151.0,3151.0,3151.0,3148.0,3136.0,3117.0,3115.0,3114.0,0.3125,57.1875,4.6875,5.0,62.1875,4056.25,187.8125,66.25,3993.75,3998.4375,4122.5,4.375,4055.9375,61.875,3.75,4060.625,65.9375,122.8125,3998.75,3994.375,62.5,4060.3125,4118.125,3994.0625,57.8125,66.5625,0.625,57.5,66.875,4055.625,61.25,188.125,123.4375,4056.5625,189.0625,184.6875,4122.8125,3932.8125,3994.6875,5.3125,438.125,4122.1875,4123.125,56.875,4060.0,4060.9375,124.0625,4183.125,123.125,127.5,4117.8125,61.5625,3932.5,3999.0625,62.8125,60.9375,3999.375,4056.875,4182.8125,4061.25,67.1875,4183.75,4118.4375,375.9375,3.4375,4431.875,4184.0625,3995.3125,433.4375,4059.6875,4183.4375,4184.6875,4180.3125,247.1875,127.1875,3936.25,4117.5,3932.1875,3936.5625,376.25,4436.875,438.4375,4185.0,4186.25,4182.5,60.625,189.375,3933.125,4055.3125,183.75,433.125,128.75,4432.5,3871.875,4121.875,4118.75,8.75,3995.0,3870.625,3871.5625,31234.11230263014,27168.42054970198,27075.83722801772,26538.61669233219,26131.765326630415,25435.16872377709,25105.620908817436,24944.013976339495,24765.962901464438,24686.06459003839,24630.027444529303,24628.128289556775,24625.31533256118,24503.440194337483,24485.747460117727,24453.59413621755,24435.241050896857,24333.050913611016,24311.57188602151,24227.487575896987,24117.751779911956,24072.962501906684,23969.185989264755,23906.210307863385,23647.181182693566,23588.03614754651,23556.03888288489,23507.073318336625,23489.33709473559,23337.595766474868,23311.01788690273,23264.537242482395,23261.157637415774,23237.801679836663,23221.136462860773,23202.167719319626,23176.33103887934,23068.274226755784,22998.210906231834,22985.76651202979,22961.0425793646,22960.51713479895,22891.739475664595,22878.19654886744,22874.584409370847,22841.890724348417,22806.893672719005,22637.306791915777,22522.33215816324,22513.108094171155,22459.663914475837,22438.190676638897,22412.600618700337,22394.74842777231,22319.801591329706,22299.10892540451,22299.10523068076,22290.035951860045,22210.19985302507,22145.031452453677,22118.94358590815,22056.352064381736,22044.70031115478,21924.220764884398,21906.66123583246,21886.41935577022,21808.459747309156,21773.576080830004,21771.009239029678,21758.21248536572,21713.303386426953,21706.313513577556,21630.988080537874,21530.06021940519,21506.07442289093,21492.978248947013,21484.72938201022,21459.08251811607,21431.86227545923,21382.99360043524,21364.958007145895,21351.95378252991,21347.56735166395,21320.13458700028,21308.53396177048,21305.905199862165,21290.168217464812,21274.684978035108,21211.265450877836,21185.47026656952,21146.219124126263,21140.23632373082,21137.507782058143,21126.345330554774,21107.489108344416,21104.09948299848,21101.0403953133,21086.02124242142,21072.24766109284,21057.600161909828,968.0,968.0,968.0,968.0,1266.0,1266.0,1266.0,1266.0,1299.0,1994.0,2116.0,2159.0,2267.0,2311.0,2353.0,2353.0,2353.0,2353.0,2679.0,2679.0,2
3188.0,3188.0,3188.0,3188.0,3159.0,3159.0,3159.0,3159.0,3139.0,3139.0,3139.0,3139.0,3137.0,3137.0,3137.0,3137.0,3112.0,3112.0,3112.0,3112.0,3719.782133871547,0.7077884376123199,4791.373828416599,0.35389421880615995,63.347065166302635,4601.686527136498,250.55710691476125,62.63927672869031,754.1485802759269,4854.720893582902,187.21004174845862,3970.6931350051145,188.9795128424894,4475.346291022699,189.68730128010174,3720.4899223091597,4666.095274959219,4726.965080593878,1.0616826564184798,3784.544775913075,3973.1703945367576,441.30609085128145,4726.257292156266,62.28538250988415,4600.9787386988855,253.03436644640436,126.34023611379911,4791.019934197793,252.32657800879204,188.2717244048771,3783.12919903785,3785.252564350687,3845.060687328928,4160.02654206641,124.92465923857446,3657.142857142857,4789.604357322569,4099.510630650557,693.6326688600735,4915.590699217561,3721.551604965578,60.869805634659514,125.27855345738062,756.2719455887639,879.7810279521136,4663.26412120877,3971.047029223921,60.16201719704719,125.63244767618679,61.93148829107799,881.5504990461444,565.5229616522436,3908.4077524952304,3656.4350687052447,65.11653626033343,3656.788962924051,249.84931847714893,4727.672869031491,1.4155768752246398,4161.088224722829,186.5022533108463,3972.8165003179515,64.40874782272111,3721.905499184384,3909.115540932843,312.8424894246454,3782.0675163814312,3594.5035804141667,4098.4489479941385,4413.060908512814,60.51591141585335,4159.318753628798,1.7694710940307998,566.230750089856,64.76264204152727,3910.8850120268735,1069.8222234510215,4161.442118941635,880.4888163897259,4853.659210926484,817.1417512234233,250.9110011335674,317.08922005031934,3910.5311178080674,378.6668141225912,3909.469435151649,3719.428239652741,127.40191877021758,125.98634189499295,3974.5859714119824,3910.1772235892613,62.99317094749647,186.14835909204012,754.8563687135392,192.16456081174485,3657.496751361663,627.8083441621278,3.1850479692554394,4978.583870165058,816.7878570046172,17597.207931724803,16241.387451532039,15542.982695670293,14949.005544136377,14891.264385903258,14623.850671568423,14509.410152357274,14075.442056998529,14028.435731840054,13953.321418952157,13871.002710604183,13769.505788756887,13676.61528657268,13638.097257860529,13556.866525386766,13441.113958564729,13341.814422850186,13106.893552213616,13058.78316840146,13052.5774306595,12931.251683360517,12881.898213357781,12811.799628938257,12716.495202467428,12663.981644350295,12659.489577723498,12648.446464267729,12504.378962514642,12501.034106721587,12476.544163002649,12413.459872155508,12329.903896909342,12329.358474115967,12306.901460700949,12243.594367456853,12211.299509035385,12201.908280646177,12183.278406162088,12137.877902101323,12124.398559256217,12034.313511036155,12008.423660678563,12000.003765079191,11994.894822503979,11970.36127645252,11968.205347357218,11967.975555247698,11956.0971516595,11952.772063437387,11913.614576702443,11905.163487431997,11895.601143327744,11864.82335791219,11864.298488510221,11841.555425825345,11839.064630675424,11836.427018970839,11832.890594460088,11812.772701034108,11808.511585701744,11776.867107984874,11754.564881225906,11719.050430689125,11705.171762383525,11695.843252945317,11683.040757268645,11682.660651418671,11642.247619653986,11636.182367374822,11632.216462718961,11609.217664164293,11601.441730684117,11598.518340628309,11557.655891755478,11541.716335368052,11517.464121182858,11491.975333379522,11468.31633191507,11435.012333633678,11433.704406362438,11418.011741931172,11412.400030264373,11405.674922880855,11395.896750787573,11379.274579853447,11355.82122665577,11350.101735347604,11347.773065041038,11330.512303485777,11301.332820297599,11291.859026304548,11276.196008516752,11263.592274864855,11220.351254789493,11214.012285809535,11212.63769267565,11209.002662453604,11203.348747329253,11191.721461641273,11169.394365213739,2262.0,2262.0,2262.0,2262.0,2329.0,2329.0,2329.0,2329.0,2451.0,2451.0,2451.0,2451.0,2599.0,2599.0,2599.0,2599.0,2690.0,2690.0,2690.0,2690.0,2
3238.0,3238.0,3238.0,3184.0,3184.0,3184.0,3166.0,3166.0,3166.0,3153.0,3153.0,3153.0,3131.0,3131.0,3131.0,3130.0,3130.0,3130.0,3128.0,3128.0,0.2714049446588355,4034.705907298249,3972.5541749713757,62.965947160849844,3975.268224417964,66.22280649675587,3912.0308723124554,2.7140494465883553,2.171239557270684,62.42313727153217,63.23735210550868,4038.234171578814,6.513718671812052,0.542809889317671,4032.806072685637,60.52330265892032,59.98049276960265,2.985454391247191,4038.5055765234724,3.256859335906026,126.20329926635851,3972.2827700267167,126.47470421101735,4220.346889444892,5236.758407192231,4040.9482210254023,4034.977312242908,4.342479114541368,5110.012298036555,122.67503498579366,3912.302277257114,3.5282642805648616,4157.380942284042,63.50875705016751,4030.906238073025,4034.4345023535902,3.799669225223697,2.4426445019295198,55.63801365506128,128.64594376828805,5236.4870022475725,4100.928713795005,4227.94622789534,5.970908782494382,4230.660277341928,3972.8255799160343,62.151732326873336,67.03702133073237,56.18082354437895,5107.2982485899665,3970.111530469446,62.694542216191,4161.723421398584,65.40859166277936,60.25189771426149,4101.742928628982,6.242313727153217,5236.215597302914,66.4942114414147,188.89784148254952,5296.467495017176,4.071074169882533,4030.3634281837076,4028.4635935710958,5226.173614350537,59.709087824943815,58.35206310164964,3845.5366608710406,3909.045417921208,128.91734871294688,5294.296255459904,3841.465586701158,4035.2487171875664,3970.382935414105,3968.483100801493,185.0981722573258,5174.06386497604,189.4406513718672,3783.656333488826,3782.570713710191,191.88329587379673,3974.996819473305,4164.166065900514,189.71205631652603,55.90941859972012,4220.075484500234,68.12264110936772,5049.217590432976,251.86378864339937,4223.8751537254575,5163.207667189687,56.452228489037786,66.76561638607353,6.785123616470888,191.61189092913787,4161.180611509266,251.59238369874052,1.8998346126118486,3783.1135235995084,65.6799966074382,29607.10769994339,26819.220298627046,26637.69669724157,26382.81640621467,26257.56265454887,25857.48137640193,25826.16966124389,24602.50898013444,24292.506966853525,24261.72321781582,23876.907570103063,23855.214619223327,23795.91706883224,23642.515225796975,23593.207336525775,23572.301359595618,23422.579286445452,23417.96534038867,23345.049326879165,23291.37576857216,23190.122290835116,23176.98128591178,23012.62190103284,22997.679071195424,22910.682090194296,22819.578675738274,22741.828764221464,22731.580653245215,22482.819859793566,22358.16396733995,22323.825625854177,22292.2806857427,22284.80558318682,22280.256688185716,22273.815363096142,22230.535717676357,22206.075226598685,22161.342143550395,22160.143401288828,22156.666252371084,22142.80874864577,22025.348259563933,21922.257889084896,21884.93681743302,21864.174945741088,21848.630354908815,21843.027826375645,21825.435611817527,21816.29481862708,21800.41342408275,21767.398747935717,21749.630216191683,21701.383562985655,21694.658371076624,21690.521371368053,21648.26827254686,21643.334222464277,21573.69269878718,21542.91184564552,21386.34711244042,21189.475730157574,21162.6439856453,21154.94753240417,21060.22926715844,21029.756556008153,21014.9346681747,21008.699180567415,20998.062596842232,20983.490140373495,20982.07355153585,20974.466892345496,20953.843664927223,20945.045913168422,20915.847150121186,20913.815714049262,20884.0689291052,20870.10238925881,20845.699089133657,20829.41072410004,20812.539468523883,20753.704938117335,20735.020024755744,20671.994530504442,20598.548170125618,20585.141023339434,20582.86242389129,20532.61963861153,20513.03900246089,20498.261208101823,20458.295493993908,20434.989829184324,20423.833175524724,20414.94816609654,20410.35357140464,20399.093980913716,20397.51254671566,20394.082327802946,20382.2169181236,20382.105422360124,20375.45665776976,1120.0,1120.0,1120.0,1180.0,1180.0,1180.0,2093.0,2093.0,2093.0,2298.0,2298.0,2298.0,2299.0,2299.0,2592.0,2592.0,2592.0,2636.0,2636.0,2694.0,2
3223.0,3223.0,3223.0,3223.0,3184.0,3184.0,3184.0,3184.0,3146.0,3146.0,3146.0,3146.0,3132.0,3132.0,3132.0,3132.0,3128.0,3128.0,3128.0,3128.0,4852.77484383016,4853.161118990856,4860.886622204786,4163.273681986903,4410.489784832665,4600.9234390560405,4538.346863023207,4797.923771011257,4539.891963665993,4414.738811600326,4794.447294564988,4790.1982677973265,4473.066360865498,2.3176509641790144,4729.166792407279,4225.850258019736,4476.542837311767,4349.458309442617,4855.478769955035,4797.53749585056,4163.6599571476,4220.828680930682,4162.887406826207,4787.108066511754,4473.838911186891,57.94127410447536,4541.823339469475,4350.617134924707,255.3278812203881,4286.495458249087,4418.987838367988,4790.584542958023,62.96285119352989,3401.152789932704,4786.721791351058,4224.305157376951,4798.310046171953,4344.436732353563,4605.172465823702,189.27482874128617,252.23767993481607,65.66677731840541,3595.835470923741,0.3862751606965024,4856.637595437125,66.05305247910191,4345.209282674956,4539.505688505296,4542.595889790869,4415.897637082416,4410.876059993361,4542.209614630172,3590.8138938346865,4476.929112472463,4357.95636297794,4538.733138183903,4666.203941213749,4349.07203428192,4600.150888734647,4539.1194133446,4789.039442315237,3533.2588948909074,4160.956031022724,3406.1743670217584,4786.335516190362,4794.833569725684,4352.548510728189,4476.15656215107,4604.399915502308,188.50227841989317,4851.616018348071,3590.42761867399,4600.537163895344,126.6982527084528,4795.219844886381,4789.425717475933,3277.544738509823,58.32754926517187,4419.374113528685,4415.511361921719,4229.326734466005,3907.5595256058186,4605.945016145095,61.41775055074388,4228.940459305309,4357.183812656547,3973.998853245617,3969.363551317259,4534.484111416242,128.6296285119353,194.29640583034072,4218.8973051272,3282.5663155988777,4535.642936898332,4416.283912243112,4671.6117934635,251.46512961342307,192.75130518755472,4477.31538763316,123.60805142288078,16713.816518318898,15717.421957675082,15583.982344020875,15436.033437389351,14414.524217128424,14395.057786768792,13931.8556214467,13907.609284979444,13669.87044178022,13587.223577194649,13491.982591110962,13433.654936055447,13399.384329991188,13291.159262417646,13164.701802249736,13104.73511064518,13077.510988016425,13072.823730617029,13058.92987429806,13046.110580599838,13028.683623399964,13014.986143387794,12939.718541421327,12888.811256157733,12849.957252599153,12823.657324036343,12755.949263158604,12729.8910265553,12712.556944373706,12617.559028776283,12606.360723990058,12583.291335111664,12467.803858339637,12451.576998556919,12440.344624181616,12419.986312515037,12407.669000965543,12387.841779966497,12347.36831603885,12327.986535810132,12325.26227369322,12320.863085819781,12296.363588226532,12289.206741582424,12276.989212968258,12229.10974830745,12224.015729331708,12198.154992619859,12172.113813663824,12083.197004861866,12075.321000943439,11980.916058899425,11880.194089175893,11877.4915359187,11869.482880962065,11854.742815757532,11846.008074771129,11766.699462743172,11765.696912570174,11723.517868098708,11636.989831722694,11634.283859614608,11633.882263478186,11614.158372607571,11613.536147630415,11557.824741817967,11546.46602935848,11526.948163415005,11524.693120644908,11470.985451637665,11463.051728495771,11428.018169580211,11411.654191920825,11384.02210305791,11350.948679566241,11287.633982764532,11260.63753721964,11241.067532246409,11177.448546550972,11157.85180242198,11144.9688426646,11142.205445610663,11141.454977093785,11132.89219938335,11120.399009688326,11107.686907505517,11086.387935129518,11072.760104029878,10980.265921722408,10975.995494485383,10975.762324215513,10974.301811445694,10902.245619533951,10865.230886760544,10854.677375879084,10836.084711590029,10823.122276157445,10811.330962065,10783.761141397285,10770.476597650784,2069.0,2069.0,2069.0,2069.0,2618.0,2618.0,2618.0,2618.0,2741.0,2741.0,2741.0,2741.0,2750.0,2750.0,2750.0,2750.0,2770.0,2770.0,2770.0,2770.0,3
3208.0,3208.0,3208.0,3208.0,3156.0,3156.0,3156.0,3136.0,3136.0,3136.0,3136.0,3128.0,3128.0,3123.0,3123.0,3110.0,3110.0,3110.0,3108.0,3108.0,4164.1309897162855,3844.387717890744,3975.085697615053,4221.077966596163,4157.129312231054,4163.197432718255,4230.880315075487,4476.405805557581,3844.8544963897593,4096.448107359054,4226.679308584347,4162.730654219239,3912.0706002479756,4157.5960907300705,3968.5507986288376,4540.821238421705,4482.473926044781,4220.144409598132,4224.812194588286,4230.4135365764705,3908.3363722558524,4478.272919553642,3912.5373787469907,3850.455838377944,3907.869593756837,4226.212530085332,4158.996426227116,4477.339362555612,4225.745751586317,4169.73233170447,3911.60382174896,4288.760848953394,4728.466195025891,4153.395084238931,4100.649113850192,3914.4044927430523,4220.6111880971475,4101.582670848224,4036.233680986069,3907.4028152578217,3905.53570126176,3905.0689227627445,4164.597768215301,4348.975275326379,3974.6189191160374,4476.872584056597,4158.062869229086,4039.0343519801613,4539.420902924659,252.0603894683101,3969.017577127853,4227.146087083363,4038.567573481146,3846.721610385821,3906.936036758806,4100.182335351177,4096.914885858069,4158.529647728101,63.481875866092906,4032.499452993946,4597.301436802567,4351.775946320472,3913.937714244037,4482.9407045437965,4159.463204726132,3783.7065130187434,4225.278973087302,3968.0840201298224,4285.026620961271,4038.1007949821305,4035.766902487054,4287.827291955364,4219.677631099117,4410.123258697396,4727.999416526875,3974.1521406170223,4036.7004594850846,3972.751805119976,67.21610385821602,3978.3531471081606,4352.242724819487,4415.257822186565,4163.66421121727,4288.294070454379,4603.836335788782,62.08154036904674,4284.559842462256,0.46677849901538904,3975.552476114068,3840.1867113996054,4414.791043687549,4221.544745095179,3850.9226168769596,60.68120487200058,3594.661220917511,4607.10378528189,4289.22762745241,63.9486543651083,4534.286339435489,4032.0326744949307,19929.81199362164,18175.163364423413,17894.90538793157,17848.745700647225,17524.55553222665,17288.955338125248,16779.940993752673,16739.18985145129,16735.631618150815,16502.63222664145,16239.00661561687,16018.55621702626,15855.664198170514,15816.584055979147,15698.787580879003,15658.68753400932,15462.790228484586,15426.795541638185,15409.465584900423,15392.819469262491,15259.519894289553,15171.250206912051,15091.812401897705,15015.802559255873,14618.836439045672,14611.256101755684,14546.724426690229,14529.096091490625,14323.406130088915,14317.990466096058,14224.101429720355,14202.739868626028,14180.764008227821,14169.630937097887,14089.45655812767,13991.830706281076,13975.432112223994,13939.65599129339,13901.608699512353,13839.443116707953,13803.592487028105,13760.152120189123,13744.121231018442,13719.923977001457,13719.165799336826,13646.097518032893,13568.454205468832,13512.422903870256,13474.340357937519,13469.60332579717,13414.727256303599,13326.543550856377,13303.44683368277,13223.095010185087,13201.729748964342,13175.605703258272,13170.75904641769,13168.8629348088,13077.673716810916,13029.585929508803,13002.562145281216,12998.943729954577,12988.241958466282,12915.326767285915,12915.151611298852,12891.504066735964,12840.387112128054,12832.825363072234,12824.422384423708,12786.426784729741,12726.72299738456,12717.029828916515,12704.43676848658,12697.225425158304,12676.378468179048,12669.395878998714,12660.566864239143,12585.01806623946,12537.472176777273,12510.349146223267,12509.95695339613,12437.02067388062,12426.504388158699,12389.61910338635,12338.409812502106,12305.779656204259,12266.77053657418,12232.787887320617,12224.464434334677,12221.116678070053,12220.521379707652,12219.971468739892,12200.71222585424,12184.550782252605,12180.396808397669,12157.25882848704,12093.860867974254,12050.398063797013,11997.93325370154,11996.5927055112,2026.0,2026.0,2026.0,2026.0,2503.0,2503.0,2503.0,2503.0,2683.0,2683.0,2683.0,2758.0,2758.0,2758.0,2758.0,2765.0,2765.0,2765.0,2765.0,2766.0,3
3172.0,3172.0,3167.0,3167.0,3135.0,3135.0,3113.0,3113.0,3101.0,3101.0,3101.0,3101.0,3099.0,3099.0,3099.0,3098.0,3094.0,3094.0,3093.0,3093.0,4159.527783825628,4166.649732685003,3972.4992137794225,3974.357113481868,4599.850013305271,3906.2341243921906,4162.933933280112,4229.199022667343,4156.431284321552,4476.609333043036,4160.4567336768505,4412.821443259066,4421.181991920072,4418.085492415995,3908.711323995452,3718.5862544451697,4599.230713404456,4343.4598543677575,4348.104603623872,3780.2065945762874,4414.369693011104,4354.607252582432,4151.786535065437,4155.811984420737,4479.396182596704,3783.6127440307714,4161.695333478481,3908.4016740450443,3976.215013184314,3982.4080121924667,4157.97953407359,4234.772721774681,4667.973002394949,4417.4661925151795,3915.5236229044194,4407.557394102136,3980.8597624404283,4230.747272419382,4416.846892614364,4158.908483924813,4165.411132883373,4661.160703485981,4164.172533081743,4093.8819943392114,4172.842731693156,3972.80886372983,4162.624283329705,4345.937053971018,3908.0920240946366,4230.127972518567,4725.258243220359,4418.70479231681,4098.836393545734,4483.421631952004,3909.330623896267,4419.014442267218,4164.48218303215,3912.1174734499355,4153.6444347678835,4597.063163751603,4605.1140624622,3656.656264363645,3716.109054841909,4342.840554466942,4353.368652780801,4166.030432784189,3968.783414374531,4420.8723419696635,4223.625323560006,4480.01548249752,3719.8248542468004,4103.481142801848,4167.578682536227,3961.9711154655633,445.5862786365725,3980.5501124900206,4601.398263057309,440.3222294796429,4087.9986452814665,3983.0273120932816,3904.9955245905603,3910.878873648305,4151.167235164622,4415.298642862326,3727.8757529573986,4669.521252146987,4600.469313206087,4421.491641870479,3907.1630742434136,4414.988992911919,4165.7207828337805,4481.2540822991505,4159.837433776036,4157.050584222367,4167.888332486634,3969.402714275346,4153.025134867068,4603.565812710162,4663.018603188427,4409.415293804582,12237.715061365647,11316.945861729146,11199.073147941988,11040.121720990443,10636.008864031277,10471.140737894582,10463.150185822586,10314.20248484618,10263.611746656925,10043.673551431735,9942.323927020096,9909.46478106161,9820.084411108066,9816.063624560538,9740.14651520152,9572.285393035294,9520.85500017041,9492.448950403821,9469.001626138863,9414.063626974608,9380.446658033268,9211.740391973046,9053.797142513771,8974.423966364626,8918.439409409217,8910.505713684568,8785.265592177195,8781.669039607896,8729.987245450984,8725.016743491251,8681.875998956424,8645.716876935832,8569.782883630167,8565.699307041577,8442.595548309573,8430.894697981477,8390.645411262753,8375.393553074038,8355.24440259113,8344.49465318466,8344.260777111784,8342.317605601616,8334.52369064149,8326.573771571382,8325.053710772721,8269.46100256454,8229.572613433791,8213.790297290729,8208.939813491212,8188.742038245441,8163.640148842991,8157.9613440842195,8148.789136910429,8144.180180440484,8123.956823448658,8044.725935210065,8009.102101345773,7959.287314493536,7903.673384000504,7893.075801709347,7877.834830611201,7877.390777130305,7869.343698772702,7864.826400890308,7830.998047386501,7800.935206645376,7799.916394635783,7704.924303672796,7704.4584444332295,7689.542249068799,7647.490497168502,7626.448503590263,7626.29634837148,7602.497720392603,7590.349870681102,7590.239552710283,7585.258647942867,7575.482373213842,7569.192952975195,7565.310451287416,7548.805046755244,7537.490442182369,7514.240134997198,7514.1119284673905,7481.96024524295,7481.331584444724,7464.411017574337,7456.768007931472,7434.793285663279,7428.271821794515,7423.717217981973,7400.338790539333,7382.624227983026,7379.11402534471,7354.680915783171,7343.7973837552645,7341.395599944139,7308.230684304359,7302.086511754844,7300.995352197137,2457.0,2457.0,2587.0,2587.0,2656.0,2656.0,2672.0,2672.0,2759.0,2759.0,2783.0,2783.0,2865.0,2865.0,2936.0,2936.0,2950.0,2950.0,2961.0,2966.0,3
3228.0,3228.0,3228.0,3228.0,3197.0,3197.0,3197.0,3181.0,3181.0,3181.0,3181.0,3162.0,3162.0,3162.0,3138.0,3138.0,3138.0,3138.0,3137.0,3137.0,0.39119804400978,4224.938875305624,4224.156479217604,4161.955990220049,4225.3300733496335,4159.60880195599,0.78239608801956,4224.547677261614,63.374083129584356,63.76528117359413,4223.765281173594,191.2958435207824,4160.39119804401,64.15647921760392,4540.635696821516,4161.173594132029,4416.234718826407,255.45232273838633,4540.244498777506,4284.79217603912,4222.982885085575,127.53056234718827,255.06112469437653,4476.088019559903,4477.652811735941,190.90464547677263,4223.3740831295845,127.92176039119805,1.17359413202934,4415.843520782397,4287.921760391198,255.8435207823961,4475.305623471883,62.98288508557458,62.591687041564796,4165.085574572127,4481.173594132029,191.6870415647922,4160.0,4222.200488997555,4539.853300733496,256.23471882640587,4480.78239608802,4478.044009779951,64.5476772616137,4225.721271393643,4415.452322738387,4476.870415647922,4288.312958435208,4161.564792176039,254.66992665036676,4160.78239608802,4415.061124694377,64.93887530562347,4352.469437652812,4660.342298288509,4475.696821515893,4541.026894865526,4412.322738386309,190.51344743276286,192.07823960880197,60.63569682151589,4539.4621026894865,4290.268948655257,128.31295843520783,4222.591687041565,4288.704156479218,4478.826405867971,4162.347188264059,4731.149144254279,3968.312958435208,4404.8899755501225,4731.540342298289,4031.6870415647923,4232.37163814181,4411.931540342299,4480.39119804401,4097.408312958435,4417.408312958435,4287.530562347189,4232.76283618582,4032.469437652812,1.56479217603912,4417.017114914425,59.85330073349634,4226.112469437653,60.24449877750612,252.71393643031786,4796.088019559903,4032.078239608802,4480.0,4667.775061124695,2.73838630806846,192.46943765281173,316.08801955990225,61.026894865525676,4414.669926650367,3969.095354523228,4220.635696821516,4478.435207823961,36432.76351168938,35230.51960814484,35162.904835583,34340.507587267784,34139.177784717125,33709.17815028763,32906.416493830475,31735.764359238492,31085.938851074465,30485.533548042273,29545.726617945544,29454.2386332638,29342.20178020858,29152.867393644436,29136.484206947727,28898.138031552277,28774.60620881328,28284.700214637138,28267.621618562876,28237.977005134864,27774.918203277764,27197.112630121348,27156.765963255642,27076.333296400033,26754.255328656298,26696.2797019217,26671.224316381336,26483.959900093396,26432.42271576477,26378.25971937955,26353.35443972704,26205.414075946675,26144.848894253286,26064.56083920195,25951.430003455753,25840.902782444624,25799.908370743935,25728.673794033653,25696.003117769127,25646.017431267363,25473.752913348253,25318.593416902902,25087.169203562265,25084.020533357412,24939.226372287245,24571.132136471733,24536.16729764665,24422.482342088857,24377.02101226819,24293.8736869404,24110.13684938405,24094.256557492557,24047.195837960626,23652.20362129733,23629.323256908712,23628.74642703752,23562.9766964131,23534.564826088947,23522.60772243275,23393.385629270164,23304.939305551918,23265.720386780395,23225.29763769939,23200.742142231582,23169.150014296858,23084.48822182603,23066.72893939632,23011.81842778961,22999.84607224894,22692.23710216971,22659.96350763927,22641.299103141188,22620.14475067197,22573.980084594168,22515.801895916473,22480.85150265488,22451.22979403297,22444.2155666829,22444.139399832908,22399.525686300778,22380.784225855776,22317.599088306175,22247.861536908422,22159.099664371828,22046.828607124935,22040.88170262576,22018.992865966902,22003.346562017385,21982.693289591945,21905.372297532966,21902.808893527992,21899.592780979412,21864.277960429543,21852.48657251728,21724.16974714895,21700.838652409748,21691.494532129775,21650.052687668944,21636.711712556174,21626.078465814368,1386.0,1386.0,1386.0,1386.0,2298.0,2298.0,2298.0,2298.0,2309.0,2309.0,2309.0,2385.0,2385.0,2385.0,2514.0,2514.0,2514.0,2514.0,2587.0,2587.0,3
3176.0,3176.0,3176.0,3176.0,3158.0,3158.0,3158.0,3158.0,3118.0,3118.0,3118.0,3118.0,3109.0,3109.0,3109.0,3109.0,3105.0,3105.0,3105.0,3105.0,4287.444833358697,4416.496728047481,4222.675391873383,4223.649368437072,4157.418962106224,4286.957845076852,4223.162380155227,4101.41530969411,4161.31486836098,4225.59732156445,4352.701263125856,4230.954192664739,4412.113833510881,4288.418809922386,4288.90579820423,4481.75315781464,4537.756810226753,4410.652868665347,4157.905950388068,4158.392938669913,4231.441180946583,4226.084309846294,4416.983716329325,4165.69776289758,4225.110333282605,4354.649216253233,4291.340739613453,4482.727134378329,4167.645716024957,4538.730786790443,5104.611170293714,4411.626845229036,4168.132704306802,4040.054786181707,3093.349566276061,4096.058438593821,4352.214274844011,4169.593669152336,4483.214122660173,316.0553949170598,4102.389286257799,4476.883274996195,3085.070765484705,4216.831532491249,4408.704915537969,3028.580124790747,4668.756658042916,4476.396286714351,4285.496880231319,4482.240146096484,4416.009739765636,4282.574950540252,4096.545426875666,0.4869882818444681,4538.243798508598,4283.061938822097,4410.165880383503,4222.188403591538,4038.5938213361737,4408.217927256125,4532.886927408309,4474.448333586973,4355.136204535078,4104.337239385177,4153.036067569624,4344.909450616344,4160.827880079135,4541.652716481509,4290.853751331608,4158.879926951758,4474.9353218688175,4417.957692893015,3340.739613453051,4473.474357023284,193.8213361740983,4165.210774615735,4166.184751179424,3973.337391569015,250.79896514990105,129.53888297062852,1697.1541622279713,4282.087962258408,4216.344544209404,3092.3755897123724,4668.269669761071,4723.78633389134,2141.287475270126,4667.295693197382,5105.098158575559,4483.701110942017,4353.1882514077,4166.671739461269,4409.678892101659,4224.136356718916,4156.931973824379,3787.3078679044283,445.10728960584385,3972.8504032871706,4029.3410439811287,4790.016740222188,13828.20639334358,12828.369397656565,12493.626240302943,12470.726819849891,11968.050061203838,11847.58704429581,11491.520397677781,11316.781053128605,11289.78688476363,10922.185195228181,10885.111815923063,10666.029964085677,10241.202062530812,10154.878292669506,10013.442918588264,9995.183402917011,9683.119281448518,9654.770494820788,9637.199509813034,9442.019774953103,9428.47999042109,9392.953476932302,9348.723891154767,9329.135845107032,9275.746343885017,9263.584415594942,9244.884289464464,9231.805032108798,9154.883444671043,9039.954087675938,9022.069186110422,9016.407761430337,8943.24681841649,8917.661739353718,8893.633369963714,8545.659443919465,8517.117425467697,8473.4498501359,8417.99176243941,8285.002800411801,8198.196401147643,8172.43168753936,8145.410401108886,8139.602755256216,8070.880793660333,8069.085389427502,8058.243544264418,7971.0289922443035,7934.86472150491,7933.803259505564,7912.183470930364,7906.62160618625,7814.472690833446,7782.664427108213,7778.600557299638,7778.300276864546,7743.652220238041,7715.417775196527,7709.017514215224,7697.347706450683,7624.972597253674,7511.360966280984,7495.401760711588,7455.670194449134,7454.446651658137,7454.418904875158,7445.817881304905,7439.910134057822,7411.832044917755,7400.279523007785,7347.732823603652,7343.217393494435,7342.206284328827,7329.243976347763,7324.906476855246,7265.197923619935,7262.265495154823,7251.131055392621,7228.807569526883,7205.726853938359,7176.628221185175,7172.090798588141,7156.585604218775,7121.489685033399,7118.317208483612,7061.315146020337,7054.601253854491,7042.6197039747585,7028.417797337188,7020.052995916463,7000.255015413738,6923.481252793439,6883.092945578906,6841.900138323415,6812.777522626183,6810.045674502423,6770.165906685735,6769.622733870066,6733.774458316935,6717.0328143925735,2696.0,2696.0,2696.0,2696.0,2728.0,2728.0,2728.0,2728.0,2802.0,2802.0,2802.0,2802.0,2848.0,2848.0,2848.0,2848.0,2912.0,2912.0,2912.0,2912.0,3
3221.0,3221.0,3178.0,3163.0,3158.0,3158.0,3152.0,3141.0,3117.0,3117.0,3117.0,3111.0,3111.0,3108.0,3108.0,3106.0,3106.0,3105.0,3105.0,3105.0,3716.8802675585284,0.34247491638795985,4475.804682274247,4475.462207357859,4728.89364548495,3594.6167224080264,247.26688963210702,3723.0448160535116,3531.258862876254,3842.2260869565216,3655.9197324414713,3970.9966555183946,3524.751839464883,3716.53779264214,4728.551170568561,3529.888963210702,3842.5685618729094,5.822073578595317,4481.6267558528425,3463.791304347826,4469.297658862876,4793.2789297658865,3848.3906354515047,6.164548494983277,3977.5036789297656,3594.9591973244146,4476.147157190635,4542.587290969899,3971.3391304347824,3536.3959866220735,3786.745150501672,5.479598662207358,4034.696989966555,4667.590635451505,3344.267558528428,3464.133779264214,4475.119732441472,2772.334448160535,3778.525752508361,3970.6541806020064,63.70033444816053,4729.236120401338,4723.071571906355,3469.270903010033,4416.898996655518,3710.373244147157,3845.308361204013,3530.573913043478,4667.933110367892,0.6849498327759197,4542.244816053511,3785.3752508361204,3525.0943143812706,3729.551839464883,247.60936454849497,4473.7498327759195,3977.1612040133778,4734.715719063545,3972.3665551839463,4103.1919732441465,3790.5123745819396,3530.2314381270903,3469.6133779264214,253.43143812709027,4735.058193979933,4854.924414715719,4282.9913043478255,3468.9284280936454,6.507023411371237,3903.5290969899665,3710.715719063545,186.30635451505015,4734.373244147157,4723.414046822742,61.303010033444814,3277.484949832776,3717.2227424749162,3780.9230769230767,4674.097658862876,3785.032775919732,4729.578595317726,4102.164548494983,3650.440133779264,4481.284280936455,3722.7023411371238,3662.084280936455,3973.736454849498,4667.248160535117,4846.020066889632,3909.6936454849497,4294.977926421405,55.138461538461534,11.986622073578594,198.29297658862876,4921.364548494983,4040.861538461538,11.644147157190634,4411.076923076923,3847.7056856187287,192.47090301003342,15582.172780251612,15245.710413275323,14154.626193252469,13934.946009188669,13866.636871923183,13228.068599677285,12978.409366524389,12606.842938617074,12573.18348875676,12536.132807655931,12507.012967742781,12447.790654407996,12258.902600351066,12237.984673790797,12223.088216364344,12217.049495988704,12095.558364018585,11667.66643388992,11643.099082389179,11615.187949068339,11563.940813244897,11309.896881548288,11295.25579075108,11286.756551937258,11179.163836455262,11168.13130748625,11073.431196159625,11064.350880080106,11040.119874325876,11010.583972962273,10920.377443463422,10884.78797909969,10835.112626463912,10814.156928239978,10632.010554822516,10583.347736630074,10518.800321419736,10507.498841332146,10474.90924958413,10414.991563128267,10381.295583890564,10377.089879058129,10353.943249622736,10335.51177941365,10323.088035434343,10321.918528340791,10260.603142253047,10233.028951901122,10195.447177362208,10191.256727687012,10173.69905526224,10145.819501820239,10131.632960935456,10094.306294705575,10048.733793034735,9957.026958477449,9956.641915394452,9944.195365641372,9929.015259705131,9843.474763246706,9842.799252647885,9833.088167157022,9807.009957119715,9784.51344451506,9768.35229092737,9743.882177544943,9739.460273273744,9728.09540304423,9722.582995654775,9683.048340050544,9634.793166975014,9629.679641434843,9627.831806912169,9625.16825761695,9624.795734780047,9607.149446634352,9592.00011909338,9588.506697965762,9582.161501685356,9581.730365977199,9548.546260378895,9480.893104391826,9480.147211816571,9476.195248315062,9458.454639883126,9438.523833987321,9414.315198699405,9400.517621237981,9335.044433069184,9308.779548581077,9308.749781410692,9303.125993261503,9273.712295303669,9229.030386761013,9220.696462303795,9190.928403209029,9187.721445047782,9173.635602881992,9164.290757614626,9164.00666033671,1810.0,2265.0,2320.0,2320.0,2500.0,2567.0,2567.0,2637.0,2637.0,2637.0,2637.0,2692.0,2692.0,2699.0,2699.0,2715.0,2715.0,2813.0,2813.0,2825.0,4
3123.0,3123.0,3111.0,3111.0,3111.0,3111.0,3110.0,3108.0,3108.0,3108.0,3108.0,3106.0,3106.0,3106.0,3106.0,3105.0,3105.0,3105.0,3105.0,3104.0,5797.9801865922855,4352.640184668654,4351.101279215158,4293.853996345099,4161.508127344426,4224.91103202847,4735.2120804078095,4728.748677503126,4165.509281523516,5043.916514379148,4098.720784841781,4159.9692218909295,4416.350870443397,4797.999422910455,4792.459363277868,4286.775031259017,5040.223141290757,5425.257285755506,4663.499086274886,4167.048186977012,5103.6260459748,5296.912570933923,4160.277002981629,4726.286428777532,4351.409060305858,4098.413003751082,5228.892949889391,943.6568240838703,5610.849283447148,5049.764355102433,5361.854381071463,4856.78561123401,5612.0804078099445,4222.141002212176,4796.460517456959,4982.0525151486,4542.233336539386,4098.105222660382,3149.5239011253243,4350.793498124459,5488.35240934885,1893.1614888910262,4795.229393094161,5799.211310955083,3901.740886794267,4345.5612195825715,5164.258920842551,4548.69673944407,3904.2031355198615,5360.623256708665,4293.5462152544,3911.897662787342,4035.0100990670385,4598.557276137347,4034.39453688564,1957.4877368471673,3531.4802346830816,3024.872559392132,4721.669712417043,4231.989997114552,4484.062710397229,947.0424160815619,3979.609502741175,4603.173992497836,3654.5926709627774,3343.733769356545,4348.331249398865,4408.348562085217,4790.612676733673,6051.899586419159,4165.8170626142155,4286.467250168317,2455.4775415985378,4728.440896412426,4734.288737135712,4227.988842935461,4729.056458593825,6308.281234971626,3912.82100605944,2204.0203904972586,4797.0760796383565,5109.473886698086,2718.322593055689,5421.871693757815,3968.5293834760023,4471.135904587862,5293.526978936231,4164.278157160719,4030.39338270655,6241.80051938059,1823.2951813022987,4734.904299317111,4226.449937481966,6303.664518611137,4735.827642589208,2835.5871886120995,6311.0512647879195,4225.526594209868,4539.771087813792,6298.43224006925,9589.827677332058,9167.74178019803,8644.556070071632,8640.026135519838,8415.148852040766,8191.0846499294885,7913.648469507912,7773.017252146071,7759.927349904228,7735.3930617725,7561.222692260608,7374.284431003884,7372.3114786153665,7340.1160953735125,7229.878619467106,7110.450547349673,7102.892146078304,7077.068199585891,7034.662785713618,7007.068339431669,6991.771503618763,6881.388522068481,6867.708588054984,6817.4077697797775,6806.014057580882,6754.0984481472005,6715.704997130278,6610.79755192147,6545.810877372116,6526.586044265687,6483.818352372748,6482.190673277407,6444.547166326977,6403.8336278428105,6330.817800036478,6253.955135435965,6234.137050843205,6195.067859130738,6173.615441223182,6126.266122867644,6125.804619879521,6120.49913937565,6045.160293080262,6044.479259121152,6022.055191469824,5997.370647361054,5978.635110909112,5968.790736923148,5955.827037129496,5912.308953057626,5911.574306534296,5909.153362791903,5898.242816285888,5859.105072365661,5857.7557279862085,5852.582232137844,5840.872418273162,5816.55270890605,5796.401577875487,5790.650628876105,5760.519451014665,5750.052701623477,5725.613613631588,5687.522120134889,5686.396576634053,5683.443477218623,5667.37655325571,5662.507055965661,5657.26020250021,5656.407320460106,5629.783669045859,5620.785999333921,5601.648383082301,5567.396440945169,5550.474770899864,5550.384681793173,5549.160970585361,5542.269225191312,5540.241942451872,5529.00841248986,5523.052976162776,5518.732124611961,5509.450077537676,5504.242986889815,5493.4691362967005,5486.271893632984,5461.620621833343,5435.053014098355,5422.159705561224,5416.291550399456,5414.505559441742,5401.0129096295495,5370.484477448889,5356.518381666217,5334.1720615254235,5330.258639809579,5327.314933895972,5304.497404485159,5292.687824580187,5280.453091262419,2784.0,2916.0,2939.0,2941.0,2948.0,2960.0,2960.0,2960.0,2960.0,2960.0,2973.0,2973.0,2973.0,2975.0,2975.0,2975.0,2978.0,2978.0,2978.0,2978.0,4
3273.0,3273.0,3273.0,3175.0,3175.0,3175.0,3164.0,3164.0,3164.0,3153.0,3153.0,3153.0,3146.0,3146.0,3146.0,3129.0,3129.0,3129.0,3129.0,3124.0,4226.830625980467,0.32387024948130155,4227.154496229948,4475.562977582106,65.42179039522291,4.210313243256921,4287.718232882951,4292.25241637569,4540.984767977329,1.9432214968878094,4.858053742219523,4222.296442487728,61.211477151965994,4158.494003339912,4290.633065128283,4.534183492738221,4287.39436263347,3.886442993775619,2.914832245331714,65.09792014574161,4288.042103132432,4165.295278579019,4220.029350741359,4231.364809473205,63.80243914781641,4291.928546126208,4161.408835585244,0.6477404989626031,58.94438540559688,4536.450584484591,63.1546986488538,4219.705480491878,4283.8317898891755,4410.465057436365,4540.660897727847,4223.915793735135,4410.141187186883,126.95713779667021,2.2670917463691107,4286.746622134508,4539.041546480441,4098.578007185871,59.268255655078185,4295.491118870503,188.4924851981175,4222.944182986691,129.2242295430393,4160.761095086281,4281.564698142806,188.1686149486362,5.181923991700825,68.98436313951723,4161.732705834725,128.900359293558,63.478568898335105,59.59212590455949,4667.618035524518,6.801275239107333,4477.182328829513,4159.465614088356,124.0423055513385,4288.689843631395,4414.675370679622,68.01275239107332,126.3093972977076,3.2387024948130154,60.88760690248469,67.68888214159202,64.77404989626031,67.36501189211073,4227.4783664794295,4222.62031273721,4162.056576084206,4292.900156874652,4231.040939223723,126.63326754718891,4223.268053236172,4226.506755730985,187.8447446991549,61.5353474014473,4291.604675876727,119.83199230808158,4162.704316583169,0.9716107484439047,4536.774454734073,4230.393198724761,248.4084813521583,4728.829512676484,4479.773290825363,123.3945650523759,65.74566064470422,4221.648701988765,4346.662618288548,4217.76225899499,4285.451141136582,3.562572744294317,4291.280805627245,68.66049289003593,4218.0861292444715,68.33662264055462,22482.645720604774,22080.04162895445,21505.866945096142,20476.267325130153,19621.60969533506,19434.78150003845,19229.890156269408,19028.168103479293,18717.871511016612,18613.048137452784,18357.67712724264,18154.898946699825,18004.8069757406,17869.333168556957,17801.360536755656,17743.231157029593,17677.016980168275,17642.07973804528,17511.283621344122,17348.564001883424,17261.379169598622,17238.151698717687,17222.218117256674,17199.683745627215,17165.394151523345,17143.077897186005,17121.534005662164,17069.512630591307,17030.04464013834,16961.48905598707,16878.291355892758,16834.560614617723,16708.470206170332,16706.324307939645,16701.907430675652,16674.344287732547,16669.811796702994,16626.335170186852,16607.853534521368,16605.830888370536,16596.768537088567,16519.249216979708,16497.1493499235,16463.311668004975,16458.56445767485,16457.67966522331,16434.952084669007,16401.3959873889,16335.858795471066,16323.204674070173,16323.108718739359,16275.674594011998,16236.05435224702,16143.406594936314,16132.994403666802,16129.83052297922,16042.677023970777,16035.833746201999,16015.568981358481,15987.072447967148,15950.213131385523,15943.761317774979,15919.851099595988,15912.871621816152,15891.02671704853,15868.850755645832,15798.363477229746,15776.807305461156,15746.711143809605,15637.01013853575,15627.369012352015,15618.91496763799,15614.467380461998,15599.965357034409,15590.37293845255,15564.5802454959,15477.391480351704,15452.71921151012,15444.460420764668,15430.279884527228,15415.984124426508,15404.633521654387,15356.957694712808,15356.418518743747,15350.413721090932,15345.289909732535,15335.49724244401,15308.046441018503,15293.929609541452,15243.105141344555,15223.219326996923,15163.46045997703,15132.999853909223,15122.382946220338,15112.98843029501,15099.800365375198,15065.351462211063,15063.399593891298,15033.902347957448,15031.393889575018,1291.0,1291.0,1291.0,2370.0,2370.0,2370.0,2385.0,2385.0,2385.0,2509.0,2509.0,2509.0,2566.0,2643.0,2643.0,2643.0,2658.0,2658.0,2658.0,2681.0,4
3268.0,3189.0,3184.0,3166.0,3145.0,3129.0,3126.0,3125.0,3120.0,3116.0,3116.0,3116.0,3116.0,3112.0,3110.0,3110.0,3110.0,3109.0,3108.0,3098.0,3840.0290559099262,3908.891562436156,1.162236397067169,64.50412003722788,4033.831975120877,4472.866774112999,65.08523823576147,0.5811181985335845,3910.053798833223,4347.926361428279,4353.156425215081,4348.507479626813,58.98349715115882,3910.6349170317567,3.486709191201507,3972.233446076317,70.60586112183051,3963.8072321975797,2.905590992667922,4027.730234036274,4407.781535877239,1.7433545956007535,4040.514834404013,4419.985018046444,2.033913694867546,4349.66971602388,4.648945588268676,3969.618414182916,4102.40392254784,6.973418382403014,2963.993371620548,3901.918144053753,7.84509568020339,3906.5670896420215,4342.115179442943,4345.892447733411,3915.864980818559,62.470206342360335,4478.677956098336,4469.0895058225315,62.76076544162712,4469.961183120332,3779.5927632624334,4229.087689828161,66.24747463282863,4034.41309331941,442.8120672825914,4346.473565931945,67.119151930629,4223.276507842826,4406.619299480171,4541.438721539963,4222.985948743559,4165.455247088734,3965.5505867931806,3976.591832565319,2.61503189340113,7.554536580936598,3972.8145642748505,3.777268290468299,12.494041268472067,3910.9254761310235,5.520622886069052,4348.216920527546,4027.1491158377403,3718.28479331714,3908.0198851383557,4416.498308855242,4918.2938732889925,4411.849363266973,5.811181985335844,3841.772410505527,4296.20684175879,57.53070165482487,4040.80539350328,4103.2755998456405,4032.6697387238096,4418.5322225501095,4356.643134406283,52.881756066556186,14.818514062606404,4410.396567770639,3914.702744421492,4415.626631557442,22.954168842076587,4031.2169432274754,4415.336072458175,4480.421310693936,4338.919029351008,4035.5753297164774,4231.121603523029,4.067827389735092,63.6324427394275,3848.1647106893965,69.73418382403014,4021.3379338524046,69.15306562549655,126.68376728032142,4031.798061426009,4215.140853063355,11765.496830249002,11393.229833656667,11308.11820913917,11173.080502449364,11106.405660166409,11033.197664919786,10706.906982739578,10640.732859164353,10552.75811461955,10453.92327461802,10446.286155187514,10432.385313268942,10431.47322668269,10358.757996653554,10305.789845742594,10255.017058704849,10234.967666582694,10204.572318264023,10114.36503183047,10114.025025371222,10036.473786970733,10030.70120354887,10019.66357907462,10017.618884367868,9959.848348754442,9944.93639685693,9909.942331849517,9873.780419883456,9775.559002627524,9772.6310779098,9752.612224475664,9749.083323942066,9696.079887994812,9636.427808779488,9617.538905584282,9607.824304930013,9574.43348854154,9546.61557319507,9506.040006979028,9488.708665726455,9474.631541499397,9453.532068559942,9413.304271983146,9401.729209520205,9398.500777457326,9379.252465752972,9340.071248211829,9338.546848562963,9316.441945302557,9307.916722802893,9305.562478569549,9264.864796915475,9246.885387432265,9234.429373008988,9230.5879543367,9223.061653300732,9196.941761877222,9178.71410652764,9173.92157645537,9154.79504073271,9148.189810449594,9144.667279594696,9133.04424413999,9132.6891792438,9126.856471733996,9118.292593647457,9115.91302014452,9109.612761241828,9095.661642450776,9070.163291760568,9037.544467756336,9034.772227590911,9029.878137206684,9023.94508120901,9019.552774734366,9017.065240181939,9012.496081134474,8996.033742547841,8991.260952064627,8985.002735100576,8974.578151914699,8973.627446259263,8958.585503644354,8945.757175014896,8938.555498170028,8924.03131681925,8918.00881019303,8917.854534324331,8905.718701975484,8905.602703429711,8904.118074975264,8899.605704962705,8895.551065050995,8887.059028541738,8873.180939760296,8864.994333688413,8857.655065937015,8831.770748516328,8812.985336960588,8798.516318339021,1500.0,1885.0,1902.0,2100.0,2243.0,2336.0,2427.0,2561.0,2837.0,2855.0,2875.0,2886.0,2903.0,2916.0,2943.0,2943.0,2951.0,2954.0,2954.0,2954.0,4
3222.0,3222.0,3222.0,3222.0,3219.0,3219.0,3219.0,3219.0,3208.0,3208.0,3208.0,3203.0,3203.0,3203.0,3203.0,3202.0,3202.0,3202.0,3202.0,3166.0,0.7170265803994061,0.35851329019970307,62.73982578494804,64.53239223594656,63.81536565554715,63.09833907514774,1.0755398705991093,64.17387894574685,5.377699352995546,1.4340531607988123,5.736212643195249,63.456852365347444,59.154692882951004,248.09119681819453,5.019186062795843,247.73268352799482,62.381312494748336,64.89090552614626,4183.491583340335,1.7925664509985153,6.453239223594656,125.47965156989608,4184.567123210934,58.4376663025516,61.30577262414923,58.7961795927513,6.094725933394952,4185.642663081533,2.1510797411982185,4183.850096630535,122.61154524829846,4182.774556759936,4184.925636501134,4186.001176371733,4432.658320029129,4185.284149791333,128.3477578914937,58.079153012351895,4178.830910567739,4433.375346609529,4186.359689661933,4433.733859899728,4184.2086099207345,122.97005853849815,4179.547937148139,4120.7517575553875,4121.1102708455865,4.302159482396437,126.19667815029548,124.04559840909727,4181.699016889336,127.6307313110943,4122.544324006386,4182.416043469736,4432.299806738929,185.3513710332465,190.72907038624203,2.5095930313979213,4119.676217684788,4181.340503599137,61.66428591434893,59.51320617315071,4183.133070050136,4186.718202952133,124.40411169929696,4179.906450438338,4180.264963728538,4369.559980953981,128.7062711816934,127.98924460129399,120.46046550710024,249.16673668879363,185.7098843234462,126.55519144049518,4119.317704394588,4367.767414502982,4435.167913060527,4368.125927793182,253.46889617119007,4120.393244265188,65.24941881634597,4243.7218160938855,4.66067277259614,4179.189423857939,123.68708511889756,4180.981990308937,4120.034730974988,4182.057530179536,4180.6234770187375,248.44971010839424,4368.842954373582,4431.941293448729,4433.016833319329,122.25303195809875,184.99285774304678,59.871719463350416,189.29501722544322,57.36212643195249,123.32857182869786,189.65353051564293,39726.59189233893,38734.91515804422,37318.10663742333,37188.279176465105,37124.16888701092,36843.267759520175,36494.638479647365,36417.278850998155,35445.70834282892,35241.07493810189,35219.56103781064,34891.53007705557,34745.66624113308,34485.77294780933,34208.99200643162,34001.95706558631,33725.22725904567,33465.55555021395,33289.70060460905,33119.65181315781,33093.1845474171,33048.10939721573,32978.374199807804,32912.56395384992,32866.76228336643,32798.52391032069,32776.50833303194,32765.165423538732,32757.56624169287,32613.276896096708,32601.23069882799,32493.957384237652,32388.601963639783,32329.596368523125,32303.224320707024,32292.992234993784,32265.18124313317,32222.10860365786,32211.641497987155,32142.256755952072,32137.482197875175,32117.97381139856,32082.366862963074,32079.22186526073,32043.335123581248,32009.73992909187,32002.69739575194,31980.341842720634,31978.312532898697,31844.489403465763,31800.981591630083,31778.71065251582,31654.866442253544,31619.340265239687,31572.018428411837,31551.598194904393,31455.84058863034,31383.17520382767,31366.25105978479,31364.09065536202,31316.180554493298,31229.127599005504,31222.577895314123,31178.54915497816,31168.2424860483,31151.065927162774,31138.87441528091,31130.429097691616,31085.741232578468,31061.468955902714,31038.533301141717,30990.70552428741,30924.012059928602,30898.237245071952,30866.83393106049,30802.588819729168,30784.65560311235,30724.22099626269,30687.448913471482,30678.393047976206,30670.372971269,30661.32278129379,30657.71418796266,30647.60206305862,30644.2928533747,30643.765876452973,30616.84783889049,30603.21961898243,30591.813178478744,30563.28903346454,30542.814915801442,30536.16023694389,30533.73583120272,30513.73769195922,30466.631656551803,30463.82067608492,30407.112207159647,30351.033103204663,30342.263825842972,30303.479507865693,953.0,953.0,953.0,953.0,1318.0,1318.0,1318.0,1318.0,1825.0,1825.0,1825.0,1825.0,1992.0,1992.0,1992.0,1992.0,2093.0,2093.0,2093.0,2093.0,4
3085.0,3085.0,3085.0,3085.0,3080.0,3080.0,3080.0,3077.0,3077.0,3077.0,3076.0,3076.0,3076.0,3069.0,3069.0,3069.0,3069.0,3068.0,3068.0,3068.0,693.1479848539863,4098.4698376471815,1643.902692048343,2143.1817002956586,4604.388194408424,2778.5673530784793,2019.689817936615,4347.445406919446,3524.1661911924894,3782.4368483842527,3843.5188547123817,4229.928938222937,4162.207583380881,3470.38746822968,2520.960630738109,1260.812282794751,1319.238549717309,3656.953161471031,3087.9609938274807,1011.1727786710929,945.443228383215,1832.4601898438716,3526.1579957466674,5358.61818559054,4286.363400591317,4915.773639711603,5990.6841641163965,4294.33061880803,3474.3710773380362,4852.699828829296,3031.5265314591006,4537.994709269154,6374.438508221381,2961.8133720628666,1835.1159292494426,63.73774573369988,5238.445977488459,3277.846361325795,1766.066704704601,3587.9039369261895,1956.6160070543078,4980.839255148089,1760.0912910420666,2777.239483375694,6055.749779552882,6307.381088230718,2529.591783806214,2455.8950153016235,1068.2711758908658,758.2136002904715,1075.5744592561855,2582.042637066238,248.97556927226518,3461.0923803101823,3095.9282120441935,3534.789148814773,1258.8204782405728,1709.6322423362208,1708.3043726334354,3402.0021785362314,3467.7317288241093,4603.7242595570315,3149.706935007003,6121.479329840759,630.7381088230718,2334.3949374967583,3909.912339851652,1953.2963327973443,2586.0262461745942,4095.8140982416103,888.3448311634421,4547.289797188651,6184.553140723067,3093.2724726386227,5359.946055293325,3654.29742206546,948.0989677887858,2902.059235437523,2017.698013382437,6309.372892784896,4221.961720006225,5107.650811764096,2076.788215156388,3595.207220291509,2463.1982986669436,6179.905596763318,2.6557394055708285,1382.976295451009,2588.681985580165,2328.419523834224,2019.0258830852224,60.41807147673635,2769.9362000103743,5168.068883240832,885.6890917578713,5043.249131179004,2970.4445251309717,2963.141241765652,5615.560973079517,1635.9354738316304,5004.361488510554,4695.8604093705935,4457.141197172086,4445.232449067178,4323.504779625277,4299.040813843368,4212.099930645004,4209.042945809884,4203.294335613176,4181.756535721059,4078.5720646007685,4043.5739258263825,4016.7497198392985,4007.9783313219805,3999.8904735185743,3971.0196903405417,3926.8364324962718,3919.9293784517135,3869.956412990962,3859.2773767134067,3822.4132989334253,3821.160042910748,3817.5901730713776,3810.609338990167,3767.9117119451653,3763.949096889849,3761.7290346450404,3755.1960354690987,3738.531615767522,3721.8575502504855,3721.1254438272204,3710.60298033928,3658.126516406314,3648.0758608383094,3616.4121251286897,3594.582928907335,3581.8573279027623,3573.6639796075965,3553.4868473058764,3551.5692972559546,3550.956715930889,3549.7327885363047,3545.4376149123336,3521.0112348685266,3510.791855991788,3509.138645706329,3494.6146928587677,3484.5866714611916,3435.8560569514016,3412.095072060839,3385.4916944912384,3365.009054605817,3353.6765528065575,3345.9297947630403,3344.2248907633143,3339.622465267349,3337.902265784471,3330.8039631118886,3325.407248268621,3314.1070357231033,3313.431738074329,3305.4162298416536,3290.0162023751272,3289.200628061238,3278.273596092093,3276.822218605992,3262.669321328507,3251.777403805133,3243.013507439286,3234.660966376158,3226.0841792329693,3216.3840473087125,3211.601976918069,3201.709781236142,3181.8034888831203,3177.814420895078,3177.4338532316833,3173.3817369637077,3164.1075265510203,3161.43664549675,3160.675479429964,3158.3300293329917,3138.4877045567064,3137.7405195985716,3135.2694333227223,3122.4441620249486,3119.5355851349614,3105.3435769614457,3103.2464059766535,3081.053285001746,3077.149082168947,3076.1992756471586,3073.953241572551,3072.7129826409873,3072.5079768999194,3067.9931043175584,3060.7125587692017,3054.378329466759,3054.2258979786425,3053.590050393676,2966.0,2966.0,2966.0,2966.0,2982.0,2982.0,2982.0,2982.0,2985.0,2985.0,2985.0,2985.0,2991.0,2991.0,2991.0,2991.0,2993.0,2993.0,2993.0,2993.0,5
3099.0,3099.0,3099.0,3099.0,3083.0,3083.0,3083.0,3076.0,3071.0,3066.0,3066.0,3066.0,3066.0,3066.0,3066.0,3066.0,3066.0,3065.0,3065.0,3065.0,632.1509101908375,4346.213496122752,2141.4288071275364,2018.9407688500246,6299.686520376175,5483.099598526095,5803.398779079359,2147.0604410713304,2145.652532585382,4351.141175823571,251.31166474179176,6309.541879777814,2964.351317164384,1950.6572072815266,130.23153495022822,3344.4866083704555,6174.382665126766,5109.2998955067915,1704.273222240554,5988.538744981575,5678.094923829951,5362.723422977506,3402.9148105373147,6178.606390584611,3778.8263762855413,2648.275862068965,4665.104768190067,4850.244734092284,3150.899191552549,2330.792498487598,6302.502337348072,3974.5256558323704,4223.725457845239,3282.5386349887253,5932.222405543639,2336.4241324313916,2708.111972721773,2646.867953583017,6298.278611890227,1642.3252488588241,3595.094318869273,6239.850409723367,1702.8653137546057,6114.546554473959,3341.670791398559,1200.9459385139965,5614.035087719298,822.2185557938733,3343.0786998845074,310.4438211516251,1645.141065830721,3155.826871253368,3522.5870318429297,2711.631743936644,1008.0624759390639,6051.894626849255,4156.84980476269,1269.2295000824945,1197.4261672991254,187.25182863113895,1511.3897596656216,2651.091679040862,4914.304570202937,5172.65577737447,4158.961667491612,3093.878897871638,1131.9584227025243,4356.772809767364,4913.600615959962,4603.156794808337,3718.9902656327336,2584.9199802012868,5553.495022823516,2645.4600450970684,4667.21663091899,502.6233294835835,5170.543914645547,5863.234889732167,2523.675961062531,1957.6967497112687,753.2310399824011,2398.372105813122,3653.5225210361323,2073.8491998020127,4348.3253588516745,2273.0682505637133,4350.437221580597,4665.808722433041,1823.241489303195,689.8751581147225,885.5744376615519,5357.795743276686,1319.9142055766374,2647.5719078259913,884.8704834185777,1135.4781939173952,6298.982566133201,4783.369081009734,3148.787328823626,5104.372215805972,4592.133119287157,4570.79652727928,4312.401993190432,4185.820715963135,4047.230585991424,4016.892821669417,3968.268334286293,3935.263667108426,3931.3422530592775,3853.618956666832,3804.7410481701163,3794.455199250264,3728.175449925106,3655.9071779073897,3635.2044803176573,3604.4800616765433,3603.381074104549,3556.506208093552,3498.5899666946684,3486.1046235020017,3420.746950094942,3408.581415282888,3399.2590095205487,3372.1675181648006,3370.324904392718,3348.7562411452996,3344.711470673341,3330.8529303143155,3315.348295225138,3282.6941881476578,3282.6132809870883,3280.3568034063674,3274.9573279424903,3271.958516333232,3253.8896645731793,3239.637382579432,3239.0140442787038,3230.520294833993,3224.8392184208665,3224.7392100357256,3220.047495678598,3215.8595940312143,3187.4396470741035,3132.5747668684508,3107.829187432472,3106.3872705749704,3104.578217055985,3086.6585909247106,3079.4440564403844,3070.582878496476,3067.5880976686813,3061.883745915106,3058.7735618639713,3045.421680213562,3035.491666774515,3030.9812840781497,3022.2957643780887,3011.6215813091762,2983.6626006737015,2978.207782544124,2977.6283564194246,2976.9183978622304,2955.059607146793,2954.5287290112606,2954.486380711211,2941.6156284705453,2941.337034535371,2939.884045514709,2923.065430502644,2916.2791388537407,2914.602202390681,2904.656249551301,2898.604247606867,2897.2849046977335,2888.3221765402645,2886.4554955329263,2875.9360037115457,2874.6441637209605,2864.794710991601,2858.640385302255,2858.5696426076074,2857.060588474671,2849.1278107409134,2836.285553809206,2821.6982551344013,2818.448538615878,2812.3282538529265,2807.747273073527,2806.3773129430724,2800.979577513957,2800.7460912388474,2798.642517699882,2795.3895319588046,2792.990434835481,2792.078520427509,2791.4945013151605,2787.153440411596,2774.9691011356813,2774.5701318778533,2768.4000394617933,2980.0,2980.0,2980.0,2980.0,2987.0,2987.0,2987.0,2987.0,2989.0,2989.0,2991.0,2993.0,2997.0,2997.0,2997.0,2997.0,2997.0,2997.0,2999.0,3003.0,5
3085.0,3085.0,3085.0,3085.0,3068.0,3068.0,3068.0,3068.0,3061.0,3061.0,3061.0,3061.0,3061.0,3061.0,3060.0,3060.0,3060.0,3060.0,3060.0,3060.0,3970.6563706563707,4347.490347490348,375.2895752895753,696.5250965250965,6301.930501930502,5674.903474903475,4097.2972972972975,1897.2972972972973,6242.471042471043,1068.7258687258688,4223.1660231660235,568.3397683397684,3086.4864864864867,382.2393822393822,5677.220077220078,1319.6911196911196,3968.3397683397684,436.2934362934363,6307.335907335907,5487.258687258687,1141.3127413127413,3844.7876447876447,3340.5405405405404,4471.042471042471,3087.258687258687,4345.173745173745,4911.196911196911,4664.092664092665,182.23938223938225,4226.254826254826,5108.880308880309,634.7490347490348,755.2123552123552,1639.3822393822395,63.32046332046332,4411.583011583011,2139.76833976834,443.2432432432432,5292.664092664093,6304.247104247104,4980.694980694981,1703.4749034749036,5102.7027027027025,3031.6602316602316,2138.996138996139,5806.949806949807,378.3783783783784,5736.679536679537,1074.131274131274,5109.65250965251,1195.3667953667955,1198.4555984555984,2462.5482625482628,3783.011583011583,3594.5945945945946,2204.6332046332045,3273.3590733590736,2274.903474903475,944.4015444015445,6311.196911196911,315.05791505791507,3715.830115830116,1515.0579150579151,4091.119691119691,947.4903474903475,690.3474903474904,5738.996138996139,1766.0231660231661,2525.096525096525,3847.876447876448,3091.891891891892,945.9459459459459,883.3976833976834,4921.235521235521,1644.015444015444,3027.027027027027,1383.7837837837837,2012.3552123552124,4984.555984555985,630.1158301158301,6309.65250965251,5857.142857142857,2964.4787644787643,64.0926640926641,4722.007722007722,1385.3281853281853,3522.779922779923,5420.07722007722,6049.42084942085,6297.2972972972975,249.42084942084944,1958.3011583011582,3908.1081081081084,2398.4555984555986,2391.5057915057914,313.51351351351354,1134.3629343629343,5489.575289575289,2457.1428571428573,5482.625482625483,4134.681132402148,4052.164172307659,3839.1777653647905,3791.6049677464343,3758.5538615547944,3639.3885930034226,3578.0224231250268,3534.1894408595335,3422.599737615247,3347.7184284945884,3344.2711657826785,3305.887725114089,3200.046106840253,3183.548196801046,3132.2336489753948,3113.5143007574707,3112.0644645827224,3098.5810815659906,3081.53272345251,3044.9402902468833,3037.105600069553,3017.6688948252845,3014.5411296956504,2946.6366318328296,2914.746063805928,2909.980983328433,2903.2312386885806,2902.7676871850917,2902.0970005751683,2898.1528756529265,2880.4534051085716,2865.0466234018695,2840.2121489466167,2832.813336226357,2820.854648802891,2796.041253195659,2793.7240512908443,2784.9754329560647,2765.821494235576,2758.783782360214,2758.640276834116,2756.3484215305684,2753.719016239772,2748.9050600004343,2738.1787637248553,2732.5514546255263,2724.6003662881994,2701.78007612356,2694.179680340636,2686.39122324699,2682.982707427296,2681.6685787438496,2681.0420159918203,2674.1108214379683,2673.578078968577,2672.513897013659,2670.2254768780167,2668.8303411624606,2658.241926632867,2657.2971218123007,2654.9198544743895,2653.976556535556,2653.143407684685,2641.5449256598986,2640.2391347753774,2635.74525445188,2625.8014648691264,2609.301745476173,2583.276893091606,2569.54731998602,2567.507565210456,2558.8172180427023,2536.8372334946316,2536.038432679194,2532.9345219374554,2526.2112144783314,2520.912469842661,2517.3453861526327,2515.8192625652664,2513.363513122436,2513.238798974575,2511.707066060679,2509.602234554571,2504.841274395523,2495.9988605678436,2476.9323575274325,2466.9770268478533,2463.450282621824,2462.558479684889,2461.154543223452,2446.4800884420565,2444.27776309871,2427.709930057804,2424.8745119096952,2422.281543685119,2417.8014005224113,2413.3713470853554,2410.4023889765012,2409.8634568259595,2406.7106676451144,2985.0,2985.0,2987.0,3002.0,3002.0,3002.0,3002.0,3003.0,3003.0,3003.0,3006.0,3007.0,3008.0,3008.0,3010.0,3011.0,3011.0,3011.0,3011.0,3011.0,5
3106.0,3106.0,3106.0,3106.0,3098.0,3098.0,3098.0,3088.0,3088.0,3082.0,3082.0,3079.0,3079.0,3079.0,3079.0,3077.0,3077.0,3077.0,3077.0,3077.0,4348.435612879703,2143.0075427842216,1511.2184672880157,944.4750814666271,4664.621835334868,5359.414807556457,6051.290932707427,3344.4568511724356,945.641820294875,1637.2262607387827,5805.692409361256,698.2931887063327,4290.973725588497,6053.624410363922,2014.374586969897,5487.75607866372,3653.3509559510517,2773.0465100380557,5487.464393956658,4351.352459950323,637.331084930383,505.48959733837705,4286.890139689629,2206.594808923729,4097.003395392293,5739.771665565253,6300.973041952464,2145.0493357336554,3154.8617915821615,1574.8057334275231,2711.792721555044,6239.42756876239,2328.519016475628,633.5391837385775,4665.2052047489915,6305.0566278513315,6310.015267871385,885.5547706401112,2648.7888248296604,3341.248319394754,1010.1041405555682,2646.455347173165,5359.998176970581,1385.502358544311,1515.0103684798212,4160.298976824738,694.2096028074653,5807.150832896566,4219.510972358316,942.7249732242553,4344.643711687897,2142.7158580771597,4481.1521545928945,4985.475013103024,3976.8292960827653,4101.962035412346,2649.9555636579084,444.8191782694893,5361.748285212952,2513.447120752911,2136.5904792288584,951.1838297290523,885.8464553471731,1134.9451951780873,5801.6088234623885,1510.635097873892,5612.305448579176,2838.675569126997,4354.5609917280035,4921.596062256454,2082.920493129458,6239.719253469452,1135.2368798851492,2083.21217783652,4099.336873048789,3845.8628626119453,4795.004899391563,5487.172709249596,0.2916847070619602,4343.768657566711,6304.473258437208,628.8722284255862,757.5051842399106,1129.9865551580338,5927.616616913156,1765.2758471389832,3336.581364081763,1834.4051227126677,4604.8264703871655,2464.444089966502,2144.1742816124693,2962.6415696283298,2779.463573593419,574.3271882049996,2530.3648337625045,4546.781213681836,3344.1651664653737,5739.479980858191,2589.2851445890205,2080.5870154729623,8127.373724712143,7685.747862596288,6589.563789341767,6206.450924483167,6141.124991921972,6135.731725113749,6085.473021468283,6009.393440348657,5979.0562459946705,5967.860674136291,5930.9017968411345,5914.471074104179,5912.684269935884,5881.338164318827,5831.885547178925,5776.467184796418,5751.676807771902,5751.408505162216,5734.26344661895,5726.051128860895,5711.490146929388,5672.280880718639,5670.896674345405,5635.41818677581,5621.709763754037,5604.404911437725,5600.685321920252,5597.409823650881,5588.541566182469,5587.063584282334,5553.089693048988,5547.689871109257,5530.541152900357,5509.502626657541,5476.829557688766,5461.062130400464,5453.0018656927205,5430.027236826136,5407.365780505199,5402.630043685524,5394.041630408494,5387.36811827785,5369.548650775336,5360.057582331853,5351.2078502595095,5345.727374380135,5335.871808726451,5331.6011456736205,5313.40898004257,5296.516296053442,5279.994738458951,5254.575105894415,5191.764750490993,5180.853990759417,5172.175469914473,5168.982625031014,5161.839143012973,5139.801556369458,5139.122377054617,5132.62071448321,5125.67595542911,5121.7600598126655,5103.177761684296,5089.958989079435,5084.986914214649,5082.726397294939,5074.8884641083205,5069.603747926156,5045.029942597125,5040.62303210842,5036.548969689856,5025.252844986769,5018.201890474944,5009.996313095297,5006.890717209993,5006.729483990925,5004.900077714165,4987.777832849254,4986.330905313064,4981.042811997482,4967.740781829976,4955.176053393656,4947.223643366547,4930.152066885764,4927.811173530496,4927.737367871899,4922.78158007128,4916.8750125016095,4912.362450589624,4909.728074780855,4901.196153948859,4899.019035711947,4856.2742107134145,4853.340481400201,4838.513330200065,4835.5340675303005,4830.74919666239,4827.341342586699,4824.74764695303,4800.43897860626,2967.0,2967.0,2967.0,2981.0,2981.0,2981.0,2986.0,2992.0,2992.0,2994.0,2995.0,2995.0,2995.0,2995.0,2996.0,2996.0,2998.0,2998.0,2999.0,2999.0,5
3106.0,3105.0,3105.0,3105.0,3105.0,3098.0,3098.0,3098.0,3098.0,3093.0,3093.0,3090.0,3090.0,3090.0,3090.0,3088.0,3088.0,3088.0,3088.0,3088.0,4350.856498547205,4731.098486491174,5236.237477774404,4601.205603018344,6241.519580207294,3403.8596643393034,4095.511513942495,1447.6950431501798,2394.1367795654623,1454.356216661607,2142.1223817164664,2140.4570883386095,1704.7053211327463,2963.11201699987,3779.1057721497027,2146.008066264799,2463.524003642829,1446.0297497723232,943.6662474521878,2520.1439784899603,4103.28288303916,696.0926319441432,1322.2429420183007,6309.796608699423,2137.681599375515,3779.6608699423214,2835.439524697515,2016.670280584587,2015.5600849993493,2205.4035300750247,6305.9109241510905,128.22759009497375,1512.6414848865952,3656.429159980918,4100.507394076066,1767.4313716986858,4598.430114055249,4721.106726224034,4348.636107376729,3786.8771412463675,442.4129407172904,5238.45786894488,5301.739017303438,2843.21089379418,1068.008152998829,945.8866386226636,4105.5032742096355,1204.0071121904678,4855.995489830435,5859.057201092848,4480.749382020035,1956.7197189817423,5925.1138384145015,3217.3468060193413,4917.611344811136,1134.0647903204822,5605.932607658614,942.0009540743309,2142.677479509085,5802.992324038336,3656.984257773537,5988.9500845656785,2390.25109501713,823.2100264538791,5298.408430547725,3655.8740621882994,3911.7741445856277,5930.109718548072,2079.3963311505267,4343.640227243159,2516.8133917342466,3661.9801379071077,437.41706058372,64.39134394379634,6244.850166963008,4733.873975454269,1449.9154343206555,3411.0759356433496,4164.898738019861,5738.045882301921,4979.227199791838,3597.033696170692,1506.5354091677868,4667.817338132616,248.68381109328243,5866.828570189514,3403.3045665466843,5609.263194414328,2079.951428943146,247.01851771542562,6361.975801205603,3598.1438917559303,4038.891539095364,3973.9450973589483,186.51285831996182,5482.700897697211,6301.470141810139,4166.564031397718,3714.714428205906,4163.2334446420045,4896.203014210012,4782.1954846374065,4649.85771531806,4633.660600311958,4544.388772597526,4543.889475295404,4515.938932101284,4489.783384633709,4483.9384616183925,4403.174725004024,4365.269447076151,4356.353523679678,4350.9292011647185,4306.287992309657,4196.563051254981,4176.330515435828,4168.807907177593,4128.350212326319,4066.280214600601,4046.50233541046,3991.357466111687,3988.0565519214515,3985.703512368816,3901.6197811546153,3896.5582697977334,3859.112458779455,3840.562145909289,3819.6398621909093,3813.66519239614,3804.1323087864803,3792.7743596214546,3784.393159845656,3777.747502562121,3770.6646098589645,3759.2306309959836,3757.0377376218503,3751.298784436533,3743.8069515132297,3735.399642988734,3726.7801140711513,3723.301992433984,3722.4846631774008,3721.1097634121697,3707.7644895666476,3704.862084628317,3698.0166139289418,3693.15824305158,3688.6771805591443,3651.000675610542,3645.9705212942736,3641.7779750819695,3622.494634983347,3608.6255000811234,3593.9236093558648,3591.719061596153,3588.1511437405725,3583.9376171604704,3581.1246319458946,3580.672678102633,3577.1786948248728,3563.492863514162,3558.0604002982195,3534.749956100902,3531.072324660717,3515.1494384281464,3508.9417197327034,3506.5380242875644,3505.8758817923217,3496.4937327751036,3493.8834480040755,3473.9731884223092,3472.2774052906957,3470.92214777311,3465.3142830377037,3449.661739378316,3442.283282436994,3440.8361669370283,3436.1098734470133,3433.575178704978,3432.0538588734826,3430.2142426291352,3424.7429214183257,3422.067512745427,3421.0486054917874,3411.933948012663,3408.5165348047003,3407.4785420106928,3406.569620616208,3402.309173130106,3394.9978697537554,3372.07265633313,3367.289181854617,3366.607170447748,3364.1344663124673,3362.398332009019,3352.2717674853234,3351.3324351611864,3350.732148413589,3347.485245465539,3343.658955389817,2971.0,2971.0,2971.0,2971.0,2987.0,2987.0,2987.0,2987.0,2987.0,2989.0,2989.0,2993.0,2993.0,2993.0,2993.0,2997.0,2997.0,2997.0,3005.0,3005.0,5
3116.0,3116.0,3116.0,3116.0,3088.0,3088.0,3088.0,3088.0,3082.0,3082.0,3082.0,3082.0,3074.0,3074.0,3074.0,3074.0,3068.0,3068.0,3068.0,3068.0,4346.3429816371,2203.050108932462,4411.791383219955,4603.014539148993,4349.188564314615,6048.001422791339,1516.6955671157352,2014.103419145436,3091.4410208527856,4097.6390556222495,6298.412698412699,2207.0339246809835,2899.0796318527414,2897.941398781735,881.5615134942866,4853.425814770353,2139.878173491619,2273.051442799342,2143.2928727046374,3907.5541327642172,4223.982926503935,2080.1209372637945,2275.3279089413545,4288.293095015784,3844.382197323374,693.1839402427638,6299.550931483705,4039.020052465431,6307.518562980748,5484.57605264328,3909.2614823707263,3212.662842914944,2904.7707972077724,629.4428882664178,689.7692410297452,2087.5194522253346,4601.307189542484,4344.0665154950875,2831.9238806633766,2712.4094082077277,4095.93170601574,6303.534747232226,2141.016406562625,316.4287937397181,1952.6388333111024,3023.147036592415,3778.9337957405187,5925.641367658175,3526.2460539771464,2211.0177404295055,3339.575830332133,1767.675959272598,3342.4214130096484,2772.1666444355524,2836.4768129474014,4097.069939086746,2201.911875861456,6052.554355075364,4220.568227290916,3462.5050020008007,4790.822995865013,6118.002756658219,946.440798541639,3346.4052287581703,5806.126895202526,2211.5868569650083,945.3025654706328,944.7334489351297,1006.1980347694634,441.63443155039795,4352.03414699213,5422.542350273443,3154.612956293629,1.1382330710061803,2266.222044373305,1199.128540305011,2967.942732648615,2644.68454048286,4159.103641456583,2144.4311057756436,1071.0773198168156,1578.729269485572,4602.44542261349,949.2863812191544,3027.1308523409366,2081.2591703348007,3467.0579342848255,441.06531501489485,67.15575118936464,2205.3265750744745,1448.9706993908676,2141.5855230981283,1138.8021875416835,1706.2113734382642,3788.608776844071,2135.8943577430973,1956.0535325241208,5739.540260548664,566.8400693610778,4918.305099817705,6615.1457744653535,6345.853760892426,5807.674758968301,4994.80871776497,4917.284563414243,4809.888292316707,4647.306064757575,4647.028528534823,4571.583997135213,4563.395398012788,4532.390296296935,4495.250299967214,4452.927086776956,4369.262413282027,4360.077328532409,4355.462592849095,4333.409111238396,4313.066668713773,4304.470228139129,4301.114889631398,4265.606409728657,4259.862668430244,4258.3625881633725,4228.437670678808,4218.919466918183,4186.707578730514,4124.917898859402,4111.490238831104,4078.3892120913765,4071.574746141085,4043.5658418954595,4032.8894104044784,3990.552289579102,3982.6932818346163,3964.6778941485404,3955.6088809799544,3932.9549198156064,3916.7895487802743,3915.112976271607,3903.148767067777,3889.2958413775673,3861.6461205988585,3846.0462256032,3817.3549698297484,3815.3650676705042,3811.8704506541226,3803.4808034758717,3798.366723857616,3786.2445812680667,3760.2824973999263,3757.79658458894,3755.0255396651396,3749.6333246432446,3734.4983171799095,3733.818482812632,3725.825477246205,3722.388405441648,3711.1726009463337,3709.1049453954215,3700.7334481827297,3698.3233315186526,3693.5437136224823,3688.1498974904925,3685.4041151787324,3683.496301029766,3678.8726208355984,3667.831104595828,3664.5532528689714,3637.7871856867114,3629.2830907450275,3624.2365018182627,3618.9572793410075,3616.6931648143477,3599.8833283603913,3598.8599189012957,3595.1035186084387,3579.9172770062432,3572.8905368183873,3553.3498087790686,3552.0989803671864,3539.409534645635,3537.328639588478,3534.7534735105673,3529.5777278567716,3515.1478553155794,3491.982185593935,3491.2050345512594,3487.5192191329656,3467.285858209523,3447.224115708908,3444.9513600180685,3433.724247533073,3427.1332641605645,3424.1392992340648,3421.2314352419476,3404.27491444609,3402.8566035931453,3395.309389316263,3390.514874426761,3384.264410751014,2970.0,2970.0,2970.0,2970.0,2973.0,2973.0,2973.0,2973.0,2975.0,2975.0,2975.0,2975.0,2979.0,2979.0,2979.0,2979.0,2980.0,2980.0,2980.0,2980.0,6
3100.0,3100.0,3100.0,3100.0,3099.0,3099.0,3099.0,3099.0,3096.0,3096.0,3096.0,3094.0,3094.0,3094.0,3094.0,3092.0,3092.0,3088.0,3088.0,3088.0,2141.241890639481,2141.7811104558095,2204.3306091498866,4917.145505097313,4667.486730137333,3401.398601398602,6307.254191591542,5295.138596343416,2018.2997725166401,6362.254612857023,2648.1085179880365,6299.705114162946,6114.213497346028,3971.8931670738903,4540.770073300194,5675.8277866711605,2398.4497430280567,1831.1904962507374,4919.302384362626,3096.200185356812,4662.09453197405,3530.2721375010533,123.48133793916928,3974.050046339203,2706.3442581514873,4793.124947341816,5169.500379138934,2715.5109950290675,3656.449574521864,5043.862161934451,6369.26447046929,507.40584716488337,5674.749347038504,757.6038419411914,5930.339539978095,3408.9476788271973,4349.886258319993,3469.8795180722896,4096.9921644620445,2397.910523211728,5920.633583284186,4914.988625831999,6368.725250652962,375.8362119807903,1826.8767377201114,4291.1112983402145,5859.162524222766,4729.497009015082,1511.433145168085,1514.1292442497263,2839.531552784565,3033.111466846407,3093.5040862751707,5550.189569466678,5737.298845732581,6306.1757519588855,2077.6139523127476,1195.4503327997304,5425.090572078524,1830.651276434409,2146.6340888027635,5738.377285365238,1513.0508046170698,2140.1634510068247,5047.636700648749,3976.7461454208446,3972.971606706547,5426.169011711181,1955.211054006235,1136.6753728199512,1761.6311399443932,6052.7424382846075,4471.749936810178,631.4264049203808,5418.619934282586,6306.714971775214,2024.770410312579,5233.6675372819955,2713.3541157637546,4536.995534585896,3977.2853652371728,3341.0059819698376,131.56963518409302,5739.994944814222,5232.589097649339,4223.708821299183,2710.658016682113,4476.602915157133,1455.3542842699471,1510.8939253517567,3591.2039767461456,1197.0679922487152,313.82593310304156,1701.238520515629,819.6141208189401,5115.578397506109,757.0646221248631,4666.947510321004,2645.951638722723,5099.4018030162615,5532.734189114495,5401.05967501021,5132.580181314695,4826.93106343503,4796.612673538559,4789.202321995722,4739.782974797434,4628.452909169912,4616.987379204577,4611.6708463926425,4589.487234887551,4581.856379893053,4581.707948830437,4516.521120879913,4513.375805476747,4438.801805193108,4339.61862174793,4250.556714907568,4236.22520248563,4232.910824837889,4216.6092824043735,4168.619671289303,4137.627758129067,4033.3474829240236,4027.8823146597074,4027.269265445739,4024.306676627585,4008.452793265869,4003.667992003967,3984.2124846493634,3975.1555584108078,3972.36493175969,3962.3966139518743,3945.0979464958536,3927.9188250199672,3925.0825693978936,3921.1902741367035,3900.68511064692,3894.16219288342,3893.9983614224766,3888.2843960278587,3852.7941300451157,3840.840242384621,3839.3268150903527,3773.4343092163026,3769.089552249935,3753.097906046827,3750.566534247061,3738.1445211067658,3735.3354711377697,3724.463398750293,3718.361862428085,3710.762020926939,3709.1484009394635,3699.6913913640965,3698.591014974945,3686.5467509435434,3668.7284198038033,3663.8323023199882,3653.2487226092735,3648.5625627832083,3642.5825180110173,3639.818897615701,3631.112095348227,3628.0751170057583,3627.6330506937707,3603.985121654607,3598.4614065781416,3593.3521112361973,3555.3944452309106,3550.8816631779787,3550.4620917459906,3545.824660483523,3543.208030279727,3540.7976223677388,3536.9390260798646,3534.0820317508847,3529.7726086619687,3528.4297439875545,3517.570906180814,3512.3685265104036,3510.0094515007086,3501.554164323795,3498.8938026320056,3497.343758615814,3496.921715297193,3486.485282749893,3486.1471181755724,3483.769483819512,3468.0283449781464,3467.8589142709443,3467.284643080909,3455.3852383926915,3454.6633380147673,3454.6060166133198,3445.106362725276,3439.7161963912677,3431.066446763207,3430.882586006199,3425.7311201341718,2971.0,2971.0,2971.0,2971.0,2984.0,2984.0,2984.0,2984.0,2989.0,2989.0,2989.0,2996.0,2996.0,2996.0,3002.0,3002.0,3002.0,3005.0,3005.0,3005.0,6
3107.0,3107.0,3107.0,3107.0,3102.0,3102.0,3100.0,3100.0,3100.0,3097.0,3097.0,3097.0,3097.0,3094.0,3088.0,3088.0,3088.0,3088.0,3088.0,3088.0,4099.040079168728,2206.590796635329,6302.253010061025,2139.8779482104565,5862.285997031172,3282.441035790862,3781.9429325416454,4480.738908131288,946.2246412666995,1892.449282533399,5232.3140359557965,3906.0794985980533,1643.3316839848258,1766.6237836054756,1699.4887019627245,4473.138710209467,634.1942932541644,824.6214745175654,2205.746330199571,882.8896585848588,6298.452911100115,5803.595579745999,1957.8954313046343,693.3069437572158,4354.068942767606,4162.375061850568,6243.140359557973,4729.856506679861,3341.5536862939134,2079.4985980537685,3784.898565066798,760.4420253999668,4285.667161471219,1695.688603001814,4662.299191819231,5104.799604156357,2078.6541316180105,3341.975919511792,5359.828467755236,1516.6617186211445,2020.3859475507172,2142.41134751773,4349.002144153059,2456.9750948375386,2266.547913574138,2078.2318984001317,2266.1256803562587,3336.909120897245,2141.1446478640933,4352.802243113969,5927.309912584528,1764.5126175160808,63.7572158997196,5552.789048325911,5611.057232393204,3599.960415635823,2085.4098631040733,5486.498433118917,2276.2592775853536,385.49892792347015,4918.172521853867,1265.0107207652975,4730.700973115619,4352.38000989609,6243.984825993732,3912.835230084116,4859.482104568695,1070.3612073231072,5297.760184727032,945.3801748309417,6174.316345043707,5042.7313211281535,4221.065479135741,6309.853207982846,5804.440046181758,1887.3824839188517,4977.707405574797,5734.349332013853,128.35889823519707,812.3767111990762,3907.34619825169,3158.726702952333,2148.3226125680353,439.12254659409524,3783.631865413161,2583.64506020122,947.4913409203363,5808.662378360546,3407.422068283028,1696.5330694375718,4981.929737753587,5483.9650338116435,4343.090879102754,4472.716476991588,1762.8236846445652,4853.14860630051,5420.630051129803,2023.7638132937486,3091.1693880917032,5354.33943592281,7688.723270877556,6789.383996962215,6511.390390168013,6145.789033277153,6014.4502723775495,5913.207812833546,5602.797226534407,5583.595527658083,5283.734235515199,5213.028934922174,5147.166150439957,5123.669802817858,5091.599821872891,5084.3729294692075,4897.593559479624,4856.04020240849,4835.693017036453,4827.389738169199,4811.984029884799,4784.218675452774,4735.048382484734,4711.55543866736,4682.590741199064,4681.819281930428,4669.191803654156,4630.446863672211,4600.18548133687,4557.296342795869,4487.672399845513,4471.889567115372,4443.662574496829,4442.686030746463,4433.982997439928,4432.284460864322,4417.353718148244,4356.805065154715,4319.43335880697,4315.315635458308,4303.896132201057,4288.785780207343,4277.615738534744,4267.436428262683,4250.669126833366,4250.187958309904,4246.434019760931,4233.684028032138,4230.153365927303,4229.393997416929,4225.736302506534,4212.870997191364,4205.871729913057,4196.606263170334,4193.6310212918515,4179.207712652912,4177.5390272070645,4165.53769996839,4137.414668229787,4135.830964325253,4130.51296220788,4126.856332469797,4101.596837527154,4101.588994188701,4081.5082755192448,4072.0162072825055,4070.3607037329602,4056.2408536714815,4033.492447775183,4031.962966932331,4027.2569231966327,4027.237892976595,4019.0287890711247,4009.663604330539,3994.2274086774846,3981.0807955844334,3970.1774884295755,3969.4699503125275,3961.8471054989996,3960.562137755379,3955.8523456250587,3953.1661411044174,3949.025919824026,3944.175865018161,3922.9508029816025,3922.3450616060486,3921.3353026776144,3906.1984439046055,3905.012584868167,3903.0220907278213,3893.127986611519,3888.1670454163545,3887.3387879747984,3879.466263645248,3879.1932511229443,3876.9631795826194,3872.9643952446013,3862.9323946321206,3845.673270954142,3843.9395568753307,3833.5480271135393,3831.2858737646275,2991.0,2991.0,2991.0,2991.0,2995.0,2995.0,2995.0,3004.0,3004.0,3004.0,3004.0,3004.0,3004.0,3004.0,3004.0,3005.0,3005.0,3007.0,3007.0,3007.0,6
3100.0,3100.0,3092.0,3092.0,3092.0,3084.0,3084.0,3084.0,3084.0,3083.0,3083.0,3083.0,3083.0,3083.0,3083.0,3083.0,3083.0,3082.0,3079.0,3079.0,627.6727009413468,2965.9666908037652,5485.9261404779145,696.6314265025344,2140.315713251267,127.90731354091237,126.79507603186096,2205.1962346125993,3780.8660391021,4101.190441708906,4351.814627081824,5487.7798696596665,2141.798696596669,4163.846488052136,6299.713251267197,6303.420709630702,4349.219406227371,4099.707458363504,4354.409847936277,1069.2309920347573,6307.498913830557,2713.859522085445,3023.0615496017376,6365.33526430123,3780.4952932657493,2079.1426502534396,3845.746560463432,4157.914554670529,6242.618392469225,4788.923968139029,2963.371469949312,4474.531498913831,3406.783490224475,1511.5307748008688,3652.5879797248367,3598.459087617668,1325.4163649529326,1134.8530050687907,1260.1650977552497,2204.4547429398986,4030.7487328023167,1576.0405503258507,3784.944243301955,2334.5865314989137,5358.760318609703,4097.112237509051,4039.6466328747283,1074.7921795800144,5104.799420709631,1072.1969587255612,2268.2230267921796,1137.8189717595944,6053.908761766836,4038.5343953656766,4599.4728457639385,816.0115858073859,4414.099927588703,2083.9623461259957,1888.208544532947,5735.808834178131,3464.249094858798,5670.928312816799,3658.149167270094,3526.905141202027,6304.162201303403,3343.015206372194,4795.597393193338,3529.5003620564808,2209.2744388124547,4159.39753801593,5297.587255611875,4857.141202027516,634.3461259956553,4416.6951484431565,3214.3664011585806,2455.8204199855177,6369.784214337436,322.17813178855897,5234.931209268646,1955.3135409123822,1138.931209268646,4662.128892107168,1574.9283128167992,3591.4149167270093,67.84648805213612,5799.206372194062,2649.3497465604632,4663.24112961622,3471.664011585807,1705.430847212165,4100.078204199855,3213.254163649529,1451.0992034757421,4662.499637943519,443.78276611151335,5796.981897175959,5672.782041998551,4854.175235336712,5488.150615496017,2202.601013758146,6622.831009608933,6017.362981201749,5971.430827101884,5890.435404140503,5870.687766291299,5767.079560697755,5727.567095682437,5541.374231626066,5454.884421960999,5301.008985521506,5262.139266258128,5252.042961862678,5232.560640331392,5193.894784838712,5170.8834861480855,5163.575586488377,5124.866226733847,5116.428334558423,5114.682718179707,5089.662947866577,5022.395377532457,4964.57836889333,4909.575872983846,4882.404413716983,4866.310606827331,4862.724054321769,4846.38015771313,4806.306994640833,4783.441165622712,4768.216873287395,4767.267034083535,4748.846585862664,4742.181739295344,4737.911096272557,4724.978585152497,4717.49714710273,4690.539680824255,4684.614654091779,4671.444235067072,4638.133831211152,4605.337656156995,4601.345509150021,4570.385725475406,4566.681596463852,4556.64376586896,4534.110425001892,4533.838000373444,4532.330158461433,4503.523723573039,4503.0581333878845,4492.143647901961,4484.974885454154,4474.365051025622,4462.570665151369,4442.974086515278,4424.657917441225,4409.485218266528,4406.310091007214,4405.575899428957,4405.259501442017,4397.919553530304,4358.015850295282,4354.5733776069155,4354.224764008598,4344.343612333808,4297.828249167468,4297.631760576786,4297.287868425875,4296.325466649291,4292.651094571512,4277.32362485003,4249.923481907661,4247.1212987969075,4244.891320973102,4226.694427080422,4223.9900561577015,4215.812908904352,4206.653192932507,4192.6607379323195,4191.231341400076,4191.079542081063,4184.218092031473,4178.536497182133,4163.725044575111,4159.814670511456,4157.278914776259,4150.278859671513,4147.253889028431,4139.043634106246,4130.47827347807,4118.829581202673,4105.176617889183,4104.455342866379,4103.8842661846675,4102.595628681468,4099.806745955613,4092.680781314951,4072.4400725182863,4071.871989202248,4056.777154812694,2973.0,2973.0,2973.0,2973.0,2983.0,2988.0,2988.0,2988.0,2988.0,2991.0,2991.0,2991.0,2993.0,2993.0,2993.0,2993.0,2994.0,2994.0,2994.0,2994.0,6
3109.0,3109.0,3092.0,3092.0,3092.0,3089.0,3088.0,3088.0,3088.0,3078.0,3077.0,3077.0,3076.0,3076.0,3074.0,3074.0,3074.0,3074.0,3072.0,3072.0,1511.0969590829484,4346.8237541792705,3721.190893169877,5860.977551345327,880.8788409488934,2208.0560420315232,2963.604521572998,5929.756408215252,1196.7521095366978,4350.89953829008,3847.0307275911473,6300.143289285145,5166.056360452157,2705.811176564241,4347.333227193121,2331.3485113835372,571.1192485273045,6298.614870243591,3273.3641139945867,2140.296131189301,6301.6717083266985,2523.4198376054765,4280.592262378602,372.93424613914976,1069.8933290877249,5291.386721859576,4287.72488457252,757.0768985830281,4094.125139309027,2018.0226078649894,2141.3150772170034,2961.5666295175924,4860.372552141378,1261.4551822958126,4792.612641299155,2898.3919758000316,6111.128801146314,2712.434325744308,822.7989173698455,5669.415698137239,571.6287215411558,1768.3808310778536,6118.770896354083,5990.383696863556,2966.6613596561056,4162.3945231651005,5296.99092501194,5482.948575067664,4349.880592262378,0.5094730138512975,1449.4507244069414,4292.310141697181,2962.585575545295,1891.1638274160164,691.3548797962108,631.7465371756089,4095.1440853367294,2522.400891577774,4288.2343575863715,3657.5067664384646,6304.728546409807,6242.063365706097,569.0813564718993,1386.2760706893805,504.37828371278454,5300.047763095048,5928.227989173698,4978.060818341028,2210.0939340869286,5488.043305206177,1328.705620124184,2199.395000796051,2202.451838879159,501.32144562967676,5367.298200923419,759.6242636522846,1318.516159847158,3534.7237701003023,4294.348033752587,692.3738258239133,3843.4644164941883,2897.8825027861803,3915.8095844610725,4412.036299952237,3529.119566947938,4289.762776627925,5798.312370641617,5429.453908613277,3525.0437828371273,5227.193122114312,4162.903996178952,1198.2805285782517,4103.29565355835,693.3927718516159,3342.652443878363,1826.4607546569016,6314.918006686833,3277.439898105397,4093.6156662951753,946.0913867218595,5915.917835813775,4722.1039139555005,4696.154037370856,4543.50035373011,4504.202403013014,4481.17326673812,4436.01405960903,4399.384885194216,4385.953018508703,4311.00939873698,4272.614290384155,4272.422736677449,4262.6905939062535,4253.3004128212515,4198.73561475654,4145.653433009022,4077.6826615191703,4027.6166606977004,4011.9574925435627,4004.2322501678404,3989.2511383557267,3988.3282059650014,3979.1632780849745,3941.7510044759606,3925.3797587747513,3903.05612145896,3897.9492439775427,3881.8724096005562,3865.893860407718,3850.226634697736,3841.582775077586,3835.2530229100976,3823.6897222147686,3799.955094317045,3786.2601656014986,3773.221241735325,3758.533440913717,3750.3231791719436,3743.29507514871,3741.7811594970653,3735.53080927002,3708.207225648278,3699.485071274973,3667.5266826517723,3655.3165214042747,3645.8074973734633,3625.4917282944994,3615.127344184458,3614.0576204386007,3605.5562026962816,3599.4797391643983,3572.7493844154087,3571.0177607108335,3561.719299201075,3556.988829492591,3553.944512018372,3547.9232179312885,3538.912007049885,3536.7335790359225,3534.8903860209703,3527.7699680067926,3524.04872189689,3514.5056888214494,3511.794311733293,3495.257099675195,3489.5758976531124,3486.7713045835853,3463.9863410268586,3463.6754956283953,3462.5961091209188,3457.5801317711225,3450.4523391409743,3432.216085418684,3416.7480814493206,3412.8731226610716,3412.1980984608117,3404.95015668253,3403.6271413819436,3372.3207096889014,3371.5680189991253,3354.781092624152,3339.3793232314547,3332.7211073537437,3311.8632353908974,3295.022857293415,3289.439078384515,3285.4492181389505,3276.2544294062313,3270.0117374667702,3260.5681608775335,3259.9695136342243,3254.616425818419,3250.508955951798,3245.111587722895,3242.724801325925,3241.9432064807525,3241.3927462598076,3240.15714666066,3233.1207537212576,3224.6253140358926,2980.0,2988.0,2988.0,2988.0,2993.0,2993.0,2999.0,2999.0,2999.0,2999.0,2999.0,2999.0,2999.0,3001.0,3001.0,3004.0,3004.0,3004.0,3004.0,3004.0,6
3096.0,3096.0,3096.0,3090.0,3090.0,3090.0,3090.0,3089.0,3089.0,3089.0,3089.0,3081.0,3081.0,3078.0,3078.0,3077.0,3068.0,3068.0,3068.0,3068.0,4097.002100439182,1.8331105594806185,4096.391063586022,2141.6841703265227,4411.075042963528,5363.070460187129,5485.888867672331,4476.455986251671,2837.6551460759974,6299.178919228565,820.6224937941569,693.526828336834,5041.665075424861,6308.344472025969,4351.193431353829,6055.375214817644,817.5673095283558,4290.700782890968,2204.6209662020237,6301.623066641207,880.5041054038571,879.8930685506969,4228.986060721787,2707.5042963528736,1580.1413022722932,5807.2942524346,5546.992552988351,1511.0941378651899,630.5900324613327,1198.8543059003246,3650.945197632232,190.64349818598433,4349.971357647508,2964.13977468016,2522.360129845331,944.6629749856787,2844.98758831392,4981.172426962001,2076.3032270383806,1766.5075424861561,5421.729998090509,2775.3293870536563,2334.7718159251476,1448.1573419896886,4344.472025969066,3396.7538667175863,3154.1722360129843,4348.749283941187,3840.977658965056,3910.6358602253194,4417.796448348291,5298.300553752148,6176.971548596524,5043.498185984342,1829.4443383616572,2708.115333206034,2460.0343708229902,5237.196868436127,2082.4135955699826,1767.7296161924764,4346.916173381706,62.32575902234103,2648.2337215963335,3033.1869390872635,6370.05919419515,1709.0700782890967,2519.30494557953,2647.6226847431735,1010.0439182738209,631.201069314493,4409.852969257208,3523.849532174909,1637.5787664693526,2142.2952071796826,2202.176818789383,3340.5384762268473,5677.143402711476,5103.3797975940415,1013.710139392782,5988.77219782318,6308.9555088791285,1387.6646935268282,3341.149513080007,634.256253580294,946.4960855451594,1132.8623257590223,569.4863471453122,317.128126790147,383.73114378460946,4346.305136528546,4218.598434218064,3408.9746037807904,2272.446056902807,5176.704219973267,3087.569219018522,2464.3116287951116,5491.999236203933,5864.120679778499,2138.6289860607217,5232.919610464006,6828.558521799601,5907.8751590401835,5414.567594914597,4826.245368234868,4810.439234599344,4728.003974594976,4634.996103685318,4628.81253644086,4561.131965857942,4369.644772838713,4344.141916841461,4310.840490744753,4270.990109902029,4263.839441374356,4233.214880999185,4176.659698034111,4142.93147649164,4011.573897535276,3992.4281542595677,3956.725354505211,3954.13924659529,3935.8536428334555,3879.5490637633948,3848.0583965179285,3818.051438360721,3808.8732089797663,3790.531998074235,3783.6654527832734,3779.6658332180646,3776.7091075796834,3762.695215493534,3750.216920549181,3718.1257204402855,3682.64298386187,3635.7550569601704,3631.9034710958686,3614.2907269555885,3605.6945331235725,3597.0427167153352,3592.6870582916604,3588.4609784006525,3538.9148735026565,3533.652390810639,3505.7487714960566,3499.6620282143604,3480.240280036553,3469.7755285347607,3459.5077469472576,3453.139094005855,3443.1241862475913,3442.9773349314605,3440.478635058401,3423.7879365169747,3420.66639051259,3419.175186374496,3408.101938368832,3405.6242753417882,3393.5301207740117,3390.838863550348,3376.06907334159,3349.856545873624,3349.068763976968,3344.3935216035225,3336.603809701757,3329.6942642062145,3328.6935312437786,3328.2557427869256,3326.8428949906565,3324.2800346288222,3306.0658648675426,3303.0372066552864,3302.5691321685867,3287.4054905331036,3287.3958584340053,3275.049085359214,3269.515358882617,3266.3976569280744,3264.0568043867816,3263.368661721752,3256.4957665958436,3255.0280546913327,3231.005741635655,3220.623019031529,3218.3564921330576,3215.513359592571,3213.464451438454,3209.329804650563,3199.1467693703785,3191.597108832007,3184.248952738163,3178.726458122041,3175.296753228406,3172.6748189085793,3170.4019989970543,3166.6817657418687,3152.47481699355,3144.340821919951,3139.13155332143,3138.649026354828,3130.379117040068,2974.0,2974.0,2975.0,2975.0,2975.0,2975.0,2978.0,2978.0,2978.0,2978.0,2986.0,2986.0,2986.0,2986.0,2987.0,2987.0,2987.0,2987.0,2992.0,2992.0,7
3111.0,3111.0,3111.0,3111.0,3104.0,3104.0,3104.0,3104.0,3088.0,3088.0,3088.0,3088.0,3084.0,3084.0,3084.0,3084.0,3081.0,3071.0,3071.0,3071.0,2204.225641025641,4098.625641025641,2206.851282051282,6298.912820512821,254.6871794871795,5103.589743589743,2139.2410256410258,3026.7076923076925,5169.2307692307695,1827.446153846154,1514.9948717948719,2019.1179487179488,1325.948717948718,5864.369230769231,5362.215384615384,1323.323076923077,886.8102564102564,567.7948717948718,1386.3384615384616,3398.892307692308,4101.251282051282,4607.343589743589,441.7641025641026,3914.174358974359,2456.9435897435897,1951.5076923076922,2140.5538461538463,1639.0564102564103,1009.5589743589744,3400.8615384615387,6306.133333333333,1262.9333333333334,4349.374358974359,693.8256410256411,2013.2102564102563,2525.866666666667,880.9025641025642,4225.969230769231,3154.051282051282,1010.2153846153847,4287.671794871795,2965.005128205128,563.8564102564103,4345.4358974358975,2521.9282051282053,6052.758974358974,3847.220512820513,2958.4410256410256,2208.1641025641024,4099.282051282052,2202.9128205128204,1453.2923076923078,3595.1589743589743,3523.6102564102566,1634.4615384615386,4855.466666666666,3780.923076923077,2015.179487179487,4479.343589743589,4411.076923076923,4344.779487179487,3150.769230769231,3975.220512820513,382.6871794871795,3905.641025641026,1067.323076923077,5865.025641025641,6370.461538461538,4663.794871794872,5354.338461538461,569.1076923076923,1071.9179487179488,3222.3179487179486,5865.682051282051,2399.8358974358976,508.0615384615385,4541.046153846154,4158.358974358975,814.6051282051282,3589.251282051282,3845.251282051282,1835.323076923077,2266.5846153846155,823.7948717948718,1075.8564102564103,3912.2051282051284,246.15384615384616,2271.1794871794873,3157.3333333333335,1633.148717948718,1130.9948717948719,62.35897435897436,2331.5692307692307,4669.702564102564,2079.507692307692,5292.635897435897,2141.866666666667,5679.917948717949,3.9384615384615387,6372.430769230769,4433.695670796287,4155.554611734791,4044.1703958552507,3929.959542395995,3916.480268934173,3875.6038872866734,3851.3956119513296,3844.2259932535667,3841.8671673136655,3825.3752100210368,3797.276879762148,3719.0985837252542,3714.1294576826044,3690.592212756322,3642.1611522298117,3608.338495875623,3597.5744302089442,3574.1328427486246,3571.632995707145,3546.7948482470547,3535.171164008246,3523.6237123197816,3520.6718295307774,3498.7457469400365,3456.722725796732,3441.763100845567,3438.1793577068697,3437.7571878158437,3434.6743785834115,3431.7192917469483,3383.7644196055485,3371.9458358692455,3352.770582882713,3329.712908704732,3323.112640681549,3320.920568105635,3316.3837229493065,3294.6631424759826,3289.397745757715,3286.6259434780022,3280.1276462659566,3274.8278991277484,3268.4401807814866,3263.5371546657143,3231.2112434874466,3226.513297319025,3223.987231006451,3219.427679641234,3217.0698939964304,3209.704560323255,3195.2949884181517,3183.764345483856,3181.11356483476,3170.2010971897193,3169.635079520547,3163.5761366199986,3149.3898256402476,3140.9092541150185,3131.189872683967,3108.6956499198545,3100.994532535549,3096.684525598581,3095.781695903266,3084.6372450497815,3084.6369115341877,3081.5343343883574,3080.5379870586594,3072.982282971509,3069.788644453759,3060.654864853392,3058.9828128997633,3045.832825221469,3045.6656897418843,3029.488391130676,3026.5187951497373,3025.687510317454,3012.0933810433917,3007.9590118056776,3005.920756315174,2993.1626522166125,2992.434353312874,2991.0190735159567,2990.972551384659,2990.1026302712744,2988.494342148821,2984.7323814472065,2978.9750469865235,2978.797893224176,2956.398310777308,2949.3937628967606,2944.3148427370843,2943.987560310797,2942.186878644107,2938.3846308498755,2935.6552802607994,2927.6835330923577,2922.5341660932227,2904.5892324349647,2903.1722437877374,2895.8410927600125,2992.0,2992.0,2992.0,2992.0,2992.0,2992.0,2992.0,2992.0,2993.0,2993.0,2993.0,2993.0,2994.0,2994.0,2994.0,2994.0,3002.0,3002.0,3002.0,3002.0,7
3106.0,3106.0,3083.0,3083.0,3083.0,3083.0,3083.0,3083.0,3083.0,3083.0,3082.0,3082.0,3082.0,3082.0,3078.0,3078.0,3078.0,3078.0,3077.0,3077.0,5924.783027965284,4099.427080378921,2144.8295422315505,630.597311248511,1326.904532304725,1138.8507572749447,2837.506381530433,2455.5902206591413,2200.0113449429914,4350.649497986273,2142.651313177151,1698.6556242554882,6049.305122241761,1196.573827216518,6305.97311248511,1509.5127346985082,6053.298542174825,4796.823415962334,318.7475182937206,5233.195303193601,2141.925236825685,2962.754552158375,4346.293039877474,4348.10823075614,565.6134777922741,4103.057462136253,2207.272108457655,6051.8463894718925,2335.0615463157296,3469.9188836576095,5231.743150490669,3654.7053151057917,4161.143570253559,6119.008451982529,4225.038289182597,1953.145385444438,3404.208973849906,3907.379885416076,2145.91865675875,3969.8224516421806,1952.782347268705,691.2246865959498,2398.593227069034,4408.372567927846,4924.612853820409,4036.25843780135,1069.5104657099098,2143.7404277043506,5925.872142492484,4101.968347609053,2140.8361222984854,6369.867831414147,318.0214419422542,6303.431845254978,1828.986329343695,2461.035793295139,4344.840887174541,4095.4336604458563,2206.1829939304553,5482.2394917465535,3841.6699756083726,1198.7520562709171,3976.3571388053774,1642.7477451925804,3467.0145782517443,5420.523001871916,4977.616427477452,2140.4730841227524,6370.593907765613,5925.50910431675,1320.3698451415282,3.2673435815985026,1578.48998808781,564.8874014408077,1639.1173634352488,566.3395541437404,4286.391740881502,2019.5813716036077,2147.0077712859493,6298.712348970446,5168.2114697373645,1448.5223211753362,1513.1431164558398,697.3963355834137,3912.099381700607,5489.863293436951,5864.155652617846,2968.926201145839,4476.260706789948,6177.094560099836,4797.912530489534,5612.570196834761,5989.040785070055,3975.9941006296444,1383.9015258948323,4155.697997617562,6299.438425321912,5733.098871178172,6300.164501673379,126.3372851551421,6661.955370996902,6284.908557039367,5882.8308950707815,5715.930007137385,5643.42930328117,5459.6071574779935,5367.282654994848,5338.247822809781,5290.49753219873,5271.353383207758,5257.783805730905,5202.111512566443,5107.055427200625,5079.230367768505,5072.549377541445,5046.948543068508,5024.459343628028,4983.123510264429,4962.837902889969,4962.655215616439,4960.819614708059,4885.003059774528,4870.902697966428,4851.37372622379,4846.34283483871,4837.829309529288,4837.079229414495,4831.779514048886,4831.350731063534,4817.829830768967,4798.688775310176,4792.248528517065,4780.569801822347,4780.484802089073,4773.959191496684,4767.697196693091,4710.79156091149,4705.342517578743,4675.937563190952,4674.071526918474,4648.58270148508,4646.5139488109535,4614.078050526525,4610.826980733398,4609.728969304889,4599.966008627523,4597.892317368032,4589.249935467063,4584.611763692792,4583.720301291658,4577.487031814517,4534.9952220767855,4529.852541019427,4473.22421132357,4465.84788898913,4442.506118054735,4438.835814918787,4429.63655587383,4424.381618878294,4410.226292096733,4389.945861819562,4370.292623624202,4355.632516320786,4343.563757062883,4292.303038425532,4291.622523360053,4291.369919996791,4288.694765749383,4285.573521973852,4280.097250384393,4274.135941183744,4272.507087305238,4269.9253720656725,4267.0527480702785,4263.029853508725,4255.4513486009355,4239.46333331018,4233.019066411424,4230.741895239586,4226.7927980258155,4219.23891630365,4217.98975400062,4209.450912846941,4196.663118366674,4196.193797107682,4192.912115325096,4192.734342884238,4191.107710011629,4188.941672731356,4188.150052907308,4183.167557650328,4179.301839331127,4171.79765426586,4170.7072095761505,4168.978232483358,4161.369241106517,4150.088996622196,4145.244369319583,4138.8706701598885,4133.511010613795,2963.0,2963.0,2963.0,2963.0,2973.0,2973.0,2973.0,2973.0,2976.0,2976.0,2981.0,2981.0,2981.0,2981.0,2990.0,2993.0,2993.0,2993.0,2993.0,2994.0,7
3100.0,3100.0,3100.0,3100.0,3095.0,3095.0,3095.0,3093.0,3079.0,3079.0,3079.0,3079.0,3077.0,3076.0,3076.0,3076.0,3071.0,3071.0,3071.0,3068.0,1510.8481893037012,2206.1555679910466,4097.146054840515,4165.193060996083,4227.100487648893,1008.9375649532336,6299.208569829722,6299.720201454952,693.7724838116557,696.3306419378048,4790.91853865217,2144.2481413382366,6308.41793908386,1706.8031017667279,126.37301143176913,4346.310656327444,4162.123271244704,251.21112798784876,4544.82372691662,2586.2978655368133,6309.952833959549,3655.6079622671677,1067.7752018546646,4345.799024702214,698.3771684387241,6308.92957070909,1.023263250459669,3595.747062115277,4922.407866336238,6241.905827803981,3467.8391558078183,2521.3206491326246,3465.2809976816693,877.959868894396,2145.271404588696,190.32696458549844,3216.11639619474,2457.366695978895,4667.61531697178,4101.750739467583,1952.3862818770485,1012.0073547046127,1014.053881205532,2204.620673115357,3220.7210808218083,943.4487169238148,4158.541849868095,2524.3904388840037,5610.040770645135,5805.995683108162,2017.3634982812375,5233.9915261012075,3088.720121512511,951.6348229274922,2586.8094971620435,2017.8751299064672,631.8650571588456,1387.5449676233113,379.11903429530736,4347.845551203134,5738.4603085778235,756.7031737149252,2014.8053401550883,3714.4455991685986,3593.188903989128,3281.0936125989288,2394.4360060756258,2078.247661683588,187.76880645934926,5418.690542809178,6176.416979774563,2587.832760412503,1068.7984651051243,5800.367735230634,2337.6448956751137,2579.135022783596,2212.2951474938045,3411.0480454073067,1510.3365576784715,1825.5016388200495,3409.0015189063874,6301.766727955872,4036.7735230633944,5614.133823646974,2205.1323047405867,3408.4898872811577,63.44232152849948,4474.218562634903,4159.053481493324,6046.462546966184,3210.488448317212,1512.3830841793908,4919.8497082100885,5493.900391717963,6055.160284595092,2644.6238708130145,2140.155088336398,4357.5665520825005,4354.496762331121,4103.285634343273,5435.036470124886,5360.804727438101,5219.202055353141,5161.5764049249,5159.842306824716,5158.969720943027,4813.4154754625315,4659.41988083819,4579.328552351553,4510.1325869793345,4457.246150571973,4393.195284925416,4351.7046214944885,4222.660125661575,4193.6441782012225,4118.090573904432,4108.809972755501,4108.787925196025,4097.672074159215,4069.7327419680937,3952.4135868800217,3929.4368666100536,3897.0383999775513,3896.6611676668317,3875.132165254842,3863.751447143568,3862.529623806466,3861.762813679748,3856.1343048767285,3849.5879609805097,3831.5569310482124,3823.4262365659215,3817.807874789427,3788.3611982497823,3778.5289676568295,3767.0000145998406,3760.583674746141,3736.1486343139654,3717.630777775647,3712.4715237611767,3701.2952299128683,3680.4933078216386,3669.9459470099887,3663.565059800322,3630.3069191776967,3603.017584156759,3579.581900222924,3567.9793649915105,3541.7544377614963,3518.149694493501,3490.616315265149,3456.633438696998,3446.982805755172,3429.7660601936295,3428.392735011486,3423.0516493630394,3402.2227213978003,3398.3018943228262,3388.724586005354,3385.5910896009905,3375.5467232269384,3373.6628956747018,3367.7469377550788,3358.427477835704,3354.5503539429083,3341.837311064541,3338.2656269786153,3338.2128632385084,3323.7425786180415,3323.1056735108177,3304.6658220512286,3302.7138877857406,3288.5875132083083,3273.1873400515856,3266.3940645453627,3255.0261343335114,3236.9315013395603,3232.5845972277307,3230.042266602931,3229.8017812504922,3229.654153406075,3224.111124709393,3223.449853576753,3220.373521307598,3215.74382308902,3204.999743358162,3203.666007484663,3203.392293492757,3201.465216724701,3200.7085560827973,3185.5111318033246,3183.0953131140477,3179.796177418133,3166.6778329752447,3164.5446361576765,3161.605625191294,3161.553429968848,3157.9581860353537,3156.073152701835,3147.1221551786966,2979.0,2979.0,2979.0,2983.0,2983.0,2990.0,2990.0,2993.0,2993.0,2994.0,2994.0,2994.0,2994.0,2999.0,2999.0,2999.0,2999.0,3000.0,3000.0,3000.0,7
3095.0,3095.0,3084.0,3084.0,3084.0,3084.0,3083.0,3083.0,3083.0,3082.0,3082.0,3082.0,3082.0,3081.0,3081.0,3081.0,3081.0,3081.0,3081.0,3081.0,4347.403504999462,2140.673045909042,2203.9780668745298,3848.532415869261,509.1925599397914,6240.361251478335,5740.802064294162,380.5182238468982,1069.3043758735619,5482.765294054402,948.1991183743683,2144.8016342328783,5484.82958821632,2328.523814643587,253.908181915923,4852.467476615418,5930.029029136652,1707.1712719062466,3723.2985700462314,1259.9075368239974,444.51134286635846,2649.1775077948605,2143.4254381249325,187.16267068057198,3214.10601010644,2085.625201591227,3534.0716052037415,950.2634125362864,6177.056230512848,2774.4113536178907,5361.6600365552085,6305.730566605741,4101.752499731211,882.8298032469627,2707.6658423825393,2711.7944307063754,1828.2765294054402,1134.6736910009677,2834.9639823674875,5553.63939361359,4477.454037200301,1449.1345016664875,1200.0430061283732,6308.482958821632,4288.227072357811,6119.255993979142,626.8573271691216,629.6097193850123,4604.064079131276,1387.893774862918,4354.2844855391895,4353.596387485217,3340.0279539834423,2526.6960541877215,500.9353832921191,2266.5949897860446,3846.468121707343,4161.617030426835,3973.0781636383185,3212.7298139984946,2769.5946672400814,4476.077841092356,1703.0426835824105,1197.2906139124825,1194.5382216965918,3975.1424578002366,2269.3473820019353,4731.362219116224,4795.355338135684,1133.985592946995,4346.027308891516,3972.3900655843454,5488.958176540157,4601.3116869153855,1824.1479410816041,1072.0567680894528,6050.446188581873,6179.808622728739,3590.495645629502,759.6602515858509,3532.695409095796,1642.4900548328137,3906.332652402967,5425.653155574669,2395.2693258789377,5232.985700462315,2776.4756477798087,3657.929254918826,4853.15557466939,4542.823352327707,3467.3260939683905,2403.52650252661,2831.5234920976236,5799.978496935813,2145.489732286851,5739.425868186217,4478.8302333082465,2264.5306956241266,2647.801311686915,2017.5034942479303,5409.5057289209535,5154.414291134415,5011.537083509159,4332.997520391861,4325.175163352078,3911.476960139156,3908.739734487135,3825.3031200495666,3779.0580869878604,3746.7799386787415,3711.439415746432,3683.3319938867644,3626.8766607399793,3615.834512248124,3575.624304536157,3551.804493063927,3535.9803626528883,3534.382266860792,3516.0534515523004,3510.385915170483,3480.9827606518293,3468.2962286028032,3458.14296324592,3457.711592862394,3435.777239076321,3398.8757664514155,3373.1191084114544,3362.1851327938343,3352.401642283361,3349.5906586725328,3348.5952054731774,3340.4345770976392,3318.5656016696403,3311.255841082654,3301.333951082957,3276.016092450083,3233.653048579548,3230.40703816198,3229.0315047042573,3193.7404944295986,3180.052380347763,3170.310210052384,3167.5189186155144,3165.9316016673133,3158.313968186649,3144.576150226477,3128.232453117394,3120.6416671779207,3120.173528182261,3108.027031044811,3093.047303308135,3082.2670089709236,3070.0714753149286,3063.977314312255,3059.8445017616473,3059.4033637705397,3058.0669164496176,3057.3529467721587,3030.9201266559508,3021.9984285285077,3020.841081992311,3019.2558869548348,3016.0216021091564,3015.392328867435,3002.3043133107376,2997.5924046992786,2990.4862731352623,2980.7913437795946,2977.8251891551026,2966.527972920217,2960.364015020046,2957.8446074805656,2952.8524878760227,2951.5263735964168,2945.939952361722,2944.5209003086916,2936.6412958021897,2931.7432544161466,2925.7275283225285,2925.434443102588,2921.6220650367236,2898.1354265469085,2896.0380754918156,2893.214310600585,2882.471202678486,2882.2148121230944,2877.779905482458,2876.7820663098223,2875.09442382696,2872.5753448637292,2868.0412510846677,2862.6244539707004,2835.9524132995793,2830.256879926567,2819.070344575634,2816.6049699272817,2815.697669698925,2815.350257725313,2809.9452221229462,2793.3698340463575,2985.0,2985.0,2985.0,2987.0,2987.0,2987.0,2987.0,2996.0,2996.0,3002.0,3002.0,3002.0,3002.0,3004.0,3004.0,3004.0,3004.0,3005.0,3005.0,3005.0,7
3090.0,3090.0,3090.0,3084.0,3084.0,3084.0,3083.0,3083.0,3083.0,3083.0,3082.0,3082.0,3082.0,3080.0,3080.0,3080.0,3079.0,3079.0,3078.0,3078.0,0.3211722788176845,2143.824961108044,4346.424449239725,2146.073167059768,6371.415667185225,4727.655944196316,6304.933005469965,193.98805640588145,3408.6013950920856,2207.095900035128,4100.727655944196,4348.993827470266,4093.9830380890244,6118.974256034525,633.0305615496561,2142.861444271591,5169.267827570632,2526.3411451799066,5680.252923169568,1700.6072163396395,1382.646660310132,0.9635168364530535,3148.7730215285787,4287.649922216088,2138.3650323681436,6305.254177748782,5546.002910623776,1956.581522557334,1133.095799668791,1197.330255432328,373.5233602649671,437.757816028504,4477.462738997339,2143.1826165504085,939.4289155417272,6245.837306167511,691.8050885732924,4167.210317659456,4344.818587845636,4344.497415566819,6241.019721985245,319.2452451447784,61.02273297536006,443.2177447684046,3024.158177347317,3031.545139760124,2140.9344105986847,1517.2178451347415,5616.018467406031,2393.0546494705673,5234.144627891805,185.95874943543933,5359.722988909519,1321.9450996135895,376.09273849550857,4101.370000501831,1446.8811160736686,1069.1825161840718,1573.4229939278364,1763.235810709088,4164.640939428915,629.8188387614794,4731.510011542128,1319.6968936618657,1773.1921513524362,5615.376122848396,6305.896522306418,2456.0044161188334,1763.8781552667233,816.0987604757363,3342.118733376825,6363.7075324936,3405.389672303909,6117.6895669192545,1443.9905655643095,2707.803482711898,820.2740001003663,1385.537210819491,4158.859838410197,3909.308977768856,1510.4732272795702,2399.1569227681034,5106.960405480001,882.2602499121793,3973.222261253575,4789.642194008129,3405.7108445827266,2269.4033221257587,1317.7698599889595,185.31640487780396,3335.3741155216535,1455.5527676017462,3594.560144527525,4730.546494705675,4794.459778190394,4412.585938676168,5612.806744617855,1707.6730064736284,4539.127816530335,2207.4170723139455,8487.533633016232,6820.198253700008,6744.400459874938,6288.678656769336,5987.9498629802765,5957.565166557036,5930.490516343484,5883.480780969166,5800.919035690816,5791.80341484791,5749.93537125806,5748.919507912445,5716.061158639589,5685.047388643833,5617.91889251415,5610.0074478669385,5605.041316621711,5563.474739963182,5530.529779053879,5516.640685542755,5516.148089013572,5515.994780149132,5481.193508905695,5463.165539415932,5392.429507513766,5338.374318027362,5308.9831686408015,5291.129334644185,5285.05677569489,5201.4389466191105,5198.854262211377,5197.71490380551,5191.922316693827,5151.708564207136,5145.24180370733,5145.2361095063725,5136.1482594985955,5131.072099049768,5119.391180566026,5116.794173323958,5079.179205497378,5056.848239665562,5025.111494150271,5020.478777309511,4988.382525722078,4983.088285929487,4933.993511949228,4904.284592279759,4902.122079538964,4895.122247505852,4893.61201795551,4890.219679574511,4880.237578980857,4865.965877521771,4857.300430551433,4847.246711742224,4846.776814957264,4838.5494404154615,4825.794394044474,4774.266195116,4768.37750478166,4768.30105106076,4737.380496945461,4734.349897599625,4734.277210373205,4720.633498913972,4718.13323919043,4697.674199824418,4644.87640260483,4643.115424756079,4608.260117515476,4605.316507297332,4600.296351866766,4595.309206491072,4581.916863216701,4580.442887403704,4578.279991312969,4574.107063496168,4552.868429139969,4548.697579729553,4543.872131735877,4539.001687824555,4536.797666658594,4528.743376786422,4500.748777907607,4500.4329736278605,4482.854060289657,4482.569036045304,4472.370060115301,4470.314431792879,4463.183277474656,4458.058948219882,4455.987790350105,4449.917907384278,4447.512341778754,4443.970602247082,4439.547979520037,4427.037565305102,4412.873773662364,4409.613062222907,2980.0,2980.0,2980.0,2982.0,2982.0,2982.0,2982.0,2989.0,2989.0,2989.0,2989.0,2991.0,2991.0,2991.0,2991.0,2991.0,2991.0,2991.0,2991.0,2992.0,8
3102.0,3102.0,3102.0,3102.0,3081.0,3081.0,3081.0,3081.0,3081.0,3076.0,3076.0,3076.0,3076.0,3070.0,3070.0,3070.0,3070.0,3066.0,3066.0,3066.0,4222.2536634663975,3781.1419909044976,3276.644770085902,2206.205154118242,5298.514401212734,5484.790298130369,4101.303688731683,6297.806973218798,2140.879231935321,4666.599292572007,3973.2390096008085,4094.188984335523,6235.715007579586,1198.5042950985346,4541.121778676099,374.4921677614957,4660.77817079333,4344.497220818595,3528.8933804952,316.9277412834765,1704.2950985346135,2136.99848408287,5680.768064679131,2456.513390601314,4035.9777665487622,4665.952501263265,5295.280444669025,5548.175846387065,4347.084386053562,3024.3961596766044,2082.021222839818,3340.030318342597,3845.821121778676,1390.601313794846,5420.757958564932,2396.3617988883275,1008.3476503284487,2014.7549267306722,5806.245578575038,1384.133400707428,3089.0752905507834,5486.083880747853,3720.343607882769,1510.9044972208187,2959.7170288024254,499.96968165740276,5986.053562405255,2271.531076301162,192.09701869631127,5422.698332491157,6244.770085901971,1074.967155128853,5553.350176856999,4917.55432036382,127.4178878221324,2716.523496715513,1197.8575037897929,1322.688226376958,3281.1723092470947,6306.862051541183,2776.0282971197576,3282.465891864578,2150.5811015664476,1076.2607377463366,5.1743304699343105,3472.622536634664,1826.5386558868115,503.8504295098535,6313.3299646286005,1265.1237998989388,4416.937847397676,2458.453764527539,3909.2066700353716,2521.192521475493,697.2410308236483,4349.671551288529,5237.069226882264,3779.201616978272,3720.990399191511,3906.6195048004042,6240.242546740778,6370.247599797878,2961.0106114199093,322.1020717534108,5422.051541182415,2273.471450227388,632.5618999494694,2453.279434057605,5233.188479029814,1887.9838302172816,1515.4320363820111,4600.626579080344,4539.181404749874,5545.588681152097,6368.307225871653,3660.192016169783,184.9823143001516,3907.913087417888,5930.429509853461,3407.2966144517436,4917.496915885075,4677.871485164847,4642.630945286681,4383.079437131444,4365.1961115649065,4263.372517975054,4245.82900211429,4198.494617224163,4197.561946749717,4154.93144861188,4073.2055429474685,4054.4845926508374,4053.090594615966,4045.0934021213984,4040.4742699255135,3972.9626284234346,3971.3989768455317,3911.3337910459804,3837.9872900750206,3825.9368925862323,3780.2065502867363,3758.172509271122,3752.0081184610262,3640.945411899506,3607.6814055559416,3578.043444248438,3566.6200752786103,3557.3777867993235,3545.2137730944955,3534.8386245547404,3481.7409418962416,3481.060464214788,3474.4265114078166,3444.9885933874402,3441.9905931128365,3425.791652953355,3425.5930320042903,3424.382737190447,3415.1674961057456,3409.2179377700227,3406.114568635938,3403.1387145114118,3401.98706233047,3396.4394879508036,3364.923920354622,3363.3953791877607,3363.152811205416,3354.4811614518235,3343.103954152028,3331.7710124853274,3328.130968181392,3324.22699758285,3312.9237510461244,3312.3424788704046,3310.787777853618,3291.0363562339603,3288.9125494646173,3276.2017334524335,3266.2030786552054,3259.2271888624095,3250.5124863104334,3246.7237117189184,3244.1747900132364,3230.4835596954945,3218.562532435697,3214.3350252734554,3192.8862568741924,3191.000423271254,3189.6079681962615,3159.5844709784606,3158.679818519097,3156.368723613064,3130.503899245768,3097.860045834912,3091.922317438917,3086.01731646559,3078.521699212947,3069.7744164323685,3055.002211100594,3053.8197074862173,3051.7032149865677,3044.210972111452,3042.4511936803306,3040.9951667072382,3029.6018742543292,3027.23961075578,3025.60766588263,3013.8628016934003,3001.854059460534,2991.6021601818616,2990.9892514233425,2987.656700483421,2985.595950862854,2982.8157048151047,2978.177148427713,2973.6066916134428,2960.863790472041,2943.001391427758,2935.6798590652866,2929.1699975243628,2984.0,2989.0,2989.0,2989.0,2989.0,2989.0,2989.0,2989.0,2991.0,2991.0,2991.0,2991.0,2994.0,2994.0,2994.0,2994.0,2997.0,2997.0,2997.0,2997.0,8
3100.0,3093.0,3093.0,3093.0,3071.0,3071.0,3071.0,3071.0,3071.0,3071.0,3071.0,3071.0,3071.0,3071.0,3071.0,3069.0,3069.0,3069.0,3069.0,3067.0,4349.557886730263,4343.067220232624,2777.5995943333437,4539.4098817862005,3969.4482299622855,5487.452857097582,5487.047190441479,5232.288530409152,5425.791525370012,2206.4209425411213,1575.2036256457388,2775.976927708934,1135.4609704307038,2203.5812759484043,3147.5675846987606,4540.221215098405,4790.517541913605,2206.0152758850186,2203.1756092923015,1701.7716223496973,2705.7965962032135,6370.589167432573,4667.1948784584665,5925.572845688207,4414.058885050549,3089.557252876113,4096.4218933223465,6055.386175640984,190.6633283681425,1012.1383069755649,6116.236174056349,3276.975247995436,5234.316863689664,2139.0802776281175,5044.059201977625,4732.91287674706,2204.798275916711,4093.5822267296294,1578.4489588945582,1696.4979558203656,818.229645358603,2900.51659113238,2521.2182676766074,441.77098849554716,4413.653218394447,5046.898868570342,4542.249548378918,3151.2185846036823,3786.492568060089,4846.499540455741,1825.4999524609386,4225.829556619022,3029.9242544290555,2462.396602541755,2139.8916109403226,3914.2775647323547,5043.653535321522,2588.1532659335085,2210.071942446043,6053.357842360472,5671.625518968085,4852.584540297277,629.5946502709726,2457.5286026685258,4863.537540012043,1264.0573004151743,2140.7029442525272,6306.899502424491,2335.0172725255916,760.6249801920577,1948.8226159160777,2838.4495927487083,4347.123886793648,6303.654169175672,2892.808924666434,696.9353151839761,2590.5872658701232,6177.897505783919,5240.401863531201,2584.907932684689,4922.764871802998,445.8276550565715,3282.65458118087,1006.8646404462332,4354.02021994739,1454.3149621272144,758.5966469115456,2776.3825943650363,2329.337939340158,4474.908883465914,5357.639527144804,5237.156530282382,1706.6396222229264,3400.7035781066775,131.03032992108515,1764.649954045574,633.651316831997,694.0956485912591,2149.627610686781,822.2863119196272,6533.6515552369665,6064.893540016566,5598.110810074554,5411.178437830808,5399.591708444152,5227.50235119667,5147.222951158385,5023.9045518624325,5021.7016755891,5013.6395725114735,4950.371265916171,4913.941547172045,4842.4279954425365,4731.217430369497,4702.517856514595,4678.8074445497905,4678.805789703454,4661.72659293668,4661.065395368222,4639.601139595432,4632.111990563386,4551.5345106526165,4528.540254831088,4409.261045708432,4323.724261733817,4312.306192216805,4307.583471823606,4288.394538587954,4287.080173180091,4265.373516948723,4261.125463754734,4260.931318202055,4255.196359780525,4234.863357962576,4230.648984643696,4228.931807909435,4228.726766130137,4194.394402364686,4190.450776925334,4163.789227694641,4162.715126649119,4155.426428821227,4149.999072817904,4146.182306815887,4124.499867200568,4116.072305668834,4105.503978272109,4103.212983127625,4085.5382873708127,4084.1000637362317,4071.859405502985,4068.8062416626412,4064.4059245784865,4055.855449636125,4037.902370745842,4037.1965383607153,4031.0422478467763,4027.8271440876824,4018.8345828845627,4000.762321876037,3998.582163924348,3998.120668299919,3998.107474537995,3996.2236467107323,3985.7090536189407,3981.05765880822,3980.849312744783,3957.1454250544903,3954.4092917701023,3953.6829824393644,3940.589976494789,3936.626261455625,3931.0606472365553,3930.695645572822,3925.1223744570484,3914.734841039775,3904.885727597057,3878.4543290460024,3875.860547199273,3866.4658452224016,3864.5086573630283,3852.5325174590803,3849.1209788719384,3847.393037967388,3845.6619466608145,3837.7538971262147,3837.3324659200944,3836.1266051923617,3834.4072757840613,3830.1873453097987,3826.6985340466813,3818.430533942676,3818.263247388346,3815.9985251999083,3803.207497331572,3789.6157725090748,3768.573570052524,3767.990003112967,3739.4573155353055,3733.9282168124278,2980.0,2983.0,2983.0,2983.0,2983.0,2986.0,2986.0,2986.0,2986.0,2987.0,2992.0,2992.0,2992.0,2992.0,2992.0,2992.0,2993.0,2993.0,2993.0,2993.0,8
3115.0,3106.0,3106.0,3106.0,3104.0,3104.0,3104.0,3104.0,3103.0,3103.0,3103.0,3103.0,3092.0,3092.0,3092.0,3092.0,3088.0,3088.0,3088.0,3088.0,4347.406784412671,693.1688627231099,2709.279506588169,1829.5112606298476,1512.5315391084944,2398.8786094757497,4227.791795159331,4414.989253340809,882.1605457433884,6367.703952901597,3339.650499953275,4348.004859358938,1955.705074292122,2078.908513223063,2139.912157742267,813.3819269227174,5294.159424352863,2142.9025324736003,5927.520792449303,757.760956919914,6309.092608167461,4037.0058873002517,5614.12952060555,564.5827492757686,2396.486309690683,191.38398280534528,4096.813381926922,814.5780768152508,4410.802728716942,2581.889543033361,5301.336323708064,126.19381366227454,3719.4280908326323,5733.744509858891,4918.568358097374,3839.6411550322396,5043.566021867115,1833.6977852537145,5489.729931782076,5364.134193066068,4852.1820390617695,2014.316419026259,5108.158116063919,1068.1618540323334,1382.1512008223528,5610.54107092795,6300.121483973459,3342.0427997383417,949.1449397252592,5545.948976731146,883.3566956359218,2013.1202691337255,5365.330342958601,1766.115316325577,120.81113914587421,188.99168302027846,5487.935706943275,4098.607606765722,569.3673488459021,3655.434071582095,1954.5089243995885,2141.706382581067,5866.5171479301,3401.2522194187454,5616.521820390617,2776.8619755163068,5800.728903840762,2016.110643865059,127.38996355480795,5549.537426408746,2522.6801233529573,1821.1382113821137,1955.1069993458552,3273.8622558639377,3848.6122792262404,124.99766376974114,5675.731240071021,1452.1259695355573,1574.7313335202316,6305.50415848986,4352.789458929072,4037.6039622465187,888.7393701523222,4409.606578824409,3287.019904681805,3334.8659003831413,6115.316325577049,3340.8466498458083,2903.653864124848,1766.7133912718436,5609.942995981683,4415.587328287075,3220.035510699934,3408.429118773946,2645.285487337632,3781.029810298103,4600.990561629754,3283.431455004205,2203.3081020465374,2708.6814316419022,5875.465836342399,5479.07415783704,4859.044405830768,4727.214236117261,4581.777093745536,4431.4824503912205,4403.996105456715,4267.8616554423725,4247.67727660562,4229.451600013416,4004.8887127164735,3976.137799849906,3971.610689419845,3934.9240417095593,3924.119540331607,3919.1667551075343,3903.86240378471,3876.036468961703,3873.0589807069796,3868.828144923174,3863.320170228677,3850.3217578164526,3807.9214640162877,3801.9735431793088,3771.7283352036397,3769.975369283952,3725.8464101353466,3699.375503646305,3690.321818802416,3685.9256822662587,3660.8160285314507,3628.042663393358,3607.2926866563485,3606.7081100212736,3597.4334314720577,3585.941160109197,3578.9425473942974,3576.4753542405792,3572.6249873295897,3568.663626193151,3551.968296455781,3539.9146180366542,3534.614777043451,3526.3057225038833,3508.8211059734663,3503.346736773109,3473.2918086193163,3469.892920072354,3443.652805049402,3436.1683223130685,3406.9778311015716,3403.25230358523,3394.089073884031,3391.5015390260414,3385.1894465466294,3381.8541728311175,3380.4102648564217,3369.3902024459767,3351.783232082149,3331.183020734263,3329.2043561171904,3325.786948393128,3318.3294699073176,3308.4483909983824,3308.1539417012414,3305.3998887951607,3304.3095458976527,3303.9524460194266,3302.5955661591647,3281.8140486233196,3280.6543837338686,3280.148780827932,3279.1165702991316,3277.7583840975103,3272.4615752074646,3269.249792471504,3260.354513763018,3259.7537411361536,3256.288589075453,3248.762237517372,3245.4222968571485,3237.0361967754566,3234.228646102063,3230.712338838009,3228.5872278809693,3226.4842320729113,3226.2687863943593,3219.297582840494,3211.5500019193005,3205.1695188927256,3197.9526064817655,3197.289164891611,3195.848570597993,3188.424169024972,3186.955135266029,3179.751782032649,3176.4888833897303,3161.5560897121295,3160.0135633091445,3147.258807494246,2983.0,2983.0,2983.0,2983.0,2987.0,2994.0,2994.0,2994.0,2994.0,2995.0,2995.0,2995.0,2995.0,2995.0,2995.0,2995.0,2995.0,3002.0,3002.0,3002.0,8
3106.0,3106.0,3106.0,3106.0,3102.0,3082.0,3082.0,3082.0,3082.0,3081.0,3081.0,3081.0,3081.0,3079.0,3079.0,3079.0,3079.0,3076.0,3076.0,3076.0,4732.739646120942,3212.5685397627844,5800.443321018861,754.6101497180634,1954.7190355823452,4787.493680731091,693.8829476958974,3218.0439432237995,1642.1232743534904,1444.51098580595,6305.673731285243,4601.827727007583,3970.663037137858,6300.198327824228,5865.152634649038,5803.42990472487,4348.963639898892,4472.409099747229,1511.7091191911336,4096.597316741202,5358.926696480654,381.2871864670426,5988.100330546375,2652.086330935252,4287.7386739257245,5929.861948279215,1698.8683647676455,6053.307408127553,3030.3869336962866,1388.2636593427962,316.57787283686565,2331.5263464903755,498.75947890336386,5801.936612871865,3217.5461792727983,4101.077192300214,4289.231965778728,5360.917752284659,5989.095858448377,4287.240909974723,6302.189383628233,6309.158078942252,2524.1609955279023,2139.38946140385,1076.1656620649428,2332.0241104413767,2202.605483181023,6299.202799922225,4538.113941279409,5168.780867198134,1760.093330740813,4103.0682481042195,2081.648843087692,938.2850476375658,3284.744312657982,2148.846976472876,5993.077970056388,2140.8827532568544,693.385183744896,1077.1611899669454,3589.375850670815,3968.1742173828507,5996.064553762396,5358.428932529652,6297.709508069221,4354.936807310908,1007.4742368267549,3654.5829282519935,2901.466070386934,0.9955279020027222,3090.1186078164496,3085.6387322574374,5361.415516235661,3474.890141940502,3148.8547540346103,1764.0754423488238,3151.8413377406187,5107.555901224966,814.3418238382268,2014.9484736535098,564.9620843865449,4472.906863698231,3718.2967139801676,3724.7676453431854,2770.554151273576,4474.400155551235,4856.682869920281,2082.644370989695,6050.8185883725455,1893.991833560179,4102.570484153218,6109.056970639705,3150.845809838616,315.0845809838616,3847.2175772895202,6182.726035387906,4.47987555901225,2704.351545790395,1956.2123274353492,4538.611705230411,5207.9496200152225,4909.929971898384,4822.72728380859,4779.811063927978,4753.196155983419,4676.060566936559,4650.533421170238,4538.23109428233,4504.026818620425,4499.453867766869,4488.599669157822,4461.104242857243,4451.96327228832,4431.144104999218,4419.597664198265,4376.679290140568,4319.6729471915205,4314.6382124817865,4274.179643833749,4264.519975937094,4212.131590443482,4183.690585334499,4119.078695364781,4100.092937692072,4085.3584598205184,4079.6020452121597,4077.97434783222,4075.2477549884557,4039.8635551483585,4029.7297516780004,4022.663771679592,4015.403541009746,4012.1959876175806,4011.175416382403,3988.480209981225,3982.854681355391,3975.0678347818543,3946.7267577683897,3928.204972874808,3925.2995028731084,3910.848347404768,3904.0493694007982,3891.31858792631,3890.088380965913,3875.8514540954775,3873.713733389898,3856.5235056399943,3854.587415391673,3846.608848369807,3784.9324845433266,3773.8063943980865,3765.583263817857,3764.476100915357,3761.3499143916097,3749.1004986993344,3745.7332115728827,3742.9508153791194,3695.300270280019,3688.154069625469,3679.697182785908,3676.6374276863976,3676.6014103105,3676.0816013210965,3664.9400968577843,3656.454694601895,3649.270549293704,3645.554906495706,3642.444081341037,3636.7338644449333,3636.0188521952455,3625.5950612455354,3612.2857598332625,3611.7498587055984,3601.6510837452315,3583.568320874051,3580.309770490532,3568.418218659596,3539.185577868029,3532.670227757063,3516.624906387069,3511.8097801565277,3487.7582092417992,3487.453869193801,3486.426097546983,3483.8963185676594,3479.9375214613406,3474.845438502491,3473.806370221996,3462.3719236452607,3458.5910598440337,3451.979384939074,3420.800000924487,3413.2871816947572,3402.627479953638,3400.8277902944556,3399.845798088326,3397.4184402557353,3394.0326390101463,3392.3132314895593,3383.0037265016394,2976.0,2976.0,2976.0,2982.0,2982.0,2982.0,2982.0,2986.0,2986.0,2986.0,2986.0,2989.0,2989.0,2989.0,3003.0,3003.0,3003.0,3003.0,3004.0,3004.0,8
3131.0,3131.0,3131.0,3131.0,3127.0,3127.0,3127.0,3127.0,3121.0,3121.0,3121.0,3121.0,3115.0,3106.0,3106.0,3106.0,3104.0,3104.0,3104.0,3104.0,4473.914160884091,4289.224217057679,4985.688585380181,4981.4590446818665,4664.243492308257,4225.311157616477,4288.754268091199,4728.626500715938,5230.53199691596,4660.0139516099425,4537.827220325293,4352.197378565921,4857.862466497779,4919.895730073063,5295.38495429012,4732.856041414252,4976.759555017072,4602.2102287329735,4415.170540074164,3785.438924991739,4285.934574292322,4223.4313617505595,4229.540698314792,4101.71457943239,4793.949407056577,4605.969820464808,4224.841208649998,4726.27675588354,4663.773543341777,4980.049197782429,4353.607225465359,4544.8764548224835,4346.557990968168,4159.518302309359,4353.13727649888,4285.464625325843,4093.7254470022394,5173.19822300547,4988.978228145537,4351.727429599442,4474.384109850571,4981.928993648346,4480.963395381283,4476.733854682968,4852.223078900026,4347.027939934647,4918.955832140104,5104.115724932995,4915.666189374748,4347.497888901127,4418.46018283952,4036.39167309175,4224.3712596835185,5043.49230825715,4609.729412196644,4410.00110144289,4922.715423871939,4417.99023387304,4668.942981973051,4231.890443147189,4724.866908984102,4537.357271358813,5103.645775966516,4414.230642141205,4163.277894041194,4857.392517531299,4725.806806917061,3909.0355031758268,5231.001945882439,3850.2918823658993,5038.322869625877,4729.096449682417,5043.0223592906705,4032.162132393435,5045.842053089547,4417.050335940081,4606.909718397767,4287.344421191761,5108.34526563131,5107.875316664831,4985.2186364137015,5226.772405184124,5235.231486580754,3721.055916584058,4671.292726805448,4602.6801776994525,4598.450637001138,4355.956970297757,4160.928149208797,4473.444211917612,4477.203803649447,4605.499871498329,4609.259463230164,4984.2787384807425,5112.104857363145,4097.954987700554,126.88622094944377,4037.331571024709,4668.473033006572,64.85295737416014,13289.908453568623,13091.892960213454,12885.606330438039,12597.002740480022,12084.248555157155,12000.600335229003,11556.22369293219,11381.374406628524,11285.278166134154,11063.950409324683,10874.22160292368,10642.612615771137,10345.637856367823,10326.74820980687,10078.299447850037,10065.990339287637,10061.852320347778,10029.434457727124,10025.027036535528,9940.760346729503,9844.82219583524,9832.046578513624,9789.125202339777,9769.50804244255,9710.912141145795,9646.52502456156,9616.228860872743,9580.728476122995,9575.766611481871,9574.701355904208,9534.174268452529,9461.070101594021,9449.117464801095,9425.104179789361,9422.912444950356,9413.859955093229,9395.800117567247,9381.744486022226,9304.979345166143,9269.153584106973,9227.691474166915,9225.419655622345,9216.765209595971,9160.13731833097,9121.472455438447,9091.739689753545,9083.575942324667,9035.241937487432,8987.690068134458,8923.108114948389,8907.8633519822,8870.466396194679,8808.65190563292,8794.910466379393,8765.820252186919,8718.359467183147,8705.625186742385,8666.86859460233,8648.226476401649,8645.594064793702,8642.48990053684,8627.553343371383,8611.64900616567,8534.833463231193,8526.442800324521,8502.48584115601,8501.198669480693,8485.41855711944,8470.584415724808,8424.067307505407,8414.41041679613,8322.296226161792,8320.146879333495,8308.192652707887,8299.785473665692,8293.706540575264,8288.9132495623,8272.718296336947,8227.467366898925,8220.173549476625,8200.295817612192,8199.873346936254,8142.133372803076,8124.4538263451595,8118.839789138182,8071.5250889432855,8070.315243957165,8043.84655339533,8030.901796771661,8027.989010878139,7999.794508579831,7967.363380829521,7965.8908121634695,7961.259448071259,7956.1449882800525,7953.871762318471,7951.188516400427,7947.583629621208,7946.941873672615,7943.840738107366,2517.0,2517.0,2517.0,2517.0,2625.0,2625.0,2625.0,2625.0,2636.0,2636.0,2636.0,2797.0,2797.0,2797.0,2797.0,2836.0,2840.0,2840.0,2840.0,2882.0,1
3229.0,3229.0,3229.0,3229.0,3228.0,3228.0,3228.0,3228.0,3210.0,3210.0,3210.0,3210.0,3193.0,3193.0,3193.0,3193.0,3155.0,3155.0,3155.0,3155.0,126.29653695280726,251.97699323755202,252.28503357158328,251.6689529035208,378.2735301903593,3.6964840083748465,125.98849661877601,129.68498062715085,4.004524342406084,129.9930209611821,378.58157052439054,4.31256467643732,125.68045628474478,0.3080403340312372,0.6160806680624744,247.97246889514594,248.2805092291772,4732.731692055929,252.59307390561452,4.620605010468558,122.29201261040117,126.60457728683849,121.98397227636994,4854.407623998267,4602.122590426684,3.388443674343609,377.9654898563281,255.9815175799581,130.30106129521334,382.2780545327654,4098.16860395158,4854.099583664236,4097.860563617549,503.95398647510405,122.6000529444324,504.2620268091353,4224.157100570355,378.88961085842175,130.60910162924458,4476.134093807907,4476.75017447597,247.6644285611147,4977.0076769427,256.28955791398937,4228.469665246793,381.97001419873413,4224.465140904387,4858.720188674704,256.5975982480206,121.67593194233869,503.64594614107284,4350.453637523163,121.36789160830746,4602.738671094747,248.89658989723966,4850.711139989892,4731.807571053835,4475.8260534738765,125.37241595071355,4606.1271147690895,4350.761677857195,4480.138618150314,248.58854956320843,4353.842081197507,508.26655115154136,129.37694029311962,255.67347724592688,4728.419127379491,629.9424830938801,4098.784684619643,4724.414603037085,0.9241210020937116,4729.343248381585,374.57704618198443,508.5745914855726,377.6574495222968,4227.545544244699,373.96096551392196,256.90563858205184,4732.423651721897,126.91261762086972,4603.046711428778,504.8781074771978,4980.704160951074,4481.062739152408,4347.065193848819,3845.5755300459655,507.6504704834789,630.5585637619425,4477.058214810001,4725.3387240391785,630.2505234279113,374.2690058479532,4472.129569465502,4598.426106418309,4223.8490602363245,4605.819074435059,4102.173128293985,4855.02370466633,3971.8720669987724,45294.21631049966,44694.66156688926,44450.41290270045,43344.119049618195,43257.70556702146,43043.93321010006,43029.13966784744,43003.29386136836,42486.71823296937,42286.896598273255,41809.08673186167,41808.136542682565,41722.86539850136,41699.60305767383,41624.557638950006,41308.0265262011,41188.63237022302,41066.23016788292,40937.556804083215,40882.788325712,40763.8692465581,40724.50489839751,40638.912447707786,40576.25436486161,40517.99710923863,40501.74692869655,40215.15971948353,39717.98271006758,39524.17391228135,39258.071056960696,39012.85555794699,38741.41071787878,38728.106340388644,38410.497491875656,38352.40771729107,38346.60129714561,38323.80247869059,38261.00307612293,38199.38280911863,38076.15357656423,38055.31728433268,37969.309669178736,37945.82853135949,37941.60658558998,37929.89986747414,37783.88890063893,37625.09017107171,37451.53801789223,37400.42869306688,37369.305628036134,37200.176272833654,37181.103157085156,37153.25440047797,37139.93956732475,37063.14636779411,36744.34518018724,36708.76705347755,36678.151945638616,36570.57238487503,36559.272305439496,36550.25164502097,36485.63480646558,36447.61516192701,36381.6078777224,36371.60882534245,36271.47473870187,36249.19852231184,36197.42948818648,36158.251683077186,36082.05957532204,36069.024141701055,36051.48099358451,35967.067384254544,35857.84928318441,35750.28605360568,35692.47615887766,35584.251448105904,35428.065845727855,35374.69822125434,35374.33565361446,35336.38279233548,35285.6400323371,35232.686032279875,35224.77580563196,35175.77991244426,34993.59094199707,34988.428784579744,34918.48148175348,34821.74942481048,34763.97764743328,34683.08724536765,34647.13710687895,34616.08261524472,34612.619788704236,34518.26917544503,34439.45367991807,34417.771154361864,34410.05190595393,34138.67463833582,34111.81261632978,1391.0,1391.0,1391.0,1391.0,1642.0,1642.0,1642.0,1642.0,1693.0,1693.0,1693.0,1693.0,1768.0,1768.0,1768.0,1768.0,2112.0,2112.0,2112.0,2112.0,1
3179.0,3179.0,3179.0,3179.0,3164.0,3164.0,3164.0,3164.0,3127.0,3127.0,3127.0,3127.0,3115.0,3115.0,3115.0,3115.0,3112.0,3112.0,3112.0,3112.0,4225.624718446088,4224.607149481941,4226.303097755519,4158.4651668124125,4224.946339136656,4164.231390942577,4163.892201287861,4164.570580597292,4157.7867875029815,4156.43002888412,4157.1084081935505,0.3391896547155312,61.393327503511145,4097.411028963616,4225.285528791372,0.6783793094310624,66.48117232424411,4164.909770252008,4347.393804488964,442.6424994037682,61.05413784879561,4224.267959827225,4286.678856294883,4287.357235604314,4348.072183798395,4166.2665288708695,4158.125977157697,129.90963775604845,62.41089646765774,4096.0542703447545,4097.750218618333,4217.82335638763,4218.501735697061,4667.588838540425,61.73251715822668,253.03548241778628,4157.447597848266,60.71494819408009,4163.553011633146,4165.927339216154,4225.963908100804,1.0175689641465935,62.07170681294221,4104.534011712643,4348.750563107826,442.98168905848377,128.89206879190186,4668.267217849856,4601.10766621618,4348.41137345311,4226.98147706495,4600.429286906749,4159.143546121843,4599.7509075973185,4158.804356467128,4607.21308000106,4095.3758910353235,68.17712059782177,4103.516442748496,4220.197683970639,121.42989638816017,122.44746535230676,7.122982749026155,4599.411717942603,121.7690860428757,4095.715080690039,4220.536873625355,4667.9280281951405,4219.858494315924,4606.8738903463445,4219.180115006493,128.21368948247078,4285.322097676021,4287.018045949599,4226.6422874102345,252.0179134536397,509.1236717280123,4231.730132230967,442.3033097490527,503.69663725256385,190.96377560484407,4165.5881495614385,4539.035959403239,4102.838063439065,4601.446855870896,67.83793094310624,6.783793094310624,189.2678273312664,251.3395341442086,314.42880992129744,5.427034475448499,68.5163102525373,375.1437581153775,4286.339666640168,4231.051752921536,4539.375149057954,127.87449982775526,4606.534700691629,380.9099822455415,4346.715425179532,22055.17358404973,21560.78860136057,20844.24578160527,19818.783533130343,19768.378851289795,19683.698862260815,19676.670794271125,19628.889042839477,19329.982079792648,18345.062729498393,18339.69574548707,18282.395847654738,18195.697929288195,17919.49103214627,17767.982921890158,17500.72886358025,17344.759248474373,17238.046297410572,17054.51892125263,16994.18348288574,16979.277060219614,16957.35714280974,16901.927897456804,16629.50177870898,16579.555983018417,16532.35767302971,16393.85324765624,16285.349985002282,16127.045221970653,16018.237995310206,15978.308381794011,15859.432983104012,15855.612034675221,15826.767903231008,15815.88694102239,15747.798343536162,15738.212599656259,15692.436878488168,15658.675140567893,15631.028328376573,15598.724828226059,15591.60183184727,15571.605832404499,15509.832379613197,15493.229238064372,15425.047184345563,15312.717216797759,15256.404789510525,15255.538163094358,15088.060685045337,15087.572862283723,15083.534177049383,15038.694693943751,15024.452085446752,15012.155033532505,15004.75295945188,14910.875296461301,14888.25598992406,14886.21037368145,14866.16126393521,14852.140078363862,14824.014393886875,14805.300567037226,14748.558944029452,14661.691379043981,14653.856056594408,14633.51384263574,14600.623413305942,14578.833813969335,14570.564503389623,14565.711765222899,14539.685218793928,14532.716672819151,14499.371667701607,14493.23575572852,14479.37438520144,14455.433819923048,14414.134583611149,14393.677104542603,14364.02354819254,14341.191182259923,14341.03476183168,14337.547383313737,14304.013320582462,14231.875703410902,14180.698731599492,14118.461775657861,14069.474135681483,14065.298956796836,14052.902819006284,14029.945820242525,14021.93571074347,13995.3185657516,13971.639261843482,13940.815769365276,13899.45791397914,13848.394954650421,13787.22102096919,13758.250102016213,13743.05627706049,2077.0,2077.0,2077.0,2077.0,2277.0,2277.0,2277.0,2277.0,2422.0,2422.0,2422.0,2422.0,2522.0,2522.0,2522.0,2522.0,2602.0,2602.0,2602.0,2602.0,1
3189.0,3170.0,3170.0,3170.0,3140.0,3140.0,3140.0,3140.0,3140.0,3140.0,3140.0,3139.0,3136.0,3124.0,3112.0,3112.0,3112.0,3112.0,3112.0,3112.0,4354.362584076333,4601.83325512279,4347.1547004536205,4482.903175348037,4289.491631471922,4094.07789770061,4355.563898013452,4469.68872203973,4227.0233067417485,4168.158923822931,3965.937744407946,4355.163460034412,4611.043328640701,4483.303613327076,127.73971531362427,0.800875958079149,376.4117002972,4731.975598310652,3658.401376505553,4155.344908493665,4470.48959799781,4788.837791334272,4470.8900359768495,4484.104489285155,4731.174722352573,4416.430470827468,4604.6363209760675,4859.3148756452365,0.4004379790395745,4482.502737368997,4226.622868762709,4221.817613014234,4154.944470514625,4284.285937744407,4725.969028625058,3722.8718911309243,4168.55936180197,4353.962146097294,3780.1345221335832,4289.091193492883,4730.774284373533,4284.686375723447,4476.496167683404,4411.625215078992,5101.980290943219,4853.308305959643,4099.283591428124,4986.654152979821,5484.798998905052,4228.224620678867,4222.218050993273,4283.084623807289,4093.6774597215704,4724.3672767089,3907.8742374472076,4416.830908806507,4725.168152666979,3906.672923510089,4603.034569059909,1697.0561551697167,4215.010167370561,1.2013139371187236,4297.500391052714,374.4095104020022,3652.3948068199593,4605.437196934146,4846.100422336931,3908.675113405287,4412.826529016111,4597.828875332394,4166.957609885812,4483.704051306116,185.402784295323,128.941029250743,4603.435007038948,3651.1934928828405,4349.557328327858,4599.430627248553,4476.896605662443,129.34146722978258,4283.885499765368,4418.432660722665,3658.000938526513,4348.756452369779,4297.900829031753,1699.8592210229938,4296.699515094634,5101.579852964179,4412.025653058032,5234.525262005318,4093.2770217425305,4036.0143907398715,632.6920068825277,4295.898639136555,3780.9353980916626,503.75097763178474,4858.914437666197,4477.697481620522,4477.297043641483,4482.102299389958,14030.545742779612,14011.530252352879,13594.788658402773,12981.898894555157,12219.310634595959,11965.441810531682,11893.16803066231,11786.611514767634,11459.13347290819,11307.122683047855,11270.96447383712,11145.207614327395,11101.31880306492,11081.123100989384,11048.442589819802,11046.743741098633,11030.215034545085,10801.404976902346,10783.83496095504,10734.95679425589,10647.28764754055,10626.654645675668,10626.124603682552,10612.68497227278,10438.94631541323,10350.219596488629,10319.053761723415,10312.666494713967,10290.524843003073,10288.43718413859,10276.558317190864,10275.185259983054,10220.40738867303,10184.418788416255,10167.485195159037,10159.27648167924,10152.823097486389,10149.040896993078,10121.855221690046,10101.486569822102,10096.48073940079,10092.6017823122,10063.056004134185,9996.739786873071,9842.12974496414,9762.26303281702,9733.748364741963,9711.276586986232,9681.448030162186,9629.25944132889,9623.878460903772,9622.026246998512,9589.853172759958,9559.207703019556,9542.008126508676,9493.150363760156,9444.623078403929,9434.110679780135,9417.20421631433,9387.966838189779,9380.667035167,9365.177948475166,9353.803362499964,9337.517273595775,9328.148441996735,9309.54309705731,9290.584332046687,9277.206605870573,9266.35878416127,9218.251277153731,9214.779681146958,9186.856108175336,9155.86853461024,9155.461818047856,9153.558499187413,9126.873924727839,9092.301595698056,9091.23518714587,9075.265553822795,9064.3287920552,9056.17663262996,9053.793909404752,9010.546370956368,8994.042927578821,8991.085419262454,8990.507202112936,8988.52014241767,8971.52759240628,8960.957880479235,8952.164370768869,8952.010162167173,8945.068571736392,8923.633375384337,8911.461744451866,8879.176441460018,8875.027877093362,8871.494042497843,8866.69880806086,8856.13607569195,8855.531232746467,1925.0,2371.0,2371.0,2371.0,2408.0,2408.0,2408.0,2408.0,2577.0,2577.0,2577.0,2596.0,2696.0,2696.0,2696.0,2710.0,2710.0,2710.0,2719.0,2725.0,1
3190.0,3190.0,3190.0,3190.0,3180.0,3180.0,3180.0,3180.0,3120.0,3120.0,3120.0,3120.0,3114.0,3114.0,3114.0,3114.0,3110.0,3110.0,3110.0,3110.0,4224.010129520694,4224.685430900314,4224.3477802105035,4219.2830198633565,4226.036033659553,4037.2892980558704,4285.4625550660785,4290.864966103036,4413.094515814186,4227.386636418792,4038.6399008151097,4225.3607322799335,4231.1007940067,4600.49064865863,4032.2245377087233,4225.698382969743,4412.756865124376,4284.449602996649,4477.923448257669,4479.949352396528,4291.5402674826555,4219.620670553167,4031.8868870189135,4418.8345775409525,4036.9516473660606,4158.1682450077815,4225.023081590123,4032.899839088343,126.61900867867787,3970.772112163338,4031.211585639294,4031.5492363291037,0.33765068980980767,3910.3326386873828,4982.035928143712,4413.432166503996,4411.406262365137,4220.633622622596,4218.945369173547,4289.5143633437965,4599.81534727901,0.6753013796196153,3911.0079400670024,4472.858687910522,4600.152997968819,4854.403967395605,4226.3736843493625,3843.140151415231,4218.607718483737,4102.793531878973,4219.958321242976,192.46089319159037,4037.96459943549,4290.5273154132265,4291.877918172465,4665.994882481732,4163.570656044738,4477.585797567859,4160.1941491466405,4605.893059695586,5236.624548260307,3971.109762853148,4033.2374897781524,4478.598749637289,4220.971273312406,4227.048985728982,4538.700572423435,4096.715819462396,4037.6269487456802,4417.8216254715235,4412.419214434567,380.53232741565324,4098.404072911446,4661.943074204015,4036.6139966762507,4787.886781503073,4164.583608114168,3848.8802131419975,4671.734944208499,187.73378353425306,187.05848215463345,5169.432060988155,3844.49075417447,4411.743913054947,3654.7310665013583,4418.496926851143,121.55424833153076,5042.4754016196675,379.181724656414,4472.183386530903,3846.1790076235193,4286.137856445698,4407.692104777229,4030.873934949484,189.0843862934923,4038.3022501253,4411.068611675328,4035.938695296631,126.95665936848768,4231.77609538632,18796.15549701782,18298.790017889685,17873.260590311576,17325.36930924271,16631.310351440905,15455.55090860299,15178.284493333496,15170.737986348182,14849.844646347306,14841.063126377232,14676.6640306201,14645.59723892446,14513.463051591398,14473.515029990052,14324.027193392098,14262.032723565497,14065.388245773305,14020.249419280452,13935.250258228263,13857.30252663318,13793.077951133053,13559.418344695998,13494.920405457664,13491.899450543371,13393.062442834593,13351.041232895668,13133.464250377534,12991.34090563862,12924.394544869803,12911.110337388891,12821.810499224279,12711.017994901053,12647.161371875012,12589.430823869276,12502.628943797998,12369.19559725292,12313.677594893601,12298.771372435685,12172.331879412135,12089.289936115709,12085.620116492168,12065.157409971305,12049.55239903281,12037.743714367127,11964.657149678938,11934.359451079345,11909.478145451072,11894.374568468938,11889.78826393828,11835.35110981445,11833.091543157534,11829.347630568835,11813.475541445152,11779.86522579107,11767.565735684098,11744.99985003925,11723.637890810052,11711.578027063246,11678.24024967445,11654.629747192888,11628.299664138509,11613.548955420372,11571.01762659364,11566.336647647953,11551.09332047786,11524.095671234034,11516.087485740916,11486.477668289845,11470.770412591412,11436.66140700771,11404.277574733953,11388.96181819715,11347.536112636124,11340.048273666434,11333.768012138267,11290.069305340974,11268.601933047847,11257.587383233127,11257.27294206945,11192.240785104588,11143.342515386877,11131.567132898574,11125.036696846808,11122.371535347862,11094.901387787208,11073.178625162222,11070.666362187712,11069.653227011348,10979.59182396389,10969.045289023401,10937.928704011556,10902.429234694995,10885.221027591928,10879.683292453517,10871.276349602233,10850.488011621233,10850.335530459355,10848.169436745791,10844.394668544788,10822.800270399282,2053.0,2053.0,2053.0,2053.0,2406.0,2406.0,2406.0,2406.0,2602.0,2602.0,2602.0,2602.0,2712.0,2712.0,2712.0,2712.0,2794.0,2794.0,2794.0,2794.0,1
3204.0,3204.0,3204.0,3204.0,3200.0,3200.0,3200.0,3200.0,3169.0,3169.0,3156.0,3156.0,3144.0,3144.0,3137.0,3137.0,3137.0,3137.0,3132.0,3132.0,4349.108116258031,4348.81120827631,4290.914151840598,4355.640091855907,254.15323235369164,254.74704831713484,253.85632437197003,0.2969079817216024,4356.23390781935,4284.085268261,4284.975992206166,4349.405024239753,4102.080675465659,4291.211059822319,253.55941639024843,4284.382176242722,4603.558256593445,254.45014033541324,4163.837535663752,0.5938159634432048,4163.54062768203,4094.95488390434,4101.486859502215,4603.261348611723,4603.855164575167,4222.328408062907,4355.936999837629,4538.832316578136,3909.9812112917816,4417.693860035722,4030.2289438890307,508.30646470738327,3782.904595114936,4030.5258518707524,4602.964440630001,4101.783767483937,318.28535640555776,4284.679084224444,508.00955672566164,4285.272900187887,64.42903203358772,4283.788360279279,4348.514300294589,4291.804875785762,65.02284799703092,4597.3231889772915,4349.998840203197,3281.4270139871496,4356.530815801072,4037.0578274686277,64.13212405186611,4537.941592632971,319.17608035072254,4036.760919486906,4597.026280995569,4602.66753264828,4345.842128459094,4610.387140173042,4037.354735450349,508.60337268910484,318.58226438727934,1644.5733107559556,1136.2668460485722,189.13038435666073,64.72594001530932,4222.031500081186,190.0211083018255,3848.2243510936883,4851.1795133492615,4030.822759852474,4164.134443645474,126.77970819512421,4102.37758344738,4343.169956623599,318.87917236900097,4538.535408596414,312.9410127345689,4355.343183874185,4100.893043538772,4610.09023219132,247.02744079237317,820.653661478509,4290.617243858876,1636.853703231194,4095.2517918860617,4342.873048641878,4417.990768017444,4036.1671035234626,4668.284196608754,820.3567534967874,3783.2015030966577,1136.8606620120156,6.5319755978752525,3847.927443111967,572.735496740971,4222.625316044629,6.828883579596854,4413.834056273341,189.42729233838233,1390.1231704205422,28970.4354899147,25970.38736850785,25230.188397235757,25215.998148830833,25153.50860000023,24928.09384935316,24861.457605203075,24825.632506353042,24562.682968126275,24463.643632209445,24430.763735834676,24154.95798589233,24044.806789305047,23691.2593512729,23618.849162822764,23611.834742979016,23359.25006464042,23337.27343388444,23324.302620773968,23213.82981287581,23083.233470501607,22919.09313935094,22880.80919513233,22482.952451518482,22035.762414148892,21883.816298969876,21866.024091475407,21710.53955160773,21570.094502459266,21522.290140680852,21503.186329967124,21422.1905913404,21411.38190676079,21305.338818392393,21299.71031517616,21296.823136573254,21151.414682951552,21091.894221632538,21077.769844794875,21017.492701217565,21011.48268456911,21006.22852832851,20894.18534571789,20887.810558245845,20886.53279161347,20872.863679803853,20748.861695536158,20642.386069731274,20592.847805522677,20518.5377091606,20490.923468579185,20398.32181511168,20377.52897816464,20368.282827947885,20344.773700345362,20279.870682702374,20151.0146940646,20090.066462834195,20053.789202627362,20033.341559268545,19957.503522371113,19736.852646627704,19710.176984187914,19690.459250358337,19622.57746599504,19613.215837747324,19610.58453350412,19609.545765846357,19576.304170792442,19556.84654055489,19489.775223865494,19487.86801447156,19425.254713287686,19420.756365044603,19409.854595523295,19347.0924260474,19324.36899687006,19320.698141346274,19264.325046070306,19257.34450354613,19256.140522023336,19248.207949204672,19226.82784107688,19181.86950952826,19179.895849928853,19174.173709159884,19144.282421838518,19133.529118293776,19104.468949698854,19090.909405442795,19003.093870986086,18861.36097161785,18848.794691048308,18787.518192044354,18778.709862728872,18756.15318431273,18739.722051523637,18738.01031265141,18691.739244847457,18684.741750873312,1486.0,1486.0,1586.0,1586.0,1586.0,1586.0,1788.0,1788.0,1975.0,1975.0,1975.0,1975.0,2374.0,2374.0,2374.0,2374.0,2484.0,2484.0,2484.0,2484.0,2
3218.0,3218.0,3218.0,3178.0,3178.0,3178.0,3145.0,3145.0,3145.0,3139.0,3139.0,3139.0,3130.0,3130.0,3130.0,3126.0,3126.0,3126.0,3122.0,3122.0,1.40789300013199,4.505257600422368,1.689471600158388,4352.9235778080865,3.942100400369572,0.563157200052796,1.126314400105592,1.971050200184786,2.81578600026398,2.534207400237582,0.281578600026398,2.252628800211184,4349.826213207796,5.068414800475164,6.194729200580756,4.22367900039597,3.378943200316776,0.844735800079194,61.66571340578116,61.38413480575477,4354.331470808219,4350.107791807823,6.476307800607154,5.63157200052796,3.097364600290378,62.510449205860354,4.786836200448766,4347.292005807559,62.792027805886754,4353.205156408113,56.3157200052796,7.03946500065995,4348.699898807691,4414.589291213868,61.10255620572837,57.72361300541159,7.602622200712746,68.14202120638832,65.60781380615073,7.884200800739144,3.660521800343174,4345.884112807426,4350.670949007876,440.3889304412865,59.131506005543585,4346.165691407453,59.69466320559638,8.165779400765542,444.33103084165606,445.73892384178805,5.349993400501562,4348.418320207665,58.286770205464386,8.44735800079194,59.97624180562278,9.292093800871134,63.073606405913154,4356.020942408377,4348.981477407718,439.82577324123366,57.160455805358794,68.42359980641471,58.005191605437986,4355.73936380835,58.568348805490785,4411.773505213604,4345.039377007348,65.88939240617714,63.918342205992346,4347.010427207532,60.82097760570197,57.44203440538519,4351.515684807955,62.22887060583396,69.2683356064939,61.94729200580756,4354.894628008272,60.25782040564917,65.32623520612434,443.2047164415505,4348.136741607638,4350.389370407849,58.849927405517185,437.5731444410225,6.757886400633552,64.19992080601875,64.48149940604515,56.597298605306,63.35518500593955,5.913150600554358,64.76307800607154,436.16525144089053,440.9520876413393,4346.447270007479,4413.1813982137355,4415.997184214,4356.58409960843,505.43358704738444,4352.360420608034,4345.602534207401,29896.308406378073,29440.752031912343,29071.975744790456,28878.38898522325,28024.61085678319,27985.73601002268,27814.236461061282,27732.958509779794,27433.648395460725,27278.908912040988,27232.09885158937,26289.31145809982,26277.95201693817,26083.660559884072,26048.929854380563,25729.779366874278,25618.96975859888,25512.093196966565,25481.20393125285,25127.60978114705,24651.407633911593,24616.64865316655,24489.053896001722,24359.161992430007,24277.98120817848,24199.75244845198,24164.67957311916,24067.133696222998,24065.2397148717,23534.828342420504,23514.19136938951,23472.740279788766,23445.935542849187,23438.45055752088,23313.39208903523,23204.32274178823,23189.969629064646,23152.304709092008,23026.962648482604,22991.66220932304,22908.305533266295,22904.667968988513,22872.607962977796,22697.160534879065,22628.741112725336,22529.70839875343,22491.75337570204,22480.15654826731,22347.88314511763,22331.629580407505,22325.157069663077,22256.353399477506,22200.780343517057,22146.49123167839,22132.22104453587,22108.64464691927,22009.215097620177,21924.198649949885,21917.166068008944,21852.351770213976,21688.067671079156,21629.66567982959,21587.02139034629,21545.9559120617,21468.957690580846,21457.64741966064,21435.56235623301,21344.7813219338,21306.375851849087,21295.369352842725,21282.081055508323,21148.91224645096,21072.996048868154,20986.968106329314,20970.550919706027,20846.215971354217,20812.507440026617,20765.828324372324,20765.497195354055,20756.357241554793,20743.619162977167,20743.45372347741,20703.150461634286,20700.146340381852,20616.029990374544,20569.787817318,20553.195042849304,20550.50333371938,20530.899974887405,20479.34735699766,20477.89815022256,20411.45855679959,20397.664638682738,20383.3553331224,20353.07706698202,20347.436754562135,20335.99314171036,20274.607899311224,20264.635138602494,20240.1201886563,1169.0,1169.0,1169.0,1741.0,1741.0,1741.0,1876.0,1876.0,1876.0,2321.0,2321.0,2321.0,2456.0,2456.0,2456.0,2528.0,2614.0,2614.0,2614.0,2630.0,2
3206.0,3206.0,3206.0,3206.0,3199.0,3199.0,3199.0,3199.0,3147.0,3147.0,3147.0,3147.0,3140.0,3140.0,3140.0,3140.0,3106.0,3106.0,3098.0,3098.0,4225.610847134139,4226.883238235353,2.2903039821865248,4223.575021372195,4664.840255273465,4096.081433030478,3907.513071830454,4348.523827511482,4222.557108491223,4350.814131493668,4098.117258792422,4349.541740392454,3908.02202827094,0.5089564404858944,126.47567546074475,4101.170997435337,2.544782202429472,4221.030239169765,4225.3563689138955,4351.577566154397,3914.1295055567707,4226.119803574624,4352.086522594883,4664.331298832979,4222.3026302709795,4101.934432096065,4348.778305731725,4226.62876001511,316.5709059822263,4224.08397781268,4221.793673830494,3911.0757669138557,4353.61339191634,4356.412652339013,4094.3000854887773,4228.4101075568105,4224.592934253166,4224.847412473409,4223.066064931709,5.089564404858944,4221.539195610251,4352.341000815126,4222.0481520507365,4100.662040994851,4228.1556293365675,5.8529990655877855,4349.287262172211,4227.392194675839,4229.17354221754,128.76597944293127,3905.477246068511,3.5626950834012607,4094.0456072685347,127.74806656195949,3910.057854032884,4350.559653273425,1.7813475417006304,128.25702300244538,4100.407562774608,3910.3123322531264,126.7301536809877,2.799260422672419,4037.805920594843,4093.5366508280486,4535.565319390048,3909.039941151912,4096.844867691207,4038.314877035329,254.4782202429472,314.7895584405257,4347.50591463051,4228.919063997297,4224.338456032923,4220.521282729279,313.51716733931096,4227.646672896081,4539.891449134178,4218.485456967335,3905.9862025089965,4352.849957255612,4355.903695898527,4225.101890693652,4227.901151116324,2.0358257619435776,4535.056362949562,4539.382492693692,4099.3896498936365,4223.320543151952,4032.461877969741,4226.374281794867,314.0261237797968,4354.631304797313,4354.37682657707,3908.530984711426,311.7358197976103,4040.0962245770297,4040.6051810175154,313.7716455595539,4103.970257858009,445.5913636454005,19977.598290827365,19465.26252563258,19327.76485369099,19302.48926601757,19243.56811548166,19063.35347047689,18957.36630623372,18816.822363540905,18793.326328735424,18590.697321895794,18590.271324639492,18558.893839994867,18497.197087676494,18206.304192333773,18124.51214899123,18043.476711794945,18036.517522563616,17955.402435610005,17951.676660596557,17841.920105994785,17804.267248139426,17738.203485434733,17737.987118810568,17704.116091376407,17698.535190386814,17681.50402559046,17659.93191469651,17589.954007565542,17273.74659954622,17261.93425396711,17192.613134212177,17173.89228667688,17067.99400792268,17051.078729328234,16976.795138607158,16917.981126220115,16866.644834407256,16861.275207707666,16762.953739479126,16705.246176439792,16679.355169060345,16537.367205315506,16415.262067263975,16410.769363358406,16410.58067975728,16286.455555203178,16259.293794845658,16253.691542941448,16211.747076245842,16046.334802512023,16024.112618974308,15996.892098357868,15991.152056073108,15989.283658202607,15968.204371009662,15891.633344536087,15851.374610911571,15785.501147203508,15754.687506583574,15750.66955190667,15732.644690232823,15731.039839250927,15723.927405129913,15713.01263855548,15706.417022833562,15653.185757509393,15619.70469598544,15617.842073593256,15589.720772124005,15572.619690974094,15557.045281260214,15532.328841441436,15519.256213543187,15500.663764791101,15452.153746773074,15426.557342108814,15374.602759075837,15333.255534944976,15310.81333845942,15291.371393009827,15283.929991031784,15281.622918333398,15271.910759551647,15252.88648031924,15250.366778294188,15222.694765061578,15216.715186290336,15209.614045197848,15201.169617549951,15194.05517246961,15161.299481174361,15144.377297430778,15106.989439264382,15090.581840959932,15077.018241218155,14994.28657614231,14971.897898769625,14943.0191968134,14900.337378832473,14883.848390214938,1758.0,1758.0,1758.0,1758.0,2249.0,2249.0,2249.0,2249.0,2554.0,2554.0,2554.0,2554.0,2601.0,2601.0,2601.0,2601.0,2691.0,2691.0,2691.0,2691.0,2
3234.0,3234.0,3234.0,3234.0,3181.0,3181.0,3181.0,3181.0,3148.0,3140.0,3130.0,3130.0,3130.0,3130.0,3113.0,3099.0,3099.0,3099.0,3099.0,3098.0,4224.851242562128,4918.47137811436,2.0364654596366183,1.6291723677092946,0.40729309192732366,4917.656791930506,4288.388964902791,4286.352499443155,4854.5263626817705,4922.544309033634,1.221879275781971,0.8145861838546473,4226.887708021765,3968.663887739842,4284.316033983518,4914.8057402870145,3907.1626308588156,4538.874216438095,4225.258535654056,3974.3659910268243,4227.702294205619,2.443758551563942,3970.293060107551,4539.688802621949,3974.7732841187517,4221.592897826709,4604.855697330321,4225.665828745983,4035.0526617239957,4916.027619562797,4220.371018550928,4856.970121233335,3971.1076462914057,4605.670283514176,4282.279568523881,316.05943933560314,3907.9772170426704,4856.15553504948,4226.480414929838,4602.819231870684,4920.915136665924,4917.249498838579,4228.516880389474,4229.331466573329,4544.16902663315,4922.1370159417065,3969.4784739236966,4915.620326470869,4223.629363286346,4913.99115410316,4603.633818054539,4853.711776497916,4852.897190314061,4852.082604130207,4.48022401120056,4923.358895217489,4.072930919273237,4916.842205746651,4919.285964298215,4541.317974989659,63.94501543258981,3973.5514048429695,4222.000190918637,4600.782766411048,4222.8147771024915,319.3177840710217,4226.073121837911,311.9865084163299,3910.4209755942343,4536.430457886531,3909.60638941038,4287.981671810863,3971.514939383333,3.2583447354185893,4223.222070194419,5.702103286982531,61.09396378909855,4921.729722849779,4920.10055048207,318.5031978871671,4858.192000509117,4545.390905908932,4916.434912654724,4855.748241957553,4540.910681897732,62.72313615680784,4537.245044070385,3967.0347153721323,4918.064085022434,4912.361981735451,318.91049097909445,4538.05963025424,4222.407484010564,3975.9951633945334,4285.945206351227,4227.295001113692,3975.587870302606,317.28131861138513,312.80109460018457,63.53772234066249,29661.037569910794,29653.79618187139,28530.428043662643,27958.17705700148,27850.67929000826,27793.124110558572,27638.170103781264,27488.623423507215,27444.71209183348,27311.169173471888,27299.318276815557,27238.93882253071,27168.763313854888,26905.494915874777,26741.62443352921,26484.74665573004,26373.03714895299,26267.25522724095,26232.329713927647,26158.34156469454,26147.443100725657,26090.663218760616,25845.364483889873,25833.38666776904,25821.74541491581,25753.573528736542,25632.017901963158,25281.135798896445,25175.680961475242,25115.199244717733,25089.76570827736,25072.142392525293,25041.338250983208,25034.360742474255,24963.55342705305,24894.204219464827,24882.001860176548,24842.40104375004,24839.0449195216,24721.8539870193,24700.930298358617,24683.832016553555,24610.362446014577,24545.379024397866,24498.40399780003,24490.522928241506,24481.049282463526,24456.780551575368,24430.869139353705,24402.57528193975,24279.954422807772,24256.924797516946,24152.66125103706,24128.36256208501,24088.372043364277,24085.08037581552,24079.391883329306,24056.380955218992,24053.47863119914,23963.251072248873,23921.304255051236,23919.743211148365,23917.85688994004,23911.4405925443,23887.98708001605,23796.071858088137,23774.621212610295,23742.032924239473,23741.469588190328,23735.3467573297,23734.21112385218,23717.02223078371,23688.17108343118,23587.28549180987,23581.841830429617,23567.32683584707,23559.961732536936,23558.69639835569,23519.376630478582,23469.380084916538,23447.568406579525,23431.87456971995,23387.62410020281,23368.366292850635,23358.94557457105,23346.450606589966,23342.320455575344,23320.825328817074,23298.400765582825,23283.845606215607,23202.054926953566,23170.964911079223,23168.283942392507,23140.767399014945,23128.17982304859,23093.042770041666,23067.001074100757,23059.82959231403,23032.259087473813,23024.681226065957,1022.0,1022.0,1022.0,1022.0,1403.0,1403.0,1403.0,1403.0,2231.0,2231.0,2231.0,2231.0,2316.0,2316.0,2316.0,2316.0,2411.0,2411.0,2411.0,2411.0,2
3237.0,3237.0,3237.0,3237.0,3145.0,3145.0,3145.0,3145.0,3142.0,3142.0,3142.0,3142.0,3139.0,3139.0,3131.0,3131.0,3129.0,3124.0,3117.0,3115.0,0.39154507356764856,62.255666697256125,61.47257655012083,4141.372243125019,66.56266250650026,61.08103147655318,60.68948640298553,3.915450735676486,0.7830901471352971,61.864121623688476,62.64721177082377,66.1711174329326,1.1746352207029456,4203.627909822275,64.99648221222967,63.82184699152671,65.3880272857973,126.46905876235049,5.090085956379431,4140.980698051451,64.60493713866201,4204.0194548958425,4141.763788198587,4203.236364748707,1.957725367838243,1.5661802942705942,3.523905662108837,64.21339206509437,65.77957235936496,190.2909057538772,58.73176103514729,63.038756844391415,4202.061729528004,4142.938423419289,4142.155333272154,4144.50460371356,4139.414517757181,4201.670184454437,4205.585635190113,128.03523905662107,60.29794132941788,127.25214890948578,4202.84481967514,122.553608026674,3.1323605885411885,4207.151815484383,4205.977180263681,4.698540882811782,4.3069958092441345,4140.589152977884,2.74081551497354,126.07751368878283,4139.022972683613,4206.368725337248,4146.462329081398,125.68596861521519,63.43030191795906,184.80927472393012,56.77403566730904,190.68245082744485,123.3366981738093,123.72824324737695,127.64369398305342,189.89936068030954,188.33318038603895,4201.278639380869,4202.453274601572,4140.197607904316,4137.065247315774,59.123306108714935,4079.899666574898,4205.194090116545,185.59236487106543,121.37897280597106,57.16558074087669,4142.546878345722,4143.329968492857,122.94515310024165,2.349270441405891,4075.2011256920864,189.11627053317426,4138.631427610046,4204.41099996941,56.382490593741394,4200.495549233734,4139.8060628307485,189.5078156067419,129.20987427732402,185.98390994463307,4206.760270410816,4204.802545042978,57.55712581444434,4267.841301887369,5.48163102994708,4144.8961487871275,4137.456792389342,66.9542075800679,4078.3334862806273,120.9874277324034,57.94867088801199,37105.161804181174,34312.29418689746,31947.86217848508,31512.59695734583,31418.76912610473,31415.104265492446,31275.1951786902,31234.634508697458,31141.99696946876,30976.979221557845,30692.567869870272,30389.41169562554,30380.52151776496,30376.28285963901,30275.96761293197,30271.18733112215,30159.01198352349,30108.154002130577,30092.535459798095,29961.861008394113,29716.166993202456,29652.832339064767,29642.47579110208,29553.44955474442,29516.946830746478,29312.551395238777,29244.171333988354,29118.52782075757,29053.723431764152,29004.24983318251,28895.74557186016,28841.62391937931,28804.11978086466,28801.622860020696,28797.836792575046,28797.726392514538,28763.332469589306,28761.747807736076,28746.21066926672,28710.654701857442,28705.745400872333,28695.41806087828,28658.204495748832,28511.770213097854,28475.452552880124,28454.680758250463,28387.128808537764,28279.54886942889,28267.96326974015,28214.382101132993,28176.74412715552,28176.657724884775,28142.063968966704,28130.953893164096,28104.138072307043,28010.295946561444,27952.968393517345,27930.192539903048,27923.68244822007,27891.208923296796,27869.855612848813,27862.68957533559,27822.919447286353,27801.440578720078,27795.881850170797,27788.358760132134,27668.014268921397,27597.131869919875,27588.843050923824,27534.095890779052,27335.379018282274,27300.987333323937,27241.09307358209,27198.10632106453,27164.96525369836,27111.41762526747,27058.102184080202,27020.444648552348,27006.962563286834,26994.096141461872,26974.51465897971,26945.940640290006,26930.42306630802,26915.80702722589,26831.559166996518,26828.96831991211,26810.26225988224,26806.0392955693,26787.83159199628,26753.255964628624,26740.419474962946,26737.223028772503,26672.097016970023,26660.00268458396,26654.46270422494,26623.42224129824,26620.777778132382,26585.81790548474,26572.194262435623,26507.661592784363,838.0,838.0,838.0,838.0,911.0,911.0,911.0,911.0,2419.0,2419.0,2419.0,2419.0,2504.0,2504.0,2504.0,2504.0,2585.0,2585.0,2585.0,2585.0,2
3197.0,3197.0,3197.0,3197.0,3138.0,3138.0,3138.0,3137.0,3137.0,3137.0,3137.0,3126.0,3126.0,3126.0,3126.0,3116.0,3116.0,3116.0,3116.0,3113.0,4221.7925014397,4417.324887097263,4162.0464947109995,4417.712848179917,4225.672112266238,4412.6693541054165,4288.909768738823,4539.920589215894,4665.619979995757,3975.4372139544753,4286.194041160246,3970.7816809626283,4221.404540357045,4285.030157912284,4668.335707574334,4416.9369260146095,4285.806080077592,3975.0492528718214,4220.628618191738,4284.642196829631,4163.986300124268,4225.284151183584,4795.198981602158,4413.445276270724,4159.330767132422,4418.100809262571,4289.297729821477,4157.390961719153,4293.953262813324,4663.292213499833,4664.844057830449,4221.016579274392,4666.395902161064,4096.869032825145,4217.136968447852,4161.658533628345,4289.685690904131,4412.281393022762,4413.833237353378,4408.789743278878,0.7759221653077926,4162.434455793653,4286.969963325554,3.879610826538963,4665.232018913102,3974.6612917891675,4542.636316794472,4794.42305943685,123.75958536659292,4288.52180765617,4.655532991846755,4535.653017306701,4540.696511381202,4541.084472463856,127.63919619313188,4034.795259600521,4408.01382111357,4283.866274664323,122.98366320128513,4409.177704361531,4166.3140666201925,4094.5412663292213,4097.2569939077985,4541.47243354651,5865.583608644258,4537.592822719971,4413.05731518807,0.3879610826538963,128.41511835843966,124.14754644924682,120.26793562270785,4544.576122207741,4670.275512987603,4536.428939472009,122.20774103597734,4790.543448610311,3970.3937198799745,121.81977995332343,5041.166308004728,3979.704785863668,5045.821840996575,4544.188161125087,4670.6634740702575,4543.800200042433,4284.2542357469765,4164.374261206923,251.0108204770709,4541.860394629164,4219.076773861122,4415.385081683994,129.19104052374746,4293.56530173067,4540.308550298549,4164.762222289577,4290.461613069439,4538.368744885279,4167.0899887855,4661.352408086564,4092.601460915952,381.75370533143393,15746.870162649644,15437.584209622404,15171.357920267143,14648.453741025587,14602.23736373497,14328.409400608094,13854.167997324723,13587.64083383041,13429.684425334315,13365.62291165958,13284.252199159711,13272.928181444186,13253.05867813745,13248.362498043984,13233.335775421445,13068.513153297577,12992.232768395363,12824.236711941157,12790.182888749609,12715.278905435962,12595.886550821962,12455.640329777036,12423.099425920798,12422.119711950563,12387.645149351594,12324.133580618201,12232.625091071039,12200.692133749368,12102.348306002441,12064.673676276401,11985.256077445507,11965.326622398872,11829.843567600828,11786.188761854417,11746.880690141217,11715.306990877869,11704.00960423813,11688.006622719126,11669.928786422497,11658.76642784849,11648.649433670957,11602.661337448153,11589.601073370844,11582.80188639704,11578.531737804842,11499.5804698569,11385.090489800981,11367.234240787884,11322.046741156279,11303.640960797487,11282.000241082096,11277.062140810041,11243.912873014948,11238.781717132684,11155.331397050788,11112.245454208518,11100.305968910494,11069.743326691816,11000.983952898203,10946.106781902656,10944.825150485913,10901.3036224081,10891.75726215763,10862.314549973555,10857.353566500613,10846.424745220178,10831.857856553781,10779.355376538913,10696.631841988821,10685.459144335473,10670.458937535024,10641.159421459655,10638.77829062459,10614.178142399189,10594.992020837368,10592.648187956165,10572.786438810333,10543.25923276202,10524.803419693799,10485.687429166179,10477.353651362444,10450.772912211525,10450.22712986292,10438.810294910183,10434.599596466855,10434.0373542166,10430.482618687856,10389.151859765721,10296.551250973796,10281.915414534993,10280.166746668767,10270.274782705703,10197.694339616224,10119.174067053431,10103.670232259887,10090.534490502598,10078.452625021657,10074.771098340385,10010.94798394177,9993.622728051134,2495.0,2495.0,2495.0,2495.0,2726.0,2726.0,2726.0,2726.0,2731.0,2731.0,2731.0,2731.0,2763.0,2763.0,2763.0,2763.0,2804.0,2804.0,2804.0,2804.0,3
3249.0,3249.0,3249.0,3249.0,3190.0,3190.0,3190.0,3190.0,3173.0,3173.0,3173.0,3173.0,3155.0,3155.0,3155.0,3155.0,3136.0,3136.0,3136.0,3136.0,4223.278488726386,4161.365021328458,4164.777574649604,4413.893967093236,4477.269957343084,4160.877513711152,4162.827544180378,4284.216940889702,61.425959780621575,4411.943936624009,4224.741011578306,1.9500304692260817,4225.716026812919,4410.4814137720905,1.4625228519195612,4353.930530164534,4286.166971358927,124.80195003046923,4163.315051797685,4412.431444241316,65.81352833638026,4350.517976843388,3.9000609384521634,4414.3814747105425,4416.331505179768,4344.180377818404,4476.782449725777,4159.414990859233,4541.133455210238,2.9250457038391224,4352.468007312615,61.913467397928095,4.387568555758683,4420.231566118221,66.30103595368678,59.96343692870201,3.412553321145643,4222.79098110908,191.102985984156,4095.0639853747716,4475.319926873857,2.437538086532602,58.50091407678245,193.0530164533821,4219.378427787934,122.85191956124315,4539.183424741012,4.875076173065204,62.888482632541134,4478.7324801950035,4535.770871419866,126.7519804996953,5.362583790371724,58.98842169408897,4473.369896404632,4227.178549664839,4473.857404021938,64.3510054844607,63.86349786715417,60.450944546008536,59.47592931139549,189.64046313223645,4156.9774527726995,4409.993906154784,128.7020109689214,4543.083485679464,4349.055453991468,4159.902498476539,4354.41803778184,4036.0755636806825,63.37599024984765,4229.128580134065,129.1895185862279,62.400975015234614,4285.6794637416215,4411.456429006704,4417.794028031688,4224.253503960999,4535.2833638025595,126.26447288238879,4221.815965874467,4418.281535648995,4290.554539914686,4479.219987812309,4415.843997562462,4155.027422303474,192.56550883607557,4666.422912858014,4481.170018281536,4419.744058500914,127.72699573430835,4478.244972577697,124.31444241316271,4219.865935405241,60.938452163315056,189.15295551492991,4156.489945155393,64.83851310176722,4164.290067032298,68.25106642291286,24393.01208513376,23798.676442669916,23242.544743001043,23019.75361523764,22992.189124793113,22463.1931806879,21941.230812762995,21686.92354553758,21296.93708604954,21066.118023476756,20907.2141157574,20906.078444427905,20596.329341041845,20485.626044076867,20481.780276579033,20475.956654896145,20458.10120293667,20311.216482999276,20127.43942824506,20115.77300231014,20055.310780241627,19916.205472456662,19902.255162380716,19875.265509565204,19789.018846458137,19786.82680975267,19749.889711828873,19634.069033794778,19611.79872988122,19541.256547042518,19483.28907980947,19479.25532852641,19368.60674190502,19244.026383506218,19196.54160441487,19151.085255898444,19067.309804175577,19043.495138641953,19035.975421810414,19006.467685593747,18935.597959459257,18861.721035058184,18858.445128846477,18672.20543433705,18646.69287968135,18642.11600949552,18607.565907869226,18555.604812338002,18530.73661512879,18418.050214150106,18401.712946158226,18399.799284245757,18364.936485655886,18354.682074931858,18328.699337146416,18278.974697312005,18235.785648594516,18193.675879446142,18192.104744355183,18166.41161907468,18148.566616579636,18117.89624394407,18021.129829463727,17990.798976680333,17943.85797361287,17906.599482895686,17851.520382738807,17823.277646635026,17811.686558635687,17773.850298437716,17752.70785390418,17718.25792282869,17705.377521470404,17690.797357777043,17689.685935549976,17666.543707322366,17596.907644684397,17556.648605873008,17555.49156014612,17519.904645152077,17450.518361699655,17437.09934673961,17410.542271482238,17378.946816342584,17366.506544635056,17326.273589813223,17322.220875855473,17309.705892149897,17299.336770947,17278.498152281973,17273.440676700975,17231.961909956164,17218.969330087763,17192.252735511276,17176.930264191342,17145.8122281365,17134.369354824164,17116.835995000103,17109.02969200547,17097.04277509006,1915.0,1915.0,1915.0,1915.0,1950.0,1950.0,1950.0,1950.0,2342.0,2342.0,2342.0,2342.0,2580.0,2580.0,2580.0,2580.0,2694.0,2694.0,2694.0,2694.0,3
3232.0,3232.0,3232.0,3190.0,3190.0,3190.0,3150.0,3150.0,3150.0,3150.0,3141.0,3141.0,3141.0,3141.0,3141.0,3141.0,3141.0,3141.0,3137.0,3137.0,0.4522169228051581,4414.993817346758,4472.877583465818,3.1655184596361066,4662.808691043985,4164.917859035506,4159.943472884649,2.7133015368309485,4165.370075958311,5.426603073661897,4350.779014308426,4480.113054230701,2.2610846140257905,4094.824236000706,4.974386150856739,4102.9641406112,4412.280515809927,4095.2764529235114,4667.783077194842,4.522169228051581,4157.230171347818,4098.894188305952,4349.874580462815,1.8088676912206323,4475.138668079844,4412.732732732732,4476.947535771065,3.6177353824412646,4479.660837307896,4100.703055997174,4665.521992580816,7.687687687687688,65.57145380674793,4.069952305246423,4358.014485073309,4289.277512806924,62.405935347111814,4471.9731496202085,65.11923688394276,4665.06977565801,4662.356474121179,4477.39975269387,4480.565271153506,4159.491255961844,4665.974209503621,4102.511923688394,4415.446034269564,4410.019431195901,4157.682388270623,4168.083377495142,4731.997880233174,4472.425366543013,5044.479773891539,4670.044161808867,4160.395689807454,60.59706765589118,4350.326797385621,4099.346405228758,8.139904610492845,7.235470764882529,4092.1109344638753,67.83253842077372,4484.635223458753,4668.235294117647,4409.567214273096,4161.752340575869,4355.753400459283,4091.65871754107,4406.853912736266,57.43154919625508,4344.900194311958,4415.898251192369,64.6670199611376,6.331036919272213,373.9833951598657,4164.465642112701,4167.178943649532,4097.085320614732,4102.059706765589,61.95371842430666,4407.758346581876,4476.043101925455,1.3566507684154743,63.31036919272213,61.04928457869634,4474.686451157039,4727.0234940823175,6.783253842077371,4162.204557498675,4093.4675852322907,4098.441971383148,4165.8222928811165,4417.254901960784,4660.999823352764,4663.26090796679,4726.119060236707,70.0936230347995,0.9044338456103161,4541.6145557322025,4167.631160572337,20580.445302370474,18707.45385918971,18227.798209272514,18091.246224421502,17817.570903364212,17615.866777860898,17559.981568751322,17555.572839751494,17431.880109284648,17296.40472196508,17211.559430207937,17038.351386992254,16823.57946119007,16618.66667743473,16388.359706353593,16268.291766314418,16155.16023483619,16107.019119265715,15982.124830894056,15855.719386044873,15654.387059440636,15610.10812504157,15595.121410268219,15518.807639073675,15513.227727103913,15473.642548928492,15463.980753145544,15458.74648470295,15455.83501715743,15381.07856584047,15341.728646014366,15333.018295628932,15268.552924517686,15191.195064923,15085.206840763289,15001.017079918329,14924.06449236134,14878.401064262998,14810.02308599815,14758.657954776903,14756.453031650093,14748.669787654846,14721.935470003456,14710.494766765374,14634.228887611096,14623.557234959662,14580.436851812477,14575.509883493183,14547.219542215524,14505.289610189115,14411.462981832023,14388.041439746466,14345.599098181889,14329.196942648441,14302.427426061582,14189.03894162358,14156.78938357113,14109.56425213405,14036.004111999953,13999.125746500446,13956.69031865681,13913.264007004735,13807.025383374197,13759.582310148431,13729.961849254922,13719.001976359037,13712.170187025802,13694.185036771967,13663.922288646689,13663.534137357437,13625.870429648443,13518.494393401183,13401.04483503581,13393.352960417582,13364.111277412561,13361.480592518978,13337.064901736689,13317.887014096921,13311.616356799417,13308.563067222405,13304.715895717794,13289.997321714229,13287.075274175106,13286.091805986312,13280.45088409929,13185.163205268618,13148.548966478505,13088.549760768306,13008.330937704453,13003.065171338538,12974.736109448695,12969.135714635035,12967.079542535766,12956.37845820834,12927.391313962991,12862.970799460565,12778.021281140695,12755.65250425421,12725.21940001028,12676.606529089584,2413.0,2413.0,2413.0,2554.0,2554.0,2554.0,2562.0,2562.0,2562.0,2603.0,2603.0,2603.0,2603.0,2609.0,2609.0,2609.0,2650.0,2650.0,2650.0,2650.0,3
3156.0,3156.0,3156.0,3126.0,3126.0,3126.0,3123.0,3123.0,3123.0,3108.0,3108.0,3108.0,3108.0,3104.0,3104.0,3104.0,3102.0,3102.0,3102.0,3101.0,3974.396406513195,4036.1198269313345,4414.070086204049,4409.842454668561,4157.875615153417,4219.599035571557,4094.883905274631,4351.078376325264,4156.184562539222,4471.143111933151,4411.533507282757,4162.526009842455,4092.770089506887,4101.225352577865,4228.054298642534,4094.4611421210825,4225.94048287479,4219.176272418007,4167.599167685042,4226.363246028339,4158.721141460515,4413.224559896952,4417.87495458599,4096.997721042376,4415.338375664696,4162.948772996004,4416.1839019717945,4419.566007200186,4414.915612511148,4221.290088185752,4479.598375004129,4412.379033589854,4472.8341645473465,4221.712851339301,4418.297717739539,4223.403903953496,4228.477061796083,4356.1515341678505,4162.103246688906,4407.728638900816,3972.7053538989994,4289.354955907124,4166.330878224395,4037.388116391981,4165.062588763749,4480.021138157678,4421.257059814381,4410.687980975658,4546.8177164184035,4354.460481553655,4477.907322389933,4344.73692902203,4285.127324371636,4415.761138818245,4413.647323050501,4294.8508769032605,4224.249430260595,4352.346665785911,4095.3066684281803,190.24341909700433,4160.412194074711,4537.939690193877,3909.290880866665,4411.956270436305,4354.037718400106,4286.395613832282,4165.908115070846,4283.013508603891,4233.127456485121,4728.1831092908815,4104.607457806256,6.764210456782377,4353.614955246557,4102.493642038511,4352.769428939459,4159.989430921161,4476.216269775738,4404.346533672425,4031.4694322422965,4164.639825610199,4409.419691515011,63.41447303233478,4406.03758628662,4480.866664464776,4218.33074611091,4035.6970637777854,4038.2336426990787,4225.517719721241,4154.916273078575,4091.924563199789,4217.485219803812,4101.648115731414,4293.159824289065,4164.217062456651,4222.981140799948,4411.110744129207,4408.996928361463,4346.427981636226,4034.00601116359,4664.768636258546,14205.366267065918,13269.983308783481,12184.112598844398,12135.820794219517,11928.781678214431,11901.905938255719,11820.147394246913,11676.224299254633,11605.406220600395,11589.360632742018,11554.682245751681,11526.651865221073,11526.450017427236,11525.89986052021,11360.095627679755,11272.427495170707,11148.078509530442,11104.101757278002,11046.932506447989,11031.513342878618,10971.789069272985,10817.88556077981,10761.116128360465,10739.16347102323,10688.447565704606,10647.158315609813,10629.370759767828,10618.244910703941,10606.400962537497,10530.061123055391,10498.507427536848,10494.215168243512,10454.428425115437,10424.840781918561,10422.338149436111,10365.8589313766,10359.721171216761,10353.644869650872,10307.941033365323,10304.142936260025,10289.662337458403,10265.737613260331,10242.76679075007,10216.653349529537,10172.28333844651,10139.548187139195,10101.809194657453,10073.33903355477,10055.014813895303,10023.192785778121,10009.932713658598,9974.505401019424,9964.931394604686,9963.106725281803,9895.840871389126,9884.757667695185,9789.529943639833,9771.129250996693,9759.42354574159,9710.887332242968,9706.23092294891,9685.149836280378,9668.122482476927,9611.603722574037,9575.643705966397,9544.70881047185,9525.365874817206,9525.131435036119,9521.165542279708,9516.974194677914,9514.955136762326,9497.49910726219,9489.976552598655,9487.810760586473,9467.9843625576,9462.920996277842,9422.390714376403,9394.312455556581,9375.854427639051,9357.370426199237,9338.404402214102,9338.126463664306,9330.110657074185,9320.600720280318,9315.955578929479,9288.712179438833,9285.627373330406,9273.975332723416,9267.63934093378,9249.566799971424,9244.33623526123,9215.590404316541,9202.896825007329,9180.97724403827,9170.873171239351,9160.63592211892,9153.161828391738,9110.756060512675,9109.710600390803,9093.984442983889,2260.0,2260.0,2260.0,2378.0,2378.0,2378.0,2709.0,2709.0,2709.0,2798.0,2798.0,2798.0,2824.0,2824.0,2824.0,2847.0,2847.0,2847.0,2919.0,2919.0,3
3197.0,3197.0,3197.0,3197.0,3165.0,3165.0,3165.0,3165.0,3164.0,3164.0,3164.0,3164.0,3153.0,3152.0,3152.0,3152.0,3152.0,3134.0,3134.0,3134.0,4225.786662071342,4351.073582629674,4347.985524728589,4286.665517835602,4160.496295019817,4284.9009133206955,4286.224366706875,4348.426675857315,4346.662071342409,4222.2574530415295,4347.103222471135,4287.547820093055,4345.779769084956,3.0880579010856453,4097.852834740651,4225.345510942616,4100.940892641736,4666.937790797863,4348.867826986041,4347.5443735998615,4222.698604170257,4160.937446148543,4475.919352059279,4289.3124246079615,4227.110115457522,4096.529381354471,4419.0108564535585,4477.2428054454585,4164.466655178356,4290.635877994141,4096.970532483198,4157.408237118731,4099.617439255557,4474.154747544373,4226.6689643287955,4416.363949681199,4412.834740651387,4228.433568843701,0.44115112872652074,4164.0255040496295,4226.227813200068,4419.452007582285,4289.753575736688,4355.485093916939,4353.279338273307,4285.342064449423,4098.735136998104,4287.1066689643285,4287.988971221782,4036.5328278476645,4161.37859727727,4415.922798552472,4415.04049629502,4219.610546269171,4223.139755298983,4418.569705324831,4160.055143891091,4349.308978114768,4285.783215578149,4292.400482509047,4351.5147337584,4542.533172496984,4036.973978976391,4476.801654316732,4668.702395312769,4283.13630880579,4344.01516457005,3968.5955540237806,4224.4632086851625,3976.9774254695844,4413.71704290884,4604.7354816474235,4409.305531621575,4351.9558848871275,4224.022057556436,4599.000516973979,4158.290539376185,4406.217473720489,4159.172841633637,4228.874719972428,4541.209719110804,4662.085128381871,4039.1797346200237,4290.194726865414,4407.982078235395,128.81612958814407,187.48922970877132,4031.6801654316732,126.61037394451145,4350.632431500948,4411.070136136481,4355.043942788213,4605.617783904877,4358.132000689298,4354.602791659486,63.525762536618984,4097.411683611925,4163.143201792176,4409.746682750301,4350.191280372221,14789.603691476428,14180.997996053557,14048.069186915805,13775.42177517446,13609.3854567031,13256.38884749265,13183.47216641355,12832.391797202286,12621.338915926792,12383.130091782485,12266.6213038813,12180.168367980326,12125.953063838546,12005.827484578722,11995.036940419046,11943.196778949727,11872.448002987718,11868.184750428522,11836.805666345177,11834.517004443025,11833.875322966893,11814.141747751954,11763.767372103965,11755.761774420776,11665.68471660072,11615.352457309615,11609.481333034095,11597.380962754052,11581.968764172667,11544.597488331801,11534.735056298443,11422.18870798657,11400.797088559817,11399.079900292647,11376.195500931068,11317.696871242168,11310.497631382867,11272.549080890385,11261.846067744393,11245.93606095207,11224.43465031712,11204.744734790183,11187.014060947886,11064.5403302253,11014.084136162086,10924.356856934264,10887.951476869159,10835.189570097875,10793.133330458473,10778.521153950256,10741.114732103648,10726.3606311277,10721.47289598205,10655.628551411604,10642.64749210898,10621.369616675576,10618.493270347019,10586.397480811109,10584.934670054083,10523.40089942081,10518.57592300128,10498.061958647924,10484.574464441386,10474.8948963921,10451.879241458097,10432.539406554988,10419.42062917228,10403.87789697083,10391.047371324828,10382.414702957343,10367.894112893984,10344.952127556282,10288.165263425304,10254.657495226664,10250.164789698394,10234.18643267402,10217.142753707405,10213.17749721944,10211.000652745952,10207.683047838049,10190.626095081892,10151.51106113457,10126.656471035267,10090.096260246524,10084.275898242278,10062.53360919794,10047.240740280917,10008.515981025026,9993.879510724451,9992.449107129552,9980.66832778173,9968.181384025915,9954.526992872636,9944.964190156403,9891.143914393204,9829.278466423251,9816.434881120524,9812.505085861338,9780.435019842807,9732.135906281861,2343.0,2343.0,2343.0,2343.0,2462.0,2462.0,2462.0,2462.0,2788.0,2788.0,2788.0,2788.0,2791.0,2791.0,2791.0,2791.0,2802.0,2802.0,2802.0,2802.0,3
3192.0,3140.0,3140.0,3140.0,3140.0,3138.0,3112.0,3107.0,3107.0,3107.0,3104.0,3099.0,3099.0,3099.0,3099.0,3097.0,3097.0,3097.0,3096.0,3096.0,4409.062319491689,4603.760990950517,4533.932353507477,4595.135100442847,4602.528720877993,4162.608304986843,4169.591168731147,4791.887555355882,4349.091842628843,4347.859572556319,4284.603042166742,4604.171747641358,4164.251331750209,4357.306976445671,4665.78525126757,4160.965278223477,4418.0989666902,4287.889095693473,4604.993261023041,247.6862845773699,4473.961876644631,65.3103138437841,4289.532122456839,188.1265644053655,4294.461202746936,4096.476477761376,61.61350362621141,4855.965599127142,59.97047686284578,4605.814774404724,4283.3707720942175,4031.5769206084333,4038.5597843527376,194.69867145882807,4100.994801360632,4158.089981387588,58.32745009948014,4040.202811116103,4345.805789102112,4545.433540851037,4600.474937423785,1.2322700725242282,4293.639689365253,4480.944740388935,4359.360759899878,4407.419292728323,442.38495603619793,182.37597073358577,4413.991399781786,198.39548167640075,4858.840895963032,1.6430267633656377,191.00186124125537,4346.216545792953,4100.173287978949,5046.5567036775565,4535.164623580002,4731.506321802195,4612.797638149028,4477.247930171363,129.79911430588538,4344.573519029587,4158.911494769271,4417.277453308517,57.09518002695591,4660.445414286632,4097.708747833901,4167.948141967781,4533.521596816636,4282.960015403376,4229.972402284834,309.2997882035813,63.25653038957705,4229.561645593993,4605.404017713882,4540.9152172517815,4354.431679609781,627.2254669148322,5036.287786406521,4160.143764841795,4234.901482574931,4159.7330081509535,4607.047044477248,4340.465952121173,126.5130607791541,3720.6341056414867,4342.930492266222,4168.358898658623,68.59636737051537,4156.03619793338,4595.95661382453,4614.029908221552,4158.500738078429,4039.7920544252615,4480.123227007252,196.3416982221937,8.625890507669597,4161.376034914319,4732.327835183878,4790.244528592517,12899.489531646443,11952.862545135682,11926.072632885142,11652.907235303757,11625.028999202908,11537.123307211452,11195.272266775673,11148.199849961087,10444.088245102897,10421.744830636053,10221.668647234594,10180.74675547223,9573.685346620763,9571.713380037594,9510.680601786387,9493.362226045821,9482.217873092759,9451.152642886213,9386.372801667236,9356.746044571693,9329.56001552944,9219.695501965443,9218.860143924563,9215.43017705651,9121.078986727549,9120.146515477092,9093.620742333322,9091.515131859524,9039.226099332043,9023.601096367349,9017.62737220688,8999.203310507102,8818.33708473031,8777.120542211203,8744.380832404651,8702.806234670423,8654.028867967238,8596.193382703934,8591.537545229634,8579.310388732101,8568.529558985947,8565.060721339982,8564.912526326345,8535.002776375843,8526.151597657587,8511.352949417693,8499.413542346023,8469.806520943268,8454.14350185591,8383.544459734514,8316.799343760387,8272.559377394571,8264.755085396857,8261.5103064199,8195.020617226717,8188.4148634166895,8174.659818171871,8145.486767092878,8145.211500247917,8141.673514518242,8136.964398323628,8131.599618368914,8129.449279839361,8113.49174253919,8112.320376915669,8110.955726908121,8110.01779269692,8104.7379804227785,8102.469175904696,8091.181021450807,8073.2156465113185,8064.721850705027,8064.214677525352,8060.7756519202885,8055.5291121987975,8047.600824840978,8040.068558226569,8039.867636859298,8039.36142126723,8028.342728640713,8023.625497232038,8015.923939515533,7983.613383565433,7974.764014899418,7973.987301436587,7949.760066540426,7949.668098707751,7892.003914751924,7878.845758177409,7874.907790091411,7873.830341779337,7864.894391671387,7858.916110992518,7857.467203153759,7855.166296139727,7838.572683753335,7833.425297244384,7810.852016957883,7805.509693854221,7795.713049522876,1744.0,1862.0,2345.0,2558.0,2592.0,2695.0,2704.0,2722.0,2803.0,2803.0,2803.0,2803.0,2818.0,2828.0,2838.0,2845.0,2845.0,2845.0,2845.0,2861.0,4
3215.0,3215.0,3174.0,3174.0,3173.0,3173.0,3168.0,3168.0,3146.0,3130.0,3129.0,3120.0,3120.0,3114.0,3114.0,3111.0,3111.0,3104.0,3104.0,3100.0,4291.441768393269,4159.401737600351,4290.878697899482,0.2815352468932145,4417.288023754536,4103.094688221709,4413.346530298031,4412.501924557351,4033.273946992191,185.53172770262836,4162.498625316177,4094.648630814912,3.3784229627185742,4161.09094908171,2.8153524689321454,250.56636973496092,314.75640602661383,4221.339491916859,4539.192785659297,4292.0048388870555,0.563070493786429,3978.6561090949076,4283.840316727152,4287.781810183657,4103.376223468602,3974.151545144616,4405.1820081381275,128.94314307709226,4601.412075222698,4409.686572088419,4280.743429011327,3841.8299791048053,4350.564170240844,7.319916419223578,3844.6453315737376,4729.792147806004,4103.657758715495,3974.9961508852957,4404.900472891234,4098.0270537776305,3977.5299681073348,4288.90795117123,121.34169141097546,125.56472011437367,4730.073683052897,4292.286374133949,4538.911250412404,4420.947981964147,4167.566259760255,4671.232816452215,3981.4714615638395,319.54250522379846,4469.653579676674,131.7584955460244,4286.092598702297,4224.154844385791,61.937754316507196,4281.02496425822,3783.5521829979098,4479.788848564829,316.7271527548663,70.10227647641041,249.72176399428128,308.84416584185635,4420.103376223468,4415.880347520069,4538.066644671725,4283.558781480259,4226.970196854722,4598.033652259979,4848.318486748047,4792.011437369404,4151.518750687342,4598.596722753766,4165.877048278895,4105.910040690641,4531.309798746288,508.1711206422522,4281.306499505114,3782.9891125041236,438.6319146596282,3912.213790828109,4298.761684812493,4424.044869679973,3.0968877158253596,4412.783459804245,4660.534477070273,4286.937204442977,4288.063345430551,4980.076982294072,4292.567909380842,4417.569559001429,317.57175849554596,3842.1115143516986,500.5696689761354,4408.84196634774,4280.18035851754,3901.79698669306,3911.932255581216,4420.666446717254,14916.280317975084,14892.618517690602,13247.492980711817,12705.67453176894,12512.44643556806,12423.321924233534,12180.63633254848,11935.943846771559,11864.954501947515,11835.02883182359,11816.187366820572,11633.771784923973,11487.516706672583,11443.505385248247,11394.322071511933,11325.071043030523,11324.789885058422,11232.645677853248,11196.582527821844,11130.112096345303,11108.544198054786,11039.160407876036,10954.20556019188,10921.418880165893,10906.56663582502,10838.21811628795,10714.01905674225,10710.571898717926,10686.424514561137,10654.658500047197,10633.58964189018,10631.068160867819,10593.435777685389,10541.386544826886,10525.981482673715,10500.609525568889,10493.471391492534,10493.411906075853,10486.952448081256,10478.7013214432,10454.142749187291,10448.741429946984,10429.229727918375,10396.224072302744,10383.321145362966,10379.056048655628,10368.019744326906,10337.850962477874,10332.762831618506,10305.608190573654,10295.946487993722,10245.920927778423,10244.48764859719,10234.7406644168,10208.217687059494,10205.898790856492,10191.925587067879,10186.586933454193,10176.840288963704,10161.643666389038,10155.551994380075,10154.496116613722,10153.397062615431,10143.61290012901,10113.711070405052,10077.500089820125,10071.69264833426,10051.683604884516,10044.675900919856,10037.347443851395,10036.542092000804,10035.757174712688,9989.239136366767,9977.509044314627,9969.365490265718,9915.119848827157,9882.56076589682,9874.746898754043,9849.941157869056,9849.521656355866,9847.66518382169,9813.921328892644,9802.93129190877,9796.854934385234,9796.197627938402,9789.986556363885,9773.424228540414,9754.293764328482,9753.116518959121,9744.116887123151,9740.975551631718,9723.31613310804,9685.219544890526,9681.371361177404,9652.875907703365,9646.09554802317,9637.173233083628,9606.971850020058,9588.017167012025,9580.6528717256,1993.0,1993.0,2453.0,2453.0,2458.0,2458.0,2594.0,2594.0,2629.0,2629.0,2695.0,2698.0,2698.0,2721.0,2721.0,2762.0,2762.0,2763.0,2763.0,2768.0,4
3190.0,3152.0,3152.0,3152.0,3129.0,3127.0,3127.0,3127.0,3127.0,3127.0,3127.0,3127.0,3121.0,3120.0,3120.0,3120.0,3120.0,3113.0,3108.0,3108.0,4350.858729810714,4292.392019294014,4344.310458232843,4224.570635094643,4410.728641379814,4349.4555287583125,4477.146824526784,66.41818314697069,4289.585617189213,4408.85770664328,4475.743623474384,4407.454505590878,4603.434919242855,4282.569611927209,4352.261930863115,4418.680114010085,4537.016736095885,3906.979463567931,4535.613535043484,4849.930570781261,4417.744646641818,4546.83914346269,4793.334795001096,191.30307681064093,4485.56603084119,4535.145801359351,4348.987795074179,4291.456551925747,4417.2769129576845,4158.152451947672,4100.153475115106,4283.972812979609,4467.324417159979,4292.859752978147,4661.901629759555,4358.8102024409845,4223.167434042241,4921.026090769567,4281.166410874808,4479.017759263319,3847.577285682964,4093.137469853102,4216.619162464372,61.27311262150113,4406.051304538478,4356.003800336183,4409.325440327413,4091.734268800701,4668.449901337425,4360.681137177519,7.0160052620039455,4472.001754001315,4919.622889717167,4415.873711905284,4342.4395234963085,184.75480523277056,124.88489366367024,4234.393042461448,5046.378718117371,4098.282540378572,571.5705620112548,4284.440546663743,4978.089600233867,4410.2609076956805,119.27208945406709,4726.448878169992,5108.58729810714,3848.9804867353646,4349.923262442447,125.82036103193742,4407.9222392750125,4166.571658262077,3524.841043630782,7.951472630271139,4670.32083607396,5105.7808960023385,4477.614558210918,4035.1384930205363,4470.598552948914,4103.427610904041,71.09551998830665,4474.340422421983,4414.470510852882,4285.843747716144,4290.988818241613,3779.7559014835924,4481.356427683987,3973.865380399035,4283.037345611342,4359.277936125119,4293.795220346415,4232.989841409048,4299.408024556018,4488.372432945991,4671.724037126361,5609.530073814221,60.80537893736753,4602.031718190455,131.4331652415406,255.85032522107724,13497.945099530827,11546.364224777884,10730.807009355887,10269.696325208446,10174.415961605217,10014.359958013196,9961.713829132159,9822.439216178867,9821.234855993001,9631.074450439975,9554.461366471116,9484.405413700151,9310.448789631117,9291.127638260452,9187.833999492794,9152.84812657557,9052.714308425973,8962.963435197044,8951.463373965606,8913.635502505082,8819.647731334046,8779.50154743211,8718.21358087126,8684.973797758143,8665.591499057962,8661.27935765928,8600.182500060002,8548.684511086884,8527.124559785067,8526.489547541021,8491.18306073273,8446.707976622454,8425.806440068853,8420.469732438996,8380.122744907389,8222.601867222818,8216.89120852348,8173.715784822307,8036.910532214773,8001.161434366076,7988.368182722666,7972.388063533097,7943.892207197347,7941.634382034851,7938.42740206773,7907.471554623742,7904.5179913009515,7863.658541411472,7838.599336408379,7798.899753516035,7744.153297533954,7740.080011062189,7723.746663637531,7715.806265785676,7702.351621033973,7677.072290451022,7676.291066276683,7608.605695198607,7601.345507094278,7598.33365603932,7576.958714382648,7564.870010044385,7556.212963285185,7555.164060205915,7505.046707346735,7480.737605271599,7471.130364254381,7461.569880893701,7451.985530851054,7446.21690102511,7442.756996348869,7441.37793718376,7433.738814861463,7416.3057616642645,7411.255264779759,7401.393286712677,7382.352364626587,7381.006650636394,7372.544204340348,7367.3368186556445,7365.116169151289,7363.392253124028,7357.104187435904,7356.778526258652,7345.343685955472,7321.106546426334,7315.148846586245,7312.379927412854,7304.516988465786,7304.136255772403,7287.336691166553,7279.698208038016,7276.89139788493,7275.996927988616,7263.923448580705,7258.498400069642,7254.5980982407145,7237.768779278895,7237.271880212499,7234.90441887202,1616.0,1700.0,2469.0,2654.0,2660.0,2678.0,2750.0,2772.0,2772.0,2772.0,2772.0,2804.0,2856.0,2887.0,2887.0,2887.0,2888.0,2912.0,2912.0,2912.0,4
3283.0,3283.0,3283.0,3283.0,3229.0,3229.0,3229.0,3229.0,3211.0,3211.0,3211.0,3202.0,3202.0,3202.0,3202.0,3188.0,3188.0,3188.0,3188.0,3166.0,0.33370701566858724,0.6674140313371745,4.338191203691634,3.6707771723544598,4.004484188023047,63.73803999270016,4.671898219360221,63.40433297703157,64.07174700836875,2.3359491096801106,2.0022420940115233,59.39984878900853,63.070625961362985,2.669656125348698,64.40545402403734,3.3370701566858725,58.732434757671356,1.0011210470057617,4414.943817295409,4411.273040123055,64.73916103970592,4414.61011027974,4347.535000130354,66.74140313371744,59.06614177333994,60.73467685168288,5.005605235028809,67.07511014938603,4732.632896211904,5.339312250697396,4793.367573063587,3.003363141017285,67.40881716505463,62.7369189456944,4350.8720702870405,4732.966603227573,4351.205777302709,58.39872774200277,1.6685350783429362,4728.96211903955,4414.276403264072,4728.6284120238815,4411.606747138723,60.067262820345704,4347.2012931146855,61.068383867351464,8.008968376046093,4351.539484318378,59.73355580467712,62.40321193002581,4350.538363271372,66.40769611804886,4415.611231326747,61.40209088302005,4793.033866047918,7.675261360377506,4791.699037985244,60.40096983601429,4789.029381859896,4355.5439685064,4354.876554475063,7.3415543447089195,4355.210261490732,8.34267539171468,4356.211382537737,4407.268555935032,4478.348150272441,4410.939333107386,1.334828062674349,67.74252418072321,4788.361967828559,4728.294705008213,123.47159579737728,56.062778632322654,65.07286805537451,4729.295826055219,4418.948301483432,4724.957634851527,4347.868707146024,4343.196808926663,4789.363088875564,68.40993821206038,4795.703522173268,56.39648564799124,4788.695674844227,4284.130667153323,123.1378887817087,4792.366452016581,4096.587324347577,4286.800323278671,62.069504914357225,4419.282008499101,4348.202414161692,4415.277524311077,4355.877675522069,4419.615715514769,4409.9382120603805,4352.874312381052,4791.365330969576,61.73579789868864,46884.76225589481,44475.434960579885,41850.41676561859,40373.165304185946,40323.70575265956,40132.18109953844,39033.276034075745,38884.16082897165,38530.922564254855,37390.96473168428,36741.52316333165,36572.14963364725,36536.453353936966,36208.10961299014,36145.67798157196,35878.33080615458,35566.28432204859,35113.824309507254,35112.92337119437,34428.55197592329,34267.84094170389,34254.903772718186,33948.24197593903,33890.24485451785,33862.771248603625,33743.05884662276,33716.17434595178,33524.750543614326,33383.90514602391,33294.11452957041,33142.79390563599,33131.01852322831,33088.818843663306,33086.36611980382,32995.75964652671,32802.40333131515,32418.97107118107,32403.40485435274,32353.865065579772,32115.497446769445,31965.050115324568,31860.84187685534,31798.93386458296,31565.31691619454,31502.295385774687,31496.776192780446,31483.41398847483,31372.486787950023,31284.844378423433,31226.251093437822,31074.751473491942,31055.835830589225,31050.03765406165,31012.541023025446,30894.94683262186,30836.560713418232,30785.988672493535,30669.384705822908,30640.052855385184,30610.127341028838,30580.2098619619,30462.12327326596,30445.661693707498,30414.40540206697,30346.346193295627,30032.22217243451,30009.64303544512,29953.855062283208,29882.98529306062,29853.94630420813,29775.643566174767,29637.00065264189,29491.127798846257,29484.0495533271,29450.737758518546,29430.92152131921,29422.76653652056,29422.433542760915,29222.839557499487,29200.237394200045,29151.41582729063,29126.01170434757,29030.775254847176,28928.815312702343,28900.534386108437,28827.77546469843,28743.314554136272,28707.283077356526,28692.925694696638,28680.638675484985,28560.051040840204,28538.068726644844,28523.957079867403,28414.843668208905,28336.136148237474,28320.680312605615,28313.21931750772,28305.384685269088,28294.623775657896,28224.15800552059,1982.0,1982.0,1982.0,1982.0,1998.0,1998.0,1998.0,1998.0,2139.0,2139.0,2139.0,2139.0,2165.0,2165.0,2165.0,2165.0,2193.0,2193.0,2193.0,2193.0,4
3164.0,3164.0,3164.0,3164.0,3149.0,3149.0,3149.0,3149.0,3142.0,3142.0,3142.0,3142.0,3115.0,3115.0,3115.0,3115.0,3103.0,3103.0,3103.0,3103.0,4791.93850228889,4730.026199867561,62.28082803097919,4352.287449975528,4538.761408458815,4789.727348630985,2.579679267555351,4539.129934068465,4476.849106037486,4727.815046209656,4541.709613336021,631.6528949414102,61.54377681167766,253.54561943972593,5.527884144761466,442.59925719056804,4288.163993896294,946.373765583163,186.10543287363603,4794.518181556445,4349.7077707079725,4727.446520600006,4981.360665649383,250.59741456251982,4919.448363228054,4730.394725477212,4795.255232775747,4287.426942676993,4477.217631647137,4789.3588230213345,2.9482048772061153,189.05363775084214,4733.342930354418,4541.34108772637,4544.289292603576,445.5474620677742,188.68511214119138,4480.165836524343,4797.466386433651,4291.1121987735005,506.7227132698011,4533.233524314053,250.96594017217058,67.07166095643912,253.17709383007517,4290.375147554199,4031.6701695793627,693.5651973627387,4603.253390147698,4102.4270866323095,4355.235654852734,4854.219330319869,4285.58431462874,4352.655975585179,4538.3928828491635,4287.795468286644,4535.444677971957,4543.920766993925,4601.042236489794,4603.621915757349,0.3685256096507644,4794.886707166096,4098.7418305358015,127.14133532951372,4474.637952379581,64.49198168888377,4724.86684133245,4797.834912043302,1324.4810410848472,4353.024501194829,4409.0403938617455,4545.026343822878,4533.602049923704,4730.7632510868625,628.7046900642041,509.67091814700717,247.64920968531368,189.4221633604929,4606.201595024904,250.22888895286903,4099.110356145453,256.1252987072813,4347.4966170500675,4479.06025969539,4477.954682866439,61.91230242132842,439.65105231336196,4477.586157256787,4096.162151268247,194.21299628595284,4856.799009587424,4786.410618144128,4158.0744536895745,4546.868971871131,5.896409754412231,445.1789364581234,4535.813203581609,4350.076296317623,4788.990297411684,186.4739584832868,16470.16985056218,15760.632153952734,15605.725291203447,15522.759500047656,15221.515520079372,15110.822178205504,15065.278695819718,14983.044625186252,14952.639504170033,14388.164832243328,13866.239033010324,13787.055081186765,13663.054895414025,13617.657013767895,13566.58413782581,13516.912325291329,13508.049203284947,13475.46693475667,13411.509713735313,13326.43454757468,13167.264126395987,13137.98374363975,12979.783093953949,12955.860687849994,12934.011227551813,12908.85319908183,12853.306115986212,12723.50508216275,12545.439446405104,12491.987954397468,12487.33414223204,12425.375365845404,12331.058952596077,12288.094883636693,12193.537604883273,12175.50423358477,12127.535915391623,12124.281382821182,12122.355502598632,12098.161858778174,12092.40980130807,12041.272911237926,12032.084659510936,11952.332552120226,11949.408805183444,11910.036927786796,11901.7065432518,11885.629190988511,11874.336437143766,11857.776289227146,11856.900837016725,11839.697578580566,11829.48513214158,11808.455015948139,11752.863726267897,11699.436376379614,11667.864147901739,11656.557608513023,11617.028193405173,11611.670649627897,11584.826779699293,11571.291691959988,11546.204497265566,11543.117392001794,11529.017248029013,11522.22686050711,11512.788238984902,11499.566827701228,11499.503420574005,11499.286419528838,11492.344424583609,11488.35893213412,11484.167956915406,11483.943317518071,11455.296208836116,11451.693125688365,11433.384505089207,11433.18391512072,11426.27488726546,11409.219852534456,11401.190004580094,11372.123489041363,11337.704526902544,11303.64222142774,11272.29482393258,11271.551191889033,11255.122329384161,11247.329020096746,11246.273912832028,11235.026939441765,11217.111029063415,11201.215022714408,11177.951479862371,11138.458824538304,11111.775348416462,11049.075039426982,11021.564172496832,11012.049172242187,11007.709209470615,11003.677439884494,2316.0,2316.0,2316.0,2316.0,2409.0,2409.0,2409.0,2409.0,2476.0,2476.0,2476.0,2476.0,2662.0,2662.0,2662.0,2662.0,2673.0,2673.0,2673.0,2673.0,4
3101.0,3101.0,3101.0,3089.0,3089.0,3089.0,3084.0,3084.0,3081.0,3081.0,3081.0,3081.0,3077.0,3077.0,3075.0,3075.0,3075.0,3073.0,3073.0,3073.0,1200.825790058758,4344.417976814356,4351.024297284421,5174.78164205177,4226.520565348578,6365.95204065428,942.6711132285214,5113.292043830395,2453.99396538034,127.55280292202636,945.2120057170081,3151.2148642210573,1768.9693504843576,384.6911227568683,6310.560584405272,4914.594251230745,1510.814673654121,6311.068762902969,6117.960933777989,4665.58678735906,4413.022074003494,4219.406066380816,3781.3562013657297,2522.5980625694774,5487.819596633317,2708.591392726695,5674.82928378593,1071.2402731459424,248.4992853739876,2777.70366841353,2715.19771319676,3651.2625059552165,2337.6210894076544,4098.967762426552,5293.187232015245,0.5081784976973162,5037.573447673495,4414.0384309988885,3086.168016515801,4359.155153247578,1765.9202794981736,5859.806256947752,4099.984119421947,6060.536763538193,2839.7014451326027,5993.965380339844,629.6331586469747,1764.3957440050817,756.1696045736064,696.2045418453231,812.5774178180085,443.1316499920597,6120.501826266476,6247.546450690805,3659.901540416071,1201.8421470541527,3024.1702397967283,1139.3361918373828,6373.574718119739,4356.614260759092,1762.3630300142925,4853.104653009369,2332.539304430681,5545.751945370811,60.47324122598062,2580.5304113069715,5493.917738605685,4411.497538510402,5675.845640781324,444.65618548515164,4220.422423376211,2207.527393997141,315.5788470700333,6304.462442432904,1952.929966650786,1952.4217881530888,3969.890424011434,6302.937906939812,6243.481022709227,4661.013180879784,6121.51818326187,184.97697316182308,374.0193743052247,3534.381451484834,2584.0876607908526,3022.1375258059393,2.540892488486581,254.0892488486581,4795.680482769572,5292.17087501985,3470.350960774972,1328.3785929807843,5613.847864062252,5108.718437351119,2897.1256153723994,4289.026520565349,4984.2147054152765,5105.161187867238,3970.9067810068286,5738.8597744957915,5766.930470923122,4899.825407714194,4845.66944366121,4830.553209819222,4649.172821589656,4449.181233408716,4360.490343111542,4232.496644199568,4181.8880328147925,4174.583074589167,4125.176156738225,4065.308212136186,4057.214137101406,4009.8238952132074,4009.348383753885,4007.005693372929,3977.534002814547,3966.413557043178,3960.1111442325973,3931.3154263317597,3915.354399740089,3915.268891781903,3910.777186908788,3905.5563583401013,3898.7265324881105,3819.498108302539,3796.8559221436103,3755.7705724479056,3752.2792334599203,3747.021889140673,3718.5005550054907,3715.0373404242764,3699.0101679909517,3679.2912226073545,3670.0072840134126,3668.719016755932,3641.248075526558,3634.7835563368144,3623.0700163696197,3619.9450435849417,3617.6748694149637,3607.7316931768187,3600.44302621235,3597.529051088909,3595.20089717211,3593.3778906383272,3592.9309913918923,3589.0013199767222,3576.778499274659,3573.340508152462,3559.847602071765,3556.481457026636,3543.445253806849,3528.5722300304105,3524.365917085529,3519.398258278083,3511.5767173808936,3510.710183344688,3484.9697933397106,3469.80532444154,3468.9789893848983,3457.8685331793545,3448.676713737322,3435.9631296398697,3431.469749155061,3422.445726521125,3421.338322676842,3421.1167357641116,3416.2832414387376,3412.805712689928,3395.569852296264,3393.0020400531766,3390.8181302464154,3388.8371046173165,3386.825948074183,3381.3486330418527,3378.66208720967,3370.9713420527664,3363.765625933941,3360.758775194388,3350.0430932159866,3341.1509397906925,3333.1679935864627,3331.587218184822,3331.243989868194,3330.9154580657514,3320.8381920475863,3316.7580249564367,3312.0273614236326,3310.0313058740703,3304.800816601492,3300.0313884446036,3298.4361689138195,3296.867926796352,3286.9326768997644,3276.1086750282684,3276.0604297000414,3271.0314323958505,3266.5066609296414,3266.3619775067814,2963.0,2963.0,2963.0,2963.0,2975.0,2975.0,2979.0,2979.0,2981.0,2981.0,2981.0,2981.0,2997.0,2997.0,2997.0,2997.0,3004.0,3004.0,3004.0,3004.0,5
3098.0,3098.0,3098.0,3098.0,3089.0,3089.0,3089.0,3089.0,3080.0,3080.0,3080.0,3080.0,3078.0,3078.0,3078.0,3078.0,3074.0,3074.0,3074.0,3068.0,1959.1836734693877,2964.3300798580303,2460.337178349601,4286.7790594498665,4982.4312333629105,5174.0905057675245,4098.669032830523,2140.905057675244,5171.960958296362,3850.221827861579,5485.714285714285,1948.5359361135759,3467.6131322094056,4794.321206743567,5174.800354924579,4031.9432120674355,3340.5501330967168,119.96450754214729,4855.368234250222,4545.874001774623,6238.154392191659,3085.714285714286,2143.7444543034603,3345.5190771960956,947.6486246672582,763.7976929902395,4984.560780834073,3649.3345164152615,6300.621118012422,2965.7497781721386,249.86690328305235,5172.670807453416,3153.1499556344274,1446.6725820763088,627.5066548358474,755.9893522626442,3786.335403726708,1891.0381543921917,3344.8092280390415,5864.063886424135,948.3584738243123,5170.541259982254,6057.142857142857,4163.265306122449,6050.75421472937,572.8482697426797,1831.4108251996452,1770.3637976929901,2148.003549245785,5922.271517302574,633.1854480922804,4662.289263531499,5111.623779946761,1067.6131322094054,1578.704525288376,3146.7613132209403,2138.0656610470273,3850.9316770186333,3595.385980479148,1007.9858030168589,628.9263531499556,1893.8775510204082,2466.725820763088,6307.719609582963,1262.82165039929,62.46672582076309,6297.781721384205,5294.764862466725,3597.5155279503106,2777.639751552795,6239.574090505767,5676.663708961845,6312.688553682342,2458.9174800354926,2840.816326530612,4286.069210292812,5800.1774622892635,4853.948535936113,822.0053238686779,4913.575865128661,2146.583850931677,6314.10825199645,3219.1659272404613,1957.7639751552795,5168.4117125110915,944.0993788819876,6119.609582963621,4165.3948535936115,2711.6237799467613,1631.9432120674358,3589.707187222715,5100.976042590949,318.72227151730254,4976.042590949423,58.91748003549246,6182.076308784383,3341.969831410825,2649.157054125998,823.4250221827862,2144.4543034605144,4269.861116310572,4236.37575276065,4221.599254022004,3786.4448167835426,3701.4655764057793,3678.850633481564,3639.545609603351,3588.177768262207,3588.1056505485763,3450.2043822719975,3446.7252874087226,3446.69076023297,3440.685425252345,3419.3637931341937,3406.3181732525854,3402.6654120529174,3400.9758696589383,3395.8002588693025,3369.30848943618,3346.316686051652,3334.2292274847628,3332.293642652406,3322.1374253506624,3302.771960037642,3272.421348181455,3265.1433839118195,3258.0125249089924,3252.8969882108636,3226.3395493654757,3206.3417986444038,3203.1159585549003,3165.0093932163513,3151.973715679905,3146.364560317821,3143.594846320849,3140.4755759393124,3139.0072528224628,3126.0573845606277,3122.803625041708,3113.5706087803546,3098.482980520764,3096.424736461142,3084.5666277166974,3074.467878895567,3073.3246351999073,3057.3922448090157,3024.260040786076,3022.393868088201,3021.878234732766,3015.7946828842514,3005.03069045411,3004.4898452465486,2998.607015412267,2994.998354655201,2994.5532761796067,2993.489515881592,2993.2146248716263,2989.542603215132,2977.7304188123007,2967.492000519544,2966.569776268444,2961.8136356208424,2957.9939495932467,2953.036736782828,2950.48139970743,2950.4580386701064,2945.6389964854193,2938.4765048131426,2929.9548404071124,2928.5633592020413,2917.0400757011057,2902.121525568024,2900.979419075128,2900.97442744342,2885.83410596075,2874.723351048409,2866.2138966366037,2853.9459433348197,2850.188867578528,2841.658481621321,2837.3785126731714,2830.1366946929093,2826.15694955766,2824.305978990665,2818.079803454531,2817.91550014912,2815.4787889705185,2794.4964090845656,2790.602866690002,2789.5100509487474,2782.660101948834,2781.3695415604434,2778.2855075987195,2767.352929355483,2763.0749316072324,2759.9301223410685,2759.680973180122,2759.055156238609,2742.182392174661,2738.826807916825,2979.0,2979.0,2979.0,2979.0,2987.0,2987.0,2987.0,2987.0,2987.0,2987.0,2987.0,2987.0,2989.0,2989.0,2989.0,2989.0,2989.0,2989.0,2989.0,2989.0,5
3074.0,3074.0,3061.0,3061.0,3061.0,3061.0,3061.0,3058.0,3058.0,3058.0,3057.0,3057.0,3057.0,3057.0,3057.0,3057.0,3057.0,3057.0,3056.0,3056.0,1894.291754756871,1766.8780831571528,631.430584918957,445.38407329105,3525.863284002819,3280.056377730796,3277.8012684989426,5358.13953488372,571.6701902748414,3970.119802677942,372.09302325581393,2904.5806906272023,4352.360817477096,3658.9147286821703,5673.854827343199,5296.124031007752,3338.6892177589853,6369.556025369979,127.41367159971811,4608.31571529246,2585.4827343199436,3340.9443269908384,1633.8266384778012,1707.1176885130374,5741.508104298802,4664.693446088795,4728.964059196617,1134.3199436222692,4161.8040873854825,3785.200845665962,5483.298097251585,4351.233262861169,5800.14094432699,4091.8957011980265,2394.92600422833,4162.931642001409,4793.234672304439,1015.9267089499647,5482.170542635658,1885.2713178294573,1011.4164904862579,3660.042283298097,2203.241719520789,2140.0986610288937,5552.078928823114,3974.6300211416487,4353.488372093023,697.9563072586328,5988.442565186751,3655.5320648343904,5983.932346723044,1265.1162790697674,2206.6243833685694,2646.370683579986,5679.492600422833,2587.737843551797,2905.7082452431287,1574.0662438336856,1641.7195207892883,3087.244538407329,2586.6102889358704,3030.8668076109934,6296.264975334742,1698.0972515856236,1262.861169837914,5420.15503875969,946.0183227625088,3025.22903453136,3917.124735729387,500.63424947145876,1200.845665961945,5104.4397463002115,3274.4186046511627,942.6356589147287,1704.8625792811838,316.8428470754052,4160.676532769556,5866.666666666666,2835.799859055673,1824.383368569415,1010.2889358703312,2265.257223396758,4786.4693446088795,3409.7251585623676,4988.30162085976,690.0634249471459,1386.892177589852,6115.856236786469,1445.525017618041,632.5581395348837,2588.8653981677235,5422.410147991543,4286.962649753347,5043.551797040169,5867.794221282593,1513.1782945736434,3591.261451726568,3471.7406624383366,691.1909795630726,4361.38125440451,3194.777804418499,3116.544977353096,3101.8247879549435,3094.7719010611086,2982.738129744798,2912.626781833832,2836.640335658627,2824.61436426166,2817.4453571213476,2783.597417864734,2774.808704918898,2772.0167354139985,2769.311452710983,2733.246100954187,2724.0788286358093,2667.2675991373762,2653.3959868587945,2651.7153867809848,2611.541442764238,2566.373737359564,2561.551931370536,2520.971727301297,2505.0473778986725,2449.8547983542244,2436.6284370233748,2417.466726985736,2393.915916115028,2376.6673690562898,2370.0436228289564,2343.3169846709984,2332.461335719082,2326.27667231538,2313.048599403064,2293.9023240638608,2286.825494525147,2280.5608158071823,2276.234369258167,2257.193408458141,2243.197362546367,2243.03900408701,2228.9486230066727,2225.5396214769685,2221.598822496691,2214.2680682717887,2214.178283697338,2196.0213901258944,2190.6895232676916,2185.3449636001,2178.1251274248684,2169.881343397865,2168.8208448498262,2158.3190388164608,2151.914947742167,2151.2950481492244,2145.432225957883,2135.859667241484,2133.8798961022944,2118.182777373635,2116.4161245597716,2105.5648751328954,2103.4386712163596,2091.001914255636,2089.078798809808,2088.7228431262743,2081.585094099473,2080.0636480323446,2062.4808108546404,2060.4084178677026,2051.085021343026,2047.3625321552286,2037.0303539979648,2026.308313737889,2017.0613477652523,2011.7130281343047,1994.4305929333948,1990.1126461308702,1987.742704592453,1986.2578928754986,1984.119495613775,1974.8328383472624,1969.8378502643766,1967.1278235042469,1955.2050193965206,1952.3913201980372,1947.7047116926526,1937.54438312696,1935.038339633371,1928.8968698849117,1915.501209349085,1902.4130052543082,1902.2047370973723,1886.053662451834,1881.7179389155353,1862.459220865455,1857.5531118503527,1855.7512061728153,1845.654882148836,1841.8336616885279,1839.6295461677612,1832.4964468767987,2984.0,2984.0,2984.0,2992.0,2992.0,2992.0,2992.0,3004.0,3004.0,3004.0,3004.0,3006.0,3006.0,3006.0,3006.0,3007.0,3007.0,3007.0,3007.0,3008.0,5
3109.0,3109.0,3109.0,3109.0,3101.0,3101.0,3101.0,3101.0,3081.0,3081.0,3081.0,3081.0,3077.0,3077.0,3077.0,3076.0,3076.0,3076.0,3076.0,3075.0,2140.8515801028366,3030.469697845052,4290.577156392628,61.37847362643711,5992.165925241205,1575.1343231844705,1066.3585417990641,2900.317753769715,3971.1132936622566,4351.216130336819,1253.4519614073604,4348.258131607834,5299.254722976486,4096.8282396441155,4724.663469871165,1074.4930383037727,4979.790860246115,3281.1600901265238,1951.5396614478018,1510.7978508290485,2333.1214974868567,3724.1203997920156,4352.695129701312,5487.827141949275,1697.8912704373447,5487.087642267029,3526.6739846322725,1894.5981859148421,3971.852793344503,2.957998728984921,1828.0432145126813,6370.789762551274,2776.0818071523486,1515.974348604772,3659.783927436594,5361.37269628517,5421.272170547114,5356.935698191693,3404.6565370616445,2903.2757524987,2081.691605523138,2397.4579698422785,1578.8318215957017,3216.0841180888556,3968.894794615518,4037.6682650644175,2206.667051822751,628.5747299092958,2457.3574441042233,1768.8832399329829,2713.9638338436653,1268.981454734531,1318.5279334450286,5048.564330695014,4603.385521982784,5047.0853313305215,2396.718470160032,4356.392628112542,5929.308452250275,760.9451730313709,1073.0140389392802,1706.0257669420532,1009.4170662661044,3716.7254029695537,1195.7709861921544,3281.89958980877,1011.635565312843,4730.579467329136,5362.112195967416,2710.266335432434,562.7592581893813,4102.004737419839,2715.4428332081575,442.96030966549193,4539.788549309608,6303.4952914668675,4343.081633832111,3721.1624010630308,2832.283783003062,2458.836443468716,244.77439482350223,3595.447455081172,888.1391183777226,4228.4591830839445,5543.289618117742,4357.132127794789,3211.647119995378,2648.1483621237508,4602.646022300537,2960.21722803166,2392.281472066555,2959.4777283494136,2842.6367785545094,5170.581778265642,5609.105089837657,5232.699751574326,5931.5269512970135,4860.731411404472,6368.571263504536,2592.6858859552835,5271.637463937908,4667.352450773291,4238.328179110871,4113.741143640028,4088.135836858209,4082.4478261996014,4019.4046913388006,4017.1095577979254,3884.3562595031494,3878.3430776776772,3813.350253214437,3729.7929184003715,3705.9146140074595,3593.824833805397,3545.587266326864,3539.0520141712705,3510.6954765154237,3506.2065817094535,3499.9339320952513,3470.0662560503993,3460.72838016413,3459.3648708925152,3458.4653779235105,3447.510344846858,3428.302851829835,3422.428882903513,3419.9054973648,3415.83782843553,3415.232201517978,3408.5207911869907,3406.040943153734,3398.324568671458,3387.409378392695,3382.7606733347093,3382.563169696157,3379.6091548554245,3357.3653497494834,3353.1723671180266,3347.20369114083,3335.880790068361,3312.601977665417,3310.0173482222817,3286.57203014308,3286.558007847415,3264.379363747683,3261.3005464802022,3246.6191526454204,3242.1956152315684,3225.2664790129734,3212.7174398662814,3201.487456115386,3193.539356817256,3189.4993763832485,3185.776074932193,3183.227026059385,3178.959926890234,3178.0879773310326,3175.6867450726413,3167.984524471448,3151.489569323138,3147.120345663443,3144.0740110058937,3137.370849490378,3120.893872363594,3105.2523806231893,3088.4538224665584,3055.3604024704887,3042.53840031665,3039.887472614187,3038.1442272052,3033.344779985346,3028.857063826581,3027.066610111332,3010.7325346026237,3009.8676573957946,3007.2480248863762,3002.7933989539274,2997.3389465881555,2984.5579719777597,2980.089433281477,2972.2961719584573,2971.0200903731916,2959.2423987522543,2958.4170853712503,2942.9058420326564,2937.1849652689043,2924.25702976463,2913.643566205481,2911.6805452423423,2909.6084503617003,2909.0931197591226,2908.2088219593743,2906.637164742097,2892.604639121195,2891.5168526795796,2886.726927560003,2882.369359259326,2880.175827848393,2870.9822743615523,2866.853944479992,2972.0,2972.0,2972.0,2972.0,2986.0,2986.0,2986.0,2986.0,2986.0,2986.0,2986.0,2986.0,2987.0,2987.0,2987.0,2987.0,2999.0,2999.0,2999.0,2999.0,5
3105.0,3099.0,3099.0,3099.0,3099.0,3094.0,3090.0,3090.0,3090.0,3088.0,3088.0,3088.0,3088.0,3081.0,3080.0,3080.0,3080.0,3080.0,3078.0,3078.0,4855.017280768554,4984.734344795266,3403.385859059223,2142.9558901060277,4100.708804405131,2139.20684201277,5805.775877218674,123.71858707749985,3026.2316208775114,2145.205318961982,1699.0685958643312,3029.980668970769,5481.858121961221,2141.4562708687245,4411.129986526858,2206.689707691406,884.7753500087867,2140.706461250073,376.4044285630601,500.8728252592115,3469.369105500556,2586.8431843477238,4344.3969304668735,942.5106906449533,6304.399273621932,1573.8503895495282,6051.713432136371,4600.831820045691,4537.098002460312,2963.247612910784,3025.4818112588596,5928.744654677523,2461.6249780329213,5039.470446956827,5236.670376662175,6299.15060629137,3153.6992560482686,1768.8008903989219,692.824087633999,6298.4007966727195,4979.485677464706,2085.220549469861,5860.511979380235,2272.6729541327395,5866.510456329447,4038.4746060570556,4343.647120848222,4796.532130513736,5229.17228047566,2709.0621521879207,6181.430496163083,1136.7113818756955,2581.5945170171635,5795.278542557553,313.4204205963329,2646.0781442211937,2770.546540917345,58.48515025481811,6248.163552223068,2200.691230742194,60.73457911077265,3287.9151777868897,5166.9380821275845,6184.429734637689,3023.2323824029054,2516.3610801944815,5992.478472262901,2709.811961806572,248.1869837736512,4541.596860172222,64.48362720403021,4287.411399449358,5545.591939546599,3093.7144865561477,6238.416027180598,5544.842129927947,3404.885478296526,6122.195536289613,4729.799074453752,1705.0670728135433,1254.4314920039833,253.4356511042118,440.88805576709035,4858.766328861812,502.3724444965145,3528.6040653740256,1951.7544373498915,4359.393122839903,2204.440278835452,630.5898892859234,122.21896784019681,697.3229453459082,4288.911018686661,1069.9783258157108,5487.856598910433,3461.1211996953894,4345.896549704176,6370.382520063265,2331.1581043875576,4917.25147911663,4553.532100692692,4168.44780951578,3941.902686660795,3788.7838883026084,3752.170700308922,3698.975211812481,3643.398753281761,3617.1463874952365,3574.4895666137313,3566.4702346390823,3540.023815577913,3522.854851453957,3508.3813420644397,3497.776239154819,3464.1812310558357,3420.142279723962,3411.6708702066867,3401.3438123771825,3385.3936258080653,3373.3195530633097,3363.918919266698,3331.1082493961335,3321.4650221425236,3316.7983527218253,3305.608218296187,3292.6987277032867,3290.1804905766726,3276.2000263478344,3246.7156846728026,3234.8247375426345,3224.352228744629,3205.465864876868,3166.4569429885833,3164.172431785451,3161.224411980994,3151.7803051737437,3141.5783744462647,3139.700151547649,3118.816353397021,3099.4237986904905,3096.26438140777,3095.6514098239877,3091.903635318997,3076.469641807462,3074.896946079185,3062.796200698068,3046.175189040466,3032.7279531069776,3031.8191021836915,3027.1158030790752,3017.716628190276,3015.7785950896173,2998.291858011988,2980.0484586311136,2973.5051070992154,2973.1481192970714,2966.5047585247485,2961.6568785174672,2949.8188323654986,2940.1171007750454,2938.398781355388,2933.169400132273,2926.9697065293294,2901.220730782183,2879.824577616748,2867.9432002289327,2866.6183974742803,2853.3317797424174,2849.2940084650486,2847.003679482935,2837.7490730237405,2810.902387585702,2801.139778486165,2793.1997922247674,2789.800636084253,2779.744892759604,2773.0188575455836,2768.40160728377,2763.730013220199,2760.0151008304124,2756.6915865560486,2755.560819722291,2752.4183951215628,2749.5943545850523,2731.042917785262,2727.060691756433,2718.0907330674154,2714.3248214316604,2702.1921762460115,2693.3883895048934,2690.2876820274673,2690.1107708738386,2686.677786410777,2678.317444644529,2668.681736804107,2665.6152061889,2656.481772399556,2652.874582551858,2643.563111572095,2641.365329039961,2970.0,2970.0,2970.0,2983.0,2983.0,2983.0,2987.0,2987.0,2987.0,2989.0,2989.0,2989.0,3001.0,3001.0,3001.0,3001.0,3001.0,3003.0,3003.0,3003.0,5
3094.0,3094.0,3094.0,3094.0,3093.0,3093.0,3085.0,3085.0,3085.0,3082.0,3082.0,3082.0,3082.0,3082.0,3082.0,3082.0,3082.0,3074.0,3074.0,3074.0,3785.3767382555684,5486.807188110132,5866.772921066263,5740.287683786907,3528.836115870423,3909.821891062677,444.2283938319321,1.5300633541857591,3592.0787345101007,5416.93429493565,2079.356098338447,1763.1430051400566,4921.703789297526,2013.0533529903971,378.4356696019444,1010.8618559987249,1578.5153604016416,2143.1087380961867,4416.782882416225,1009.8418137626011,5100.721201737259,4343.339841415309,1832.5058771964777,5676.025022911105,5676.535044029167,6300.290871418894,2708.7221580268556,4541.738056341395,1390.8275889548552,376.90560624775867,3911.3519544168626,5041.048730924014,2960.1625692313823,1071.0443479300316,3780.786548193011,4483.085627764274,5101.7412439733835,5734.677451488225,1827.9156871339203,4102.609873690082,4731.975933378491,2141.578674742001,2265.5138064310477,3411.531258716181,2267.0438697852333,2205.841335617803,4350.480137068175,1961.0311989480815,3782.826632665259,2711.782284735227,753.8112124955173,4.590190062557277,438.618161533251,6177.885803084034,2458.3017890584533,313.66298760808064,5554.639996812368,6245.208590668207,943.0290472964896,4347.930031477866,5102.251265091445,2396.079212654899,3965.924214049488,126.4852372793561,6114.1331633262935,1010.351834880663,1073.594453520341,5609.722277563055,1203.1398175080687,3148.360361796231,1895.7484958361556,4222.464836434634,4479.005458819779,820.6239789616288,5924.40530740726,4346.909989241742,4407.602502291111,5859.6326254133955,6369.143722357254,4285.707455074312,1007.8017292903534,4668.7333147388135,3343.698450013946,3597.17894569072,2459.321831294577,3405.9210264175,6298.760808064709,1768.7532374387376,937.4188149978085,6052.420608040801,1947.2606287604096,3025.445272343308,2778.5950512013387,1014.9420249432203,64.26266087580188,6056.500776985297,446.2684783041798,3849.6393991313703,4472.375184284974,247.36024226003107,5671.884965824712,5290.002462316538,5113.510941350332,4753.0046745541,4703.583379135347,4637.730197641068,4577.216060180472,4516.225391743971,4358.479958582718,4259.478499068305,4242.564525364927,4177.391815514432,4173.757187685902,4160.467780427737,4151.899752674037,4140.082666742562,4109.623440031451,4106.420913146302,4089.653500539016,4071.046127278852,4067.1454921405616,4067.065763522402,4055.3769576171726,4022.8869695855674,3995.7612621046032,3974.513729392446,3971.3107203874474,3945.165012839493,3942.277348313465,3917.084046506007,3913.4176562256566,3901.0782303782867,3894.118064659839,3877.1787260143083,3872.1462197716387,3863.9146095421725,3860.968646807495,3860.9255752816284,3854.377627545411,3844.442181162395,3835.2713752049067,3834.454046744598,3824.7905392890952,3811.1989261304016,3778.740210223855,3774.2709678877677,3773.4759875459977,3763.2886508426136,3762.3328538553037,3756.031453125768,3737.4643954513067,3730.4897006144934,3707.2785299695684,3676.640334339749,3672.972358026916,3662.9656961388087,3647.2348977460897,3639.312320573761,3620.015130698237,3602.429078664017,3600.268338546169,3600.1274442067147,3595.4977414937584,3589.8813448026863,3579.570257765422,3577.7816344541884,3577.189818678319,3577.0635237039887,3574.56979480641,3569.1949507398886,3562.7222100120807,3561.605985622273,3555.2272892545475,3551.9960968861146,3550.639366516005,3543.9926571600568,3539.3571871111776,3537.1347263022035,3530.8872386982202,3523.5094532819944,3508.144092461486,3498.098110662944,3487.646603840128,3486.1462088874614,3485.301861099664,3485.1952018037978,3476.8270376071637,3474.7134188393916,3461.1095629308975,3454.9407490679196,3450.335755419166,3444.392042712499,3443.085586941535,3429.183810664516,3427.077982998427,3423.081506429857,3419.95411117968,3417.7912323830883,3417.108909719555,3407.8419782369747,2974.0,2974.0,2974.0,2974.0,2979.0,2979.0,2979.0,2987.0,2987.0,2987.0,2987.0,2991.0,2993.0,2993.0,2993.0,2993.0,2995.0,2995.0,2995.0,2995.0,6
3104.0,3104.0,3104.0,3104.0,3090.0,3090.0,3090.0,3090.0,3071.0,3071.0,3071.0,3071.0,3069.0,3069.0,3069.0,3069.0,3065.0,3065.0,3060.0,3060.0,3970.810406538811,5235.835247609381,1070.8264330359527,5801.335541428495,947.0591377744538,3153.672738928362,4346.2150755916455,2203.19461509696,4101.415673914205,6052.289118008441,4724.354933490037,1197.32891714301,2455.515786099685,1451.0176825685135,5106.5975746567665,1265.0248410705701,3783.4499706180886,694.0541695603398,817.1376676104493,5549.698167637161,2389.187456594904,5742.528981248998,5360.28634008227,4790.6832629948185,1956.3438217853518,564.8164966077248,247.53459052299803,5735.007211923714,2272.941930658689,3723.9596132272027,3408.0453015652547,3219.3172712217533,446.51957903734177,3209.060313050911,4794.102249051766,5985.960788503659,375.40466905283404,5294.6418077888775,1131.684384849618,4288.776109834927,4343.479886746087,1831.8927293124634,5551.0657620599395,1068.7750414017844,2464.4051498477484,4604.690421496875,2081.47871146963,1704.0226507826274,5166.771729259042,3343.0845664832523,1327.2503873070143,6304.610289011165,1831.208932101074,951.1619210427908,566.8678882418933,4601.271435439928,1951.5572413056254,4915.134355467707,4726.406325124206,5611.923713873604,5552.433356482718,1515.294620439126,5543.543992734655,2394.65783428602,5988.695977349218,3406.677707142476,2655.8683690368075,3847.7269084887016,1517.3460120732946,510.7965169079545,1569.9983973502858,442.41679576900475,3274.021048132913,4340.744697900529,3593.3543458518084,4096.629093434479,1321.0962124045088,2210.716384422245,1259.554463379454,4727.773919546985,123.08349805010953,1827.1061488327368,1325.8827928842354,4532.207917089589,3524.9746247128587,3279.491425824029,1137.8385597521235,4417.3299855761525,59.49035739088627,1576.1525722527913,6299.823708531439,4158.854639670923,4536.310700357925,1443.4959132432289,5737.058603557883,4160.906031305091,3532.496394038143,2520.476521181687,5611.239916662215,4546.567658528767,4535.476948213621,4033.710355156986,4024.5382167967196,3994.6997048592148,3933.2795550043525,3918.762660154455,3782.0372093880087,3770.3792089073463,3759.426429121472,3755.588395398719,3723.3472770566323,3665.195579764937,3661.6475542318626,3657.6066906525243,3614.8913517783585,3569.915929510682,3448.089825148997,3394.6380338599065,3392.8951807939184,3361.2347103319594,3344.0290042023103,3323.066180953211,3318.7755415297506,3296.7845019353904,3293.1339075022233,3270.9569571568304,3192.8352961058167,3139.797252138942,3112.811149407445,3091.3422561659986,3090.6150008765676,3084.426807624995,3049.224185854988,3041.2338623178657,3040.1850862693727,3025.8655888912594,3022.982212286802,3012.059600467258,3011.6688673318617,3000.9857391988617,2982.2471178968963,2966.480578401822,2958.538154515591,2953.694378872596,2951.6580558395303,2949.096294398208,2948.8437376261923,2936.6318149319804,2923.2476133001105,2920.287635423916,2900.5770756954503,2896.6795091110603,2889.6916810468992,2879.0985886872604,2877.8848654459975,2836.9778455936566,2830.63536929309,2822.7598009061303,2815.2317436835797,2793.5657780001807,2792.4638675064602,2780.8822834705948,2779.263117135065,2777.898270666271,2771.690781783969,2769.0875368648417,2766.5363263613035,2750.0860230363082,2745.605367476989,2741.169160049478,2740.1669331392764,2734.064417549781,2732.899705896525,2726.3627687815842,2719.8018477403575,2718.7447955316247,2713.2345383124084,2706.5904134208363,2702.7485614079033,2700.317355602835,2698.7101491690432,2691.6171321203633,2691.308463399658,2683.7584490590666,2680.8948498695463,2674.9140304239004,2673.625498114901,2673.22941259657,2669.8341854320324,2663.766946189574,2663.016911497473,2661.3841828133172,2655.556865362771,2654.1176810903016,2653.9631067572927,2648.6389649990147,2632.1229515357268,2626.3828042956734,2624.6351182641342,2624.286419994966,2960.0,2971.0,2971.0,2971.0,2971.0,2971.0,2971.0,2971.0,2971.0,2984.0,2992.0,2992.0,2992.0,2992.0,2992.0,2992.0,3002.0,3002.0,3002.0,3002.0,6
3106.0,3106.0,3106.0,3106.0,3102.0,3102.0,3102.0,3102.0,3097.0,3097.0,3097.0,3097.0,3084.0,3084.0,3084.0,3084.0,3071.0,3071.0,3071.0,3071.0,945.0410174052691,1762.854290550805,193.89730457051084,2272.876426928252,2145.0931029992616,4790.76348799861,627.8050262598202,5294.11866834498,127.78332392898996,6178.601501801292,3469.039454837449,563.3577846260688,5923.034853943313,250.5664308346716,6299.717869699205,4101.844698120578,4346.299752593428,1764.5210295585744,6305.829246061026,5861.9210903251,3848.5003689396235,5993.593471938885,566.1356829723511,185.56360953166367,3654.603064369113,883.3716741178001,5166.890924085246,1322.2796128304178,5235.227223403793,3216.806284995008,2019.5320977472977,4350.188810278223,2335.1013498849775,4161.847302400277,2140.0928859759533,2082.868180042536,125.00542558270756,2585.1122010503923,2834.567472546551,2835.1230522158075,5417.457354919918,4606.866617474716,4923.5470289509085,2142.3152046529794,2086.757237727332,5801.918486045401,3649.6028473458045,319.45830982247486,2336.21250922349,3091.2452797430437,2587.890099396675,2464.5514128217364,1697.2958895785405,2526.220756109206,887.2607318025955,6048.04027952602,4407.969095880897,2837.3453708928337,877.8158774252354,887.8163114718519,5864.143409002126,3344.0340292547417,567.8024219801206,5675.8019011241795,5859.143191978817,1890.0820348105383,814.4797951299969,1701.1849472633357,5548.01857719519,3974.616953860844,1263.388167889231,4156.2915057077125,311.1246147836277,2714.5622639871517,3595.711619427926,254.45548851946694,5484.682494899951,2262.8759928816353,4604.64429879769,2520.1093797473845,2025.0878944398626,3976.83927253787,4981.882894222838,3599.6006771127213,253.89990885021047,6368.609748687008,631.1385042753591,2018.9765180780412,4979.660575545813,4982.438473892095,5039.663179825512,4416.8583705890005,699.4748035939059,5550.240895872216,1766.7433482356003,3977.950431876383,4603.533139459178,4730.760883718911,4912.991015235036,1259.4991102044357,5662.04488501742,4803.295427550983,4788.772441610687,4748.634683952923,4612.22593686913,4573.18133074303,4516.238696666039,4383.460108724361,4366.100663232284,4297.477477337044,4170.334485379871,4165.489093567698,4132.778387724999,4132.226693182832,4098.610797080574,4090.7981159306337,4065.500716478576,4062.2675984422353,3994.7313708367906,3963.759744024987,3949.5819541935302,3914.090654192709,3908.8608001668617,3893.337918466491,3891.8725124642956,3886.2696718568195,3828.318104526775,3821.918122403596,3819.5805588963954,3815.4848199261996,3778.1329141283854,3773.965889287456,3744.9141340136002,3737.712146910657,3737.605893401794,3722.82766087181,3717.7086827474272,3714.6886269239294,3695.065937824639,3688.9928337719484,3687.4725580183854,3679.5004867163407,3673.2501181374655,3667.1795274545757,3659.180745189034,3656.0129438132208,3649.9059528587527,3642.160109034462,3639.585712740412,3625.456031141509,3615.375094579987,3614.8552358468664,3605.901865502981,3577.0243373212393,3565.4922533854165,3557.9039011817963,3527.43767250419,3502.292399829135,3480.009146659027,3472.0520413497034,3471.901791876782,3467.044007640503,3460.7339269420336,3458.0129578834785,3454.1179103761806,3450.1781406523974,3442.311272238592,3438.017463798118,3434.4685904026683,3429.154719403532,3402.5416370730804,3393.284354661207,3390.8735832618254,3371.28503390024,3356.6156567149746,3352.9706109567815,3351.2933230831823,3348.9705465964403,3331.3948352480365,3330.340103197729,3327.100650234255,3324.915691255331,3318.747559017502,3313.8146019896667,3312.909210772924,3312.463311817318,3310.916407385005,3309.3542454616186,3306.0327625472573,3295.391303872899,3294.483044505202,3284.5659823110996,3281.89584142693,3281.5509488651232,3276.1794254633714,3269.6897370226584,3264.707854314183,3256.734045106379,3255.8112162843513,3255.4092593325236,2987.0,2987.0,2987.0,2992.0,2992.0,2992.0,2992.0,2992.0,2992.0,2992.0,2992.0,2995.0,2995.0,2995.0,2996.0,2996.0,2996.0,2996.0,2998.0,2998.0,6
3090.0,3090.0,3090.0,3090.0,3085.0,3085.0,3085.0,3081.0,3081.0,3081.0,3081.0,3081.0,3081.0,3081.0,3081.0,3078.0,3078.0,3078.0,3078.0,3075.0,1196.1594530739455,4356.105162620017,4666.244407580556,1582.2249032322927,1071.3316241894133,1765.6059920575076,943.9300256371588,1191.6553561554315,1255.3561554315588,1008.2742673302166,887.9505353641985,503.815412456643,1199.3766651585984,1135.6758658824713,4159.21178303926,4348.38385361685,4918.473835017343,1643.3519328406976,4606.404262806012,1894.9379178605539,1074.5488362740662,1701.9051927813803,6370.079927612728,1262.434022017795,1010.2045945810083,941.9996983863671,1006.9873824963555,881.5161111948927,1131.8152113808876,952.2947770572563,1127.9545568793042,4418.519077062283,2204.433720404162,2141.3763635449654,5796.129291710652,3407.0275976474136,1069.4012969386215,1446.4585532599406,5803.207158296888,4347.740411199919,252.2294274367868,1137.6061931332629,1205.8110893279043,6369.436485195797,1201.9504348263208,4038.8880510732415,2650.339315337053,563.0121148142563,2966.269542049967,822.96285125421,4984.104961544262,1703.1920776152415,1014.7086914995224,877.0120142763786,1640.7781631729754,4538.19936661137,1641.421605589906,1195.516010657015,882.1595536118232,3470.0849545066103,876.368571859448,4536.912481777509,1265.6512341024481,2840.1548283315738,256.73352435530086,130.61881063690745,4098.084753430855,1329.3520333785752,1326.1348212939224,442.0449404313075,6115.920172925149,4166.289649625496,1012.7783642487307,3403.8103855627605,1703.835520032172,1510.8027949529985,247.72533051827276,1201.3069924093902,1329.9954757955059,5298.1048610063835,945.2169104710199,951.6513346403257,1079.0529331925802,2023.6264012466697,2968.199869300759,4413.371537726838,5165.555723118685,1197.4463379078068,4350.957623284572,1198.0897803247374,941.3562559694365,1514.0200070376513,1192.9422409892927,2521.6508319509376,1577.7208063137787,5292.95732167094,886.6636505303372,948.4341225556728,1258.5733675162116,1570.6429397275424,4716.521759853424,4694.605433533457,4579.860080806012,4573.491556792553,4492.15875736526,4442.425910274649,4442.315646042404,4412.226424634819,4369.446105161734,4306.42561364069,4277.159324023051,4268.543209224035,4252.594042503839,4203.484816116942,4164.205355160662,4105.330373494467,4080.8931992345797,4060.074228653341,4029.5022292877375,4010.5218514435855,3897.726031721036,3890.511459995526,3873.5318807440376,3863.596134867449,3851.1828436772507,3836.634874895927,3831.627608019932,3828.57504110838,3791.2419664304666,3788.3530610244006,3774.082847107091,3770.799550075408,3770.512827155444,3764.4465911258217,3756.41630446594,3755.067763357774,3750.1663993896545,3735.6344055714685,3733.639049311852,3721.722091581084,3713.8459921765593,3674.926549725407,3669.7159807514677,3662.6935786626814,3650.105846493703,3649.60329093623,3649.4218903531732,3641.9820792534797,3640.090649114536,3634.0868914205807,3607.2342284451074,3599.9051114325907,3595.6453127466925,3594.3360268247743,3590.2263302596607,3556.431473645016,3549.0719203754265,3546.0345670802994,3540.4927311386846,3522.6804177409444,3506.7710402794646,3467.438530986447,3458.517911718799,3446.5531703994425,3446.1422027190547,3442.5857921582774,3442.2605196047643,3433.726030219656,3426.374628770496,3421.4505602961312,3414.9251465049206,3413.9768158755255,3377.374729040505,3374.7708321913815,3363.48211781774,3363.3747035614883,3346.6402333733663,3342.7570341494193,3342.4291644855443,3332.967787889021,3324.8201016890084,3312.2966577194293,3310.3052816104637,3307.947905116664,3297.5181806407318,3295.181512000043,3289.624641289081,3288.7426092744154,3283.6596957447787,3274.7827652511273,3272.057456373058,3268.57125393419,3264.284305534199,3261.165334405575,3259.7690315878285,3257.1477709802657,3250.06354812854,3238.4471849245347,3236.2372448444216,3232.6424011599515,2870.0,2870.0,2870.0,2870.0,2931.0,2931.0,2931.0,2931.0,2976.0,2976.0,2976.0,2976.0,2979.0,2979.0,2979.0,2979.0,2981.0,2981.0,2981.0,2983.0,6
3101.0,3101.0,3101.0,3101.0,3096.0,3096.0,3096.0,3096.0,3082.0,3082.0,3082.0,3082.0,3074.0,3074.0,3074.0,3074.0,3067.0,3065.0,3065.0,3065.0,1514.2857142857142,6298.496240601504,4727.81954887218,4790.977443609022,6242.105263157894,2582.706766917293,6300.751879699248,694.7368421052631,1511.2781954887216,3149.624060150376,315.7894736842105,378.1954887218045,2334.586466165413,2839.8496240601503,2899.248120300752,4793.984962406014,4539.097744360902,5359.398496240601,1073.6842105263158,4039.097744360902,1702.2556390977443,4786.466165413533,1192.4812030075188,944.3609022556391,940.6015037593985,3469.172932330827,3849.624060150376,6052.631578947368,5549.624060150376,6056.390977443609,1260.9022556390976,2966.9172932330825,4348.872180451128,3215.7894736842104,5483.458646616541,5361.654135338345,3021.804511278195,4160.150375939849,2770.676691729323,5730.827067669173,3156.390977443609,5236.090225563909,4606.766917293233,4912.781954887218,3784.210526315789,2081.2030075187968,4350.375939849624,4224.06015037594,5167.66917293233,6175.93984962406,2269.172932330827,2585.714285714286,690.2255639097745,2709.774436090225,499.24812030075185,2966.1654135338345,2464.6616541353383,4790.225563909774,4159.398496240601,3024.06015037594,2712.03007518797,4342.105263157894,1957.8947368421052,5232.330827067669,4417.293233082706,2207.518796992481,1323.3082706766916,1454.1353383458645,4540.601503759398,6238.345864661654,5990.225563909774,6248.872180451128,3789.4736842105262,1889.4736842105262,1324.0601503759399,5612.781954887218,2772.180451127819,1640.6015037593984,4979.699248120301,3596.992481203007,5678.9473684210525,4731.578947368421,5493.233082706766,2141.3533834586465,4036.8421052631575,4611.278195488721,1069.9248120300751,0.7518796992481203,2898.496240601504,5108.270676691729,4861.654135338345,699.2481203007518,1447.3684210526314,1512.03007518797,2713.533834586466,6375.93984962406,4357.142857142857,251.12781954887217,4730.827067669173,4478.195488721804,4448.928041538433,4167.247251372089,3802.3388456487583,3800.6008473809848,3777.7700277588638,3716.7631007937316,3706.967091766155,3669.322623857237,3645.7038947366736,3548.5857318060057,3526.058820241337,3491.405064823316,3487.480999080282,3439.9745191752595,3399.839595542221,3296.099129176525,3253.0902810769276,3166.6792820886008,3159.2916865393136,3157.298269475674,3148.8781534491222,3148.42694893955,3122.3803426453687,3106.39794921144,3096.822015808209,3095.1819094787625,3079.0686354553345,3071.490557029746,3046.267326913157,3034.6015878318685,3016.540146079356,3012.4487580425334,3009.9449455763506,3005.398206753129,3001.1413373819505,2978.5622556283724,2956.391730568066,2955.2413089770525,2951.910643405385,2945.2381432715065,2934.1830533768693,2929.31142873115,2929.061291303724,2909.9136171518785,2900.3709694229115,2898.9192925477787,2882.064876685612,2875.5151516387505,2864.4717929612857,2861.747557923096,2860.585399418032,2837.057400057531,2831.9410356350822,2830.908973234737,2821.446781544496,2820.7517322695053,2816.3051130522663,2814.628453427003,2812.0852070519104,2808.294047569304,2796.2870491626936,2786.022978118829,2785.96329371769,2785.0020056306066,2767.6353629731448,2758.857562283588,2752.073044906529,2744.5163848041657,2735.65298465198,2725.6332921613407,2714.9059287285113,2707.4419725632292,2703.163397611587,2694.2668785291303,2693.454750236702,2683.759513950588,2682.5704588250724,2666.7525441551015,2662.924996939736,2662.3093162785585,2657.204746919423,2657.0967048027915,2650.8756267545,2645.8437118926972,2645.732986516955,2643.996232909255,2643.5546328989017,2642.48259043502,2641.413182029676,2638.386731865342,2635.541706543757,2633.7650602556164,2628.4257878938106,2622.0299029002595,2621.1713803898747,2619.364151350848,2615.9252418182127,2606.521260179523,2605.1564133720613,2595.435571323183,2974.0,2982.0,2982.0,2982.0,2982.0,2983.0,2983.0,2983.0,2995.0,2995.0,2995.0,2995.0,3001.0,3002.0,3002.0,3004.0,3004.0,3004.0,3004.0,3005.0,6
3076.0,3076.0,3076.0,3076.0,3072.0,3072.0,3072.0,3072.0,3069.0,3069.0,3069.0,3069.0,3065.0,3065.0,3061.0,3061.0,3061.0,3061.0,3060.0,3060.0,3655.9412151263514,6372.853814445307,565.0994683075452,3153.5456120437298,187.34691439154068,943.6167035067805,6243.622677579305,3473.947069717426,125.40773044984765,1579.0668498715572,4854.961467232211,5988.983810263456,5679.287890554991,1075.9065655057052,5361.945158014218,1008.6146125813966,4476.444232032976,3463.241531752195,3032.7259692932666,1891.8214947129457,2898.906744727881,4854.1967859489805,1387.8965290638628,5046.896469323137,1132.4929804647827,2017.2292251627932,6245.1520401457665,6180.918812354381,5418.531572973296,6305.561861520998,6174.036680805304,6056.275763187765,3845.5821733675843,5354.29834518191,565.8641495907759,3660.529302825736,633.1561025150845,939.0286158073958,6364.442320329768,3784.407670709122,6112.862178146842,4604.9106876157475,4859.5495549315965,5106.541609415138,1.5293625664615567,6118.979628412688,5227.3612521656005,4034.4584503255865,4096.3976342672795,2141.87227432941,3787.466395842045,4984.957285381444,6304.797180237767,5239.596152697293,443.51514427385143,4353.330545432821,1261.7241173307843,249.28609833323372,2838.496923352649,5552.350797538681,4606.440050182208,3906.7566760260465,4925.312145289443,1192.9028018400143,1834.4703984706373,2769.675607861879,3339.363163868809,3211.661389569269,2208.399545970488,5737.40366808053,2776.557739410956,2840.7909672023416,2834.673516936495,4850.373379532827,4919.194695023597,190.4056395244638,6050.158312921918,6368.265726745922,948.9694724893959,5426.943067088834,5798.578170738992,2455.3916004540292,2333.8072764203353,2337.6306828364895,2211.458271103411,6180.154131071151,820.5030169066251,3467.064938168349,3404.361072943425,5165.422068223907,4350.271820299898,66.52727164107772,3090.0770655355755,4411.44632295836,1946.1138658223308,1260.9594360475535,6246.681402712228,4293.685405340821,3341.6572077185015,4157.572136925742,4867.168218690954,4145.228895312283,3598.760361573961,3588.3113720218685,3498.620844220573,3484.9342612768905,3465.245246951602,3459.814256781504,3459.0088002341026,3404.9294890255687,3392.6833142370706,3384.3001348152397,3382.3081911018544,3370.3359672053334,3345.7529349733577,3333.6406476658794,3302.289565785061,3225.9405655734668,3225.7262728394494,3222.603763275097,3216.3463893844896,3214.3629372999085,3189.606516171675,3170.946332338954,3151.3044022434924,3149.589863827146,3133.324377088119,3131.1032141403675,3122.073071029978,3092.9095117971488,3084.8714829841615,3055.641948722776,3055.0811896423584,3053.5540568761876,3039.8469801168244,3037.204040305947,3035.839140207842,2997.1193020023,2986.7130818401483,2976.0941608280955,2974.651878578921,2962.085078309221,2953.0271320340785,2934.995963945265,2913.9321405289074,2906.40243016893,2899.7268126955883,2896.505154906613,2880.0081204554667,2872.8071837357948,2860.2021186707866,2857.1991178115254,2856.3868183315103,2856.2804924426464,2848.2303989873985,2845.9860415676135,2841.20899975882,2832.224598474311,2822.8767208035783,2802.910724076512,2802.6516772756727,2801.5393221350178,2795.494125602213,2790.9507147900786,2787.4788419724914,2779.348730420451,2770.3856809549125,2761.0091518424824,2754.989537358356,2752.2106139983493,2747.764193515766,2735.1531232155376,2731.870091974497,2720.0168117926087,2716.202484596913,2712.7002885909155,2709.674045315298,2709.502158597085,2687.8698726831044,2687.355236485748,2684.702791376181,2684.1274082712425,2682.1118773205435,2672.5606189874957,2671.0389356007445,2665.3591265994087,2661.962832332179,2645.382439657252,2634.4027362008546,2633.580239674874,2622.91240722235,2614.886023238052,2611.8063097801964,2610.8454814282477,2610.283407180125,2610.227412846621,2608.878338765534,2604.591208957725,2604.412115362649,2597.88683703894,2976.0,2979.0,2979.0,2979.0,2979.0,2989.0,2989.0,2989.0,2989.0,2990.0,2990.0,2990.0,2990.0,2992.0,2992.0,2992.0,2992.0,2992.0,2992.0,2992.0,7
3078.0,3078.0,3078.0,3078.0,3062.0,3062.0,3062.0,3062.0,3062.0,3062.0,3057.0,3057.0,3057.0,3057.0,3053.0,3053.0,3053.0,3053.0,3053.0,3053.0,5294.362704579269,2396.076486471593,1889.6346503554305,4099.498539703532,4537.521353391745,4348.487353281534,6298.076817104755,2082.195404199041,4667.305890780845,4097.382487463492,2141.444866920152,4982.597674546757,3029.481456990136,5928.4730258444915,6115.390973714663,2454.620598446024,4344.960599548134,4100.909241196891,2203.5157326279823,1201.2123215958559,5553.931779357469,6116.096324461343,754.7252989474844,812.5640601752356,3218.515457100347,3401.9066512371187,315.2917837659117,4347.076651788174,2076.5525982256017,562.8698958505538,3849.80437537885,4098.087838210172,2968.1159420289855,4155.926599437923,1325.354053011517,944.4646498043753,5738.733674987601,2833.393949413126,4482.503995150713,4350.603405521573,3279.175621314818,2078.6686504656413,2204.926434121342,5549.69967487739,2205.6317848680224,1637.1190830440291,5793.751033228633,2963.178486802226,4857.7505923844155,6116.801675208023,5355.72821954042,2963.883837548906,5296.478756819309,756.1360004408442,1824.7423816608805,1448.7904336804982,246.87276133796217,2901.1076210943957,1390.9516724527468,4093.8557337300927,1577.8696203229183,622.8247093183446,2270.524053562572,507.1471868628423,5170.220973163608,942.3485975643356,2843.2688598666446,3720.72518873643,4095.9717859701327,4354.835510001653,4164.390808398082,945.1700005510552,1259.756433570287,1578.5749710695982,313.8810822725519,1388.1302694660274,5046.079241747947,4730.787457982035,2908.1611285611943,5362.781727007218,1322.5326500247975,6310.773130544993,3529.575136386179,6307.246376811594,5493.271615142999,3717.9037857497106,1263.9885380503663,3282.702375048217,2456.7366506860635,3717.1984350030307,2398.8978894583124,2712.778971730864,880.983082603185,2781.9033449054937,701.1186421998126,4105.846696423651,2457.4420014327434,2898.286218107676,561.459194357194,4162.980106904723,3469.1351665170696,3380.852208779165,3169.6886717999205,3137.224925477859,3101.1444845493124,3035.969365449748,3019.219460334599,2967.1665792233007,2930.985143572021,2800.548836979309,2796.7641093157195,2733.8452783234375,2684.537236028836,2672.535934194329,2664.5893474714326,2663.018950255677,2642.6596469904207,2624.4403957814047,2582.510169801578,2566.663731787381,2566.094970947389,2546.883502182336,2513.457801648514,2495.5289603815477,2472.063003964636,2468.4640691499953,2413.7428441489433,2411.2609602839843,2409.816124148374,2397.7624001154095,2372.5808982487424,2366.150539494264,2361.2947401484566,2355.661760887647,2352.660615832281,2341.6937747567017,2339.348024202752,2337.6412444529533,2331.6180862676824,2327.1710277364577,2319.9400159446036,2314.325279691329,2294.748273651607,2287.106755990047,2284.7909819382953,2268.1138729100526,2264.2922007494194,2258.489160901808,2248.2881081265236,2240.1914345900586,2213.5880457207613,2212.7846251087367,2208.306728675713,2207.83409659518,2202.9842869770414,2202.720637143221,2195.4839739688186,2180.6544250549105,2164.7464736706565,2163.689733273867,2159.1410310055326,2146.6220889101846,2146.1631403773445,2138.593750363769,2132.709698445761,2122.7969481948016,2118.7460580284705,2116.5910147703544,2115.8164097528547,2110.887272292216,2110.085707075979,2104.862190741699,2100.1960234038893,2095.7354577308024,2094.644697038827,2091.497390925118,2079.359473541172,2075.4467223195484,2067.372564885899,2065.2881645975963,2058.49912041015,2057.59832238405,2051.6268972536905,2050.024240113266,2048.0286330122685,2046.596444845133,2044.8086428575036,2042.0654088874378,2041.4237038336587,2035.5299578074623,2026.4199930907319,2023.644364288938,2021.6844664740656,2018.6747844651097,2018.1627766529546,2013.572084305024,2013.2380526124355,2010.8112143334365,1992.9269231164112,1989.424673236188,3000.0,3000.0,3000.0,3000.0,3001.0,3001.0,3001.0,3001.0,3005.0,3005.0,3005.0,3005.0,3006.0,3006.0,3006.0,3006.0,3007.0,3007.0,3007.0,3007.0,7
3071.0,3061.0,3061.0,3061.0,3058.0,3058.0,3057.0,3057.0,3057.0,3056.0,3056.0,3056.0,3056.0,3054.0,3053.0,3053.0,3053.0,3053.0,3052.0,3052.0,2141.4099216710183,2081.2532637075715,6303.916449086161,6297.232375979112,3468.1984334203653,4662.976501305483,4347.154046997389,5669.76501305483,2146.4229765013056,4343.812010443864,1448.7728459530026,950.8093994778068,4163.342036553525,878.9556135770234,4664.647519582245,2402.924281984334,5417.441253263707,1391.9582245430809,3782.349869451697,4094.830287206266,2016.9190600522193,1636.7624020887727,3596.031331592689,6313.942558746736,5487.624020887728,3532.532637075718,6306.422976501305,1381.0966057441253,6367.4151436031325,3724.699738903394,2965.2219321148823,5742.454308093995,4097.33681462141,121.98433420365535,4857.6501305483025,1199.7911227154045,4350.496083550914,4728.146214099216,1254.9347258485639,6051.592689295039,502.1409921671018,1323.4464751958224,1329.2950391644908,5236.971279373368,5424.960835509138,5292.1148825065275,1574.9347258485639,2646.0574412532637,627.4673629242819,4168.355091383812,1833.107049608355,4915.300261096605,2089.6083550913836,4030.4960835509137,2204.9086161879895,374.30809399477806,5734.099216710182,4537.6501305483025,1004.2819843342036,5551.122715404699,3972.0104438642297,6299.738903394255,251.4882506527415,5862.7676240208875,4419.843342036554,188.82506527415143,695.1436031331592,5741.618798955613,6244.595300261096,3022.8720626631853,57.65013054830287,5737.441253263707,4221.827676240208,6373.263707571801,2465.587467362924,4474.986945169712,4477.493472584856,2831.54046997389,2585.900783289817,2140.574412532637,5352.271540469974,4669.660574412533,937.4412532637075,2580.88772845953,4162.506527415143,504.6475195822454,3096.396866840731,2272.5848563968666,2205.7441253263705,4225.169712793733,132.84595300261097,821.3054830287206,1948.4073107049608,4479.164490861618,6241.253263707571,5360.6266318537855,379.3211488250653,945.7963446475195,2458.0678851174935,250.6527415143603,3031.472112380942,2819.2364869052444,2397.788338206724,2342.1640982275017,2307.6635939871135,2233.308938286611,2232.0642621836732,2213.936411860962,2142.726866206654,2140.7993725117135,2122.3079525414105,2108.473512330371,2082.8258140116955,2078.3403842761118,2062.5014453352874,2059.3511700546114,2045.3579209424,2042.073647489063,2016.1908568618098,2011.5091316498651,2008.7853588888238,2001.0446204940608,1991.175894018231,1972.8939007085153,1933.6081740187951,1933.343748525972,1909.457711552546,1895.8742534144665,1869.8425047419214,1863.117172833847,1858.9878902982714,1832.0710915903915,1831.5176289172132,1818.628221061566,1808.6615091793574,1797.0896225947647,1790.8734925321735,1785.4455265035504,1774.8886852784506,1769.564594484736,1764.255951936821,1761.7612533039917,1758.7797962546533,1757.9431572234184,1753.2766245345445,1749.502555683317,1745.7394605517347,1736.7370501746843,1733.0869909636565,1730.1149649296224,1728.254559255438,1726.7030564680895,1717.1449860875225,1716.028065012766,1711.7175974495299,1711.288425240651,1708.9528421859416,1704.2210989775062,1702.554195574444,1698.3673602894619,1693.2852628247447,1692.229474354626,1689.7720768881154,1686.21592192882,1685.214105219558,1684.860577922979,1669.1172218620682,1666.8692214765263,1662.318782471142,1655.4847303543058,1655.4740016279525,1652.2431214686578,1651.4184399311594,1649.9547784867932,1639.3867528730943,1638.5320822249962,1637.711605630449,1635.0907286470847,1631.7609216113622,1629.8244489995602,1625.3709715768475,1623.9293686322596,1622.3461361413868,1611.2534985529292,1609.2535378669627,1606.1402319544989,1601.0483159144019,1594.684042963821,1590.9942691642873,1590.4398071853007,1586.747002319771,1584.323770305331,1581.0229604231322,1571.4992746219696,1569.8767277919383,1566.2619752562805,1563.3877526768615,1561.2664872127652,1539.9046909862109,1539.4184865722614,3007.0,3010.0,3010.0,3010.0,3011.0,3016.0,3016.0,3016.0,3016.0,3017.0,3017.0,3017.0,3019.0,3019.0,3019.0,3019.0,3020.0,3021.0,3021.0,3021.0,7
3073.0,3073.0,3073.0,3069.0,3069.0,3069.0,3067.0,3067.0,3067.0,3067.0,3063.0,3063.0,3063.0,3063.0,3061.0,3061.0,3061.0,3061.0,3058.0,3058.0,6309.0730942582795,2206.7019400352733,6306.564765824025,6243.856554967666,1955.8690966098372,2141.48540074466,945.6398197138938,2080.0313541054284,1135.018616500098,2139.6041544189693,4098.608661571625,6299.0397805212615,4351.949833431315,4164.452282970801,2584.832451499118,448.3637076229669,2585.459533607682,5103.821281599059,2707.113462669018,1705.0362531844014,5924.671761708799,2140.231236527533,318.55771115030376,1385.851459925534,2017.323143249069,4161.943954536547,6052.596511855771,4477.366255144033,3527.9639427787574,625.8279443464628,5295.708406819518,6307.191847932589,1069.8020772094847,1764.6090534979423,2012.933568489124,4661.728395061728,2143.3666470703506,5487.595532039976,4097.354497354498,2963.5900450715267,1696.8841857730747,6235.70448755634,376.24926513815404,1577.7385851459926,5668.19517930629,4103.625318440133,4348.814422888497,4600.274348422497,1514.40329218107,624.5737801293357,952.5377229080933,4792.788555751518,6179.267097785616,3588.7909073094256,4540.074466000392,5046.756809719773,4790.280227317265,626.4550264550264,6297.1585341955715,3408.191260043112,4291.122868900647,504.1740152851264,1510.6407995296884,3776.915539878503,1826.6901822457378,1328.1599059376838,3470.2723887909074,6252.008622378993,689.790319419949,945.0127376053301,5614.893200078385,2017.9502253576327,1632.2947285910248,1705.6633352929648,5291.945914168136,631.4716833235352,3728.0031354105427,3339.212228101117,2455.026455026455,1961.5128355869097,189.3787967862042,2142.739564961787,4096.10033313737,3465.882814030962,3468.3911424652165,315.4223006074858,4854.869684499314,2841.93611601019,5234.88144228885,379.38467568097195,2268.7830687830688,2209.8373505780914,2211.718596903782,4099.235743680188,437.07622966882224,5477.562218302959,2453.772290809328,4662.982559278856,1955.2420145012736,3652.753282382912,3695.276657413936,3638.5058584634935,3569.7081182857764,3495.2545745713883,3486.5047288023393,3441.9040867842064,3343.255142766948,3287.9891971950387,3261.5547644398907,3075.877514658372,2879.2460749604898,2843.316270844072,2841.9135440966356,2809.632268762484,2806.1877300668125,2774.5767032117587,2578.762981248137,2578.6734093726805,2568.9559882262874,2565.9333777324437,2545.2910803739283,2543.9106362890825,2535.9826965970797,2527.928472973005,2526.992848107242,2493.4038821926442,2491.9379256409234,2445.7874813895355,2411.197120831452,2402.1153280477206,2392.2082754092235,2380.5653820746616,2375.4988475541263,2372.736852830215,2353.867435315579,2337.855900573976,2319.5165884055673,2293.9224179087905,2279.1391145741964,2276.946316956717,2267.2812083117014,2251.019554476336,2233.794092415482,2223.9270867835708,2219.734422100765,2192.2786165519456,2188.5702358465473,2166.917271263858,2166.154146539431,2153.5828702909034,2135.122550131742,2131.029841856941,2126.556323431403,2102.43656195789,2095.4710416192747,2094.0352384807234,2087.3649758708707,2075.180741757049,2071.815093237085,2071.0214998576826,2066.4906675791854,2055.0678492759375,2053.4359088459114,2053.4101708400485,2052.8036810071194,2050.2837635875,2050.024469420882,2049.5013182970088,2046.2646437892595,2046.170889468958,2046.165545294417,2039.7567181563945,2036.3321804777454,2031.6884380732236,2031.2131012902155,2028.2884496796614,2025.555715406007,2022.688790219293,2021.663050966631,2021.6344293673524,2021.2395780351544,2019.8329768944286,2010.7201091136492,2008.5411123336037,2001.084841468441,1995.1952235772535,1988.5549510280607,1985.7536802692005,1981.1961659058077,1980.9158395620782,1980.076973938031,1974.1203705945043,1972.3861727995782,1966.6966595030267,1951.4478018268094,1950.5440450102435,1948.105936832963,1945.494181366475,1938.064443607641,1938.0204463876821,3003.0,3010.0,3010.0,3010.0,3010.0,3015.0,3015.0,3015.0,3015.0,3015.0,3017.0,3017.0,3017.0,3017.0,3019.0,3019.0,3019.0,3019.0,3020.0,3020.0,7
3060.0,3060.0,3060.0,3057.0,3057.0,3057.0,3057.0,3055.0,3055.0,3055.0,3055.0,3054.0,3054.0,3054.0,3054.0,3054.0,3054.0,3054.0,3053.0,3053.0,2963.8306579964533,2205.4113046246193,1704.2608339775363,4165.776908735392,6305.41585193943,2204.829248328862,3721.66795507253,4095.9301532445093,4162.284570960847,4098.840434723296,6307.162020826702,2774.662361875313,4859.005956982402,693.8111045427675,4349.1246418989585,2015.6609522077213,4345.632304124415,4604.647355736438,440.61661588831794,4348.542585603202,4664.0170979036875,945.259424309945,6240.225546814606,2139.6389432040382,3094.793324541858,1510.436087490337,2079.105088445273,2840.434723295894,5801.355099813561,4343.886135237142,3528.425264881088,4101.168659906325,1696.6941021326907,6122.068118775863,2398.653994816061,4793.815651857578,6243.1358282933925,569.8331135464508,1140.248283388659,2527.870492474194,3218.771315538175,4411.404665544996,2522.631985812378,4350.288754490473,759.0014096675912,4035.9783547815014,2587.240234641444,5235.014324041654,1511.6002000818517,3271.156382156337,61.11591105452231,886.4717384384521,2203.0830794415897,689.1546541767086,3464.3990723477787,4354.945204856533,1640.8166977399846,4477.759083261334,2584.3299531626576,509.8813150834432,6248.956391250967,6310.072302305489,3031.349188304306,4343.304078941385,381.24687372106774,1450.4842890273294,2144.295393570097,5418.944113500977,2651.2664271747535,3722.2500113682872,2274.093947523987,2395.7437133372746,4161.70251466509,6241.389659406121,754.3449593015324,2143.7133372743397,1516.2566504479105,3782.783866127052,4851.439225137557,2208.9036423991633,6299.595288981856,2905.6250284207176,1257.8236551316447,1766.5408576235734,5546.996498567596,2145.4595061616114,2831.7038788595337,5114.528670819881,753.1808467100177,2969.6512209540265,6250.702560138238,4484.161702514665,6300.759401573371,5678.541221408758,3655.8955936519487,2141.38511209131,815.4608703560548,2770.587967805011,6367.695875585467,4916.047473966622,3481.9394047609817,3442.1196050281833,3298.0152051807486,3222.429128855724,3208.2910619759114,3180.180120179166,3144.2070349756245,3073.3642824536537,2981.3119878238854,2979.3443529970486,2888.4389110963953,2886.8601456445595,2844.1625915754657,2818.3980384737797,2815.998990155504,2752.392376261823,2752.125932041288,2747.6472236495483,2745.991907560904,2743.1637491545916,2742.775773685313,2731.089098931077,2719.2282488802434,2704.9761637777706,2699.879973046377,2686.1606379100217,2667.347674762952,2655.018585282759,2635.8686716841503,2589.181445789302,2587.0887158984815,2567.402547255728,2547.8067215354013,2523.2672169419257,2472.293834245152,2463.524401324988,2455.1423362471687,2450.788688742309,2442.2139086778825,2426.684507377989,2402.749531246586,2401.0384570904553,2393.093411776329,2380.270728500239,2374.196170641777,2364.242767612459,2364.238076316785,2355.779995022534,2330.127186140946,2329.0599522300454,2291.3876888994805,2287.4899088433244,2284.324815594487,2273.6210363844534,2266.964600618416,2259.916953506042,2245.632193906305,2238.722164090926,2232.6111716030377,2228.497506633167,2227.845285242995,2221.8861225291616,2214.486366922448,2212.9679189988474,2203.5533260339794,2201.4754894689163,2185.2422928936658,2174.6539189898467,2169.1228485880306,2168.8156884573164,2152.7195820279476,2148.6004393956973,2143.911012931093,2133.9450948758454,2130.9065346244456,2130.180963606931,2130.003351931191,2122.3431398446783,2122.2986989311185,2118.6301465807237,2108.791638487674,2104.4863414717042,2101.8751576695213,2097.530508140243,2096.3832913459364,2092.8302056800253,2092.5288922832046,2092.161647131646,2089.453746613369,2085.873091303807,2081.358085674017,2079.820243904808,2077.1502046684595,2072.367100129982,2069.605803867087,2064.4974886697332,2063.7538474848425,2063.2491570275356,2058.3521015476576,2044.6439036213735,3006.0,3006.0,3006.0,3006.0,3010.0,3010.0,3010.0,3011.0,3011.0,3011.0,3011.0,3012.0,3012.0,3019.0,3019.0,3019.0,3019.0,3020.0,3020.0,3020.0,7
3074.0,3074.0,3074.0,3074.0,3071.0,3071.0,3071.0,3071.0,3071.0,3071.0,3069.0,3069.0,3069.0,3069.0,3068.0,3068.0,3068.0,3067.0,3067.0,3067.0,2208.4704849681807,6115.602369980251,6304.498573622998,186.08733816107087,4344.612683783191,2150.186526223393,1138.9949528198376,4660.6100504718015,6298.880842659645,5551.0204081632655,5613.517665130568,4987.1406627167,1510.4674127715602,946.5876673249945,3593.943383805135,6369.804696071978,2713.3640552995394,3150.844854070661,6178.099626947554,2965.459732280009,5424.621461487821,2204.9594031160855,4605.837173579109,945.1832345841563,1134.0794382269037,4348.123765635287,2393.855606758833,4979.41628264209,4346.017116524029,1263.9894667544438,4917.621242045206,5678.8237875795485,4032.1263989466756,3087.6453807329385,1322.273425499232,2710.555189817863,5930.217248189599,2075.049374588545,6176.695194206715,5991.310072416063,2141.057713407944,3464.7355716480142,376.3879745446566,4159.227561992539,944.4810182137371,1072.986614000439,1381.2596006144395,2083.4759710335748,5485.714285714286,5362.826420890938,5359.315339038842,4668.3344305464125,3652.2273425499234,5173.93021724819,3029.36142198815,1509.765196401141,5045.424621461488,2011.849901250823,5745.534342769366,1764.6697388632874,4224.533684441519,6053.807329383367,2268.1588764538074,5107.921878428791,4478.7360105332455,3023.743691024797,4849.506254114549,6109.282422646478,633.3991661180602,693.7897739741059,2830.634189159535,3907.1318850120697,2206.3638358569233,5360.71977177968,3534.957208689928,436.77858240070225,2707.7463243361863,5105.113012947115,3213.3421110379636,2143.1643625192014,5860.6978275181045,6305.200789993417,315.2951503181918,3469.651086240948,4353.03928022822,4407.812157120913,4286.328725038403,1895.2819837612465,1954.9703752468731,6248.321263989467,2143.8665788896205,3970.3313583497916,6236.3835856923415,759.7981127935045,6308.711871845513,1135.483870967742,1002.7649769585254,2016.0631994733378,4859.337283300417,5105.8152293175335,3635.871638661458,3399.57418408665,3316.384716376326,3183.4427550704727,3164.1076913147754,3144.8940478805366,3123.5897370990497,3120.207259607343,3064.2443525286876,3060.5482506599838,2986.2523032146764,2940.5391142956664,2911.957100068394,2903.944183881746,2859.9058000986047,2851.010982479797,2849.4038217544717,2849.1408401950794,2822.2408096865115,2802.054804912717,2761.0758644513835,2757.174373586061,2756.725350820355,2737.0894298723447,2718.903780616714,2703.832374516179,2660.7975817363917,2646.851998673235,2642.267917718896,2639.4846390757343,2637.2666988354645,2636.3833818688177,2635.6004099035317,2634.1967644774068,2595.552311071851,2573.897725060497,2568.19106044574,2566.7801025883145,2566.422408904222,2522.652681395401,2519.589573005381,2517.146862998578,2509.4381656578357,2507.6325112118047,2474.329257556504,2466.840260509874,2464.6173916598154,2464.134785492787,2449.854019738791,2444.4196016270826,2440.689552379624,2431.372961683535,2427.6317176169987,2420.1602642338357,2410.6029794422834,2388.166176581778,2384.6384518431028,2383.128241645116,2382.7946548948025,2381.221979115349,2380.093994561973,2367.1043076904275,2361.364181490683,2356.2921686187146,2352.7804798057227,2344.9329732205993,2341.0244723421147,2335.1756027961646,2331.2689773733423,2328.796123658228,2320.688835141762,2311.593968779008,2309.555651245726,2300.620541486875,2299.472009901135,2293.6895150932314,2290.775863678585,2287.951589506593,2285.0897319772553,2283.296986143931,2282.8867806288495,2279.496921521228,2275.4981885899265,2273.4006207883212,2273.339259093612,2257.370531998951,2247.5450455422397,2237.786057772134,2227.7270936697005,2227.2288646842785,2224.3717133220694,2223.0362840421426,2222.6705876641895,2222.232292455844,2218.533000019937,2214.465131575543,2214.2083945848754,2213.6064133977156,2206.1605229616757,2201.0581713971487,2992.0,2992.0,2992.0,2992.0,3001.0,3001.0,3001.0,3001.0,3004.0,3004.0,3004.0,3004.0,3005.0,3005.0,3009.0,3009.0,3010.0,3010.0,3010.0,3010.0,8
3084.0,3084.0,3084.0,3084.0,3070.0,3070.0,3065.0,3065.0,3054.0,3054.0,3054.0,3054.0,3053.0,3053.0,3053.0,3053.0,3053.0,3053.0,3053.0,3053.0,6300.837520938023,2144.5896147403682,2140.8375209380233,2399.195979899497,2898.22445561139,2207.839195979899,2018.0904522613064,3724.757118927973,947.1356783919597,3972.931323283082,4542.17755443886,5737.48743718593,3786.934673366834,633.0318257956449,2644.690117252931,2774.9413735343383,1758.6599664991622,2203.5510887772193,128.107202680067,3595.577889447236,6372.663316582914,820.6365159128977,4668.140703517587,6177.018425460636,2077.5879396984924,4541.641541038525,2015.4103852596313,380.03350083752093,3588.0737018425457,4157.855946398659,2139.765494137353,1763.4840871021775,5362.814070351758,4663.852596314908,2901.976549413735,6302.981574539363,5418.559463986599,2210.5192629815742,3278.793969849246,2142.9815745393635,2143.5175879396984,2208.375209380234,6303.5175879396975,2269.4807370184253,3022.579564489112,4349.212730318258,5234.170854271356,4859.497487437186,1512.6298157453934,2205.159128978224,6242.948073701842,5608.308207705192,4344.388609715243,5106.599664991624,5741.775544388609,756.8509212730318,3913.9698492462308,443.8190954773869,3596.113902847571,508.1407035175879,2844.0871021775542,4600.067001675042,5238.458961474036,2585.192629815745,2900.3685092127303,2834.974874371859,6115.912897822445,3406.365159128978,6235.443886097152,6311.557788944723,6308.877721943048,2833.902847571189,4359.396984924622,1948.4087102177552,191.35678391959797,6302.445561139028,1697.0184254606363,4162.680067001675,5549.8827470686765,2707.403685092127,5554.170854271356,315.1758793969849,4345.4606365159125,5743.91959798995,1573.7353433835844,5613.668341708542,6251.524288107202,4729.246231155778,5860.234505862646,1508.8777219430485,4726.566164154104,5360.134003350084,2645.7621440536013,3662.043551088777,2837.118927973199,4344.924623115578,3031.155778894472,5546.666666666666,3850.184254606365,1451.5242881072027,4336.868793188247,4052.5436754942716,3909.016510517693,3529.264504336626,3437.696527276544,3312.5097259188387,3280.054964403255,3256.9149964691514,3209.2336087790964,3201.188158286187,3199.0627049488044,3178.103735139525,3159.963140910423,3150.9041412479646,3107.2152051603766,3103.3824706737146,3085.569628946935,3077.628773502265,3058.938551408583,3035.6781853961766,3030.082784913959,3013.918955830467,3009.3205895667957,3005.681843170538,2997.0080722171765,2984.6024435850604,2980.0219808583993,2978.3340143844134,2971.6001048736675,2963.6552118141453,2955.536564094216,2944.6986984517457,2931.4751125089697,2931.2453917087055,2881.0231057395904,2859.9993916400936,2846.860378604073,2842.254488740787,2838.746287935718,2829.7433133004424,2827.9747231513215,2825.614302593013,2822.6594607206152,2777.320889269176,2775.2374171649917,2761.766482819574,2758.210861484154,2754.072241273814,2742.2130676592906,2737.9204746599266,2734.8653425599823,2732.0186093420116,2731.442443559301,2728.8360493901832,2725.8174788053243,2725.748804531831,2723.4821748634313,2717.0159731241306,2702.175367046075,2700.88654636722,2698.160517170669,2693.751191135613,2684.339895766331,2680.266705685108,2679.9400218888127,2677.1386909869607,2676.06069285205,2646.851114666911,2645.9913514590085,2626.8097386229283,2623.7324381754606,2621.625884853243,2614.4887722631584,2605.593592749461,2602.792373579386,2601.5038317755066,2595.1742525462882,2593.319860241597,2575.8455794409165,2568.6628981366016,2555.6594979406837,2555.026050940822,2548.322262648261,2528.408334209538,2523.325558966622,2507.7349929108846,2500.6074482221834,2497.821111757566,2496.379726126568,2495.478639758787,2491.140242478512,2485.680061359171,2471.8131697071153,2467.9547213393166,2456.177973753633,2453.9331872929497,2451.9308857094907,2450.7307870592576,2448.407821516658,2445.3416783661683,2992.0,2992.0,2992.0,2992.0,2993.0,2993.0,3001.0,3001.0,3001.0,3002.0,3002.0,3002.0,3002.0,3004.0,3004.0,3004.0,3004.0,3005.0,3005.0,3005.0,8
3080.0,3080.0,3080.0,3080.0,3077.0,3077.0,3077.0,3077.0,3075.0,3075.0,3075.0,3075.0,3067.0,3067.0,3064.0,3064.0,3064.0,3063.0,3063.0,3063.0,2142.1055239038888,3656.4181322764425,2456.0019816695567,6298.855585831062,2904.969036413178,4348.892742135249,5611.454050037156,629.6953183056725,1322.804062422591,5040.0990834778295,4222.700024770869,2268.2982412682686,2833.9459995045827,5489.700272479564,3535.9326232350754,4095.239038890265,2963.309388159524,6300.7579886054,2454.7337131533313,877.6418132276442,3343.789943027,1327.8771364874906,4419.281644785732,4345.087936586574,3719.197423829576,1072.9551647262817,310.7257864751053,4472.548922467178,2580.2922962595985,3032.4300222937823,4857.468417141441,5173.901411939559,1828.8432003963337,5609.551647262819,4541.035422343324,5927.252910577161,2394.490958632648,190.87441169185038,4730.641565518949,636.0366608867971,5358.434481050284,3338.082734703988,693.1087441169185,6371.146891255883,3534.030220460738,6053.445627941541,1636.066385930146,5360.336883824622,944.860044587565,2079.960366608868,1507.9712657914292,3275.3034431508545,2835.84840227892,4606.98538518702,625.8905127569977,5490.3344067376765,5042.635620510279,5049.611097349517,4917.077037404013,2905.6031706712906,6.341342581124597,3845.3901411939555,3844.1218726777306,2016.5469407976218,626.5246470151102,5298.191726529601,5352.727272727272,4470.646519692841,4790.2501857815205,4984.929403022046,3149.7448600445873,2778.142184790686,6304.562794154074,4728.1050284865,3468.7143918751544,2078.0579638345307,4158.018330443399,4284.84518206589,443.8939806787218,1511.1419370819915,3085.697299975229,2396.393361406985,2012.742135248947,2206.1530839732472,822.4721327718603,1513.6784741144413,2395.759227148873,3532.1278176864007,2455.367847411444,3905.6328957146393,2207.421352489472,4979.222194699034,4913.9063661134505,3029.8934852613324,1891.6224919494673,694.3770126331434,62.14515729502105,1887.1835521426801,6245.588308149616,6187.247956403269,3876.410344061139,3690.1556994500347,3579.605270571976,3440.6369821629182,3292.792137306753,3226.1856766160367,3199.52584548856,3164.9374768044227,3157.2057449383483,2967.0347301696484,2909.914949189308,2879.9044775394946,2858.6361037667325,2850.9020872137576,2845.8154151469303,2799.845585628644,2793.7490502356536,2780.1931287536067,2767.880380256652,2763.907287130412,2741.4005912549856,2738.6978491444447,2733.427206697759,2732.0438483549565,2729.469037308459,2725.299964735452,2700.702359665175,2680.189133845648,2676.5381661458746,2655.362923448629,2644.9212650750474,2616.3110964084685,2590.5401597440446,2589.395469675571,2585.4720714095843,2551.441459517578,2548.5943735064457,2546.9230481053214,2544.7472863117196,2534.279546192143,2530.688138511943,2530.1936846640856,2523.202757900916,2522.563002758484,2518.4351244704103,2513.8338832293953,2489.5895655387503,2486.604703487205,2473.096062171558,2469.27338718596,2456.8693140065,2454.501193983818,2448.9508685043015,2439.966008363132,2438.5179283247176,2437.975225233889,2433.8001291490064,2426.3644410461598,2424.136810321929,2423.7761286744367,2416.202984529435,2405.6178740831833,2399.0677279609986,2397.988790786362,2392.7866783840013,2361.7058285992834,2351.7262040040428,2346.977216685984,2346.141689305875,2341.951333110923,2338.0641397592876,2336.9118357212233,2332.1603458761165,2325.8867986514265,2323.2663609147858,2318.512247692126,2314.5171216310614,2313.79459698724,2310.331003538268,2308.459151368898,2302.9921228663766,2291.5490976888773,2289.418640133755,2280.2800953234773,2276.1540759906757,2273.495900446551,2268.3901217452335,2250.0390493290106,2244.8959320676136,2238.6737982573586,2238.3918128112236,2236.758758569751,2234.680815750604,2230.4754244305595,2227.352330800262,2215.8489052722157,2210.420123906671,2210.0098004672273,2202.529836712181,2198.496295289188,2994.0,2994.0,2994.0,2994.0,3003.0,3003.0,3003.0,3003.0,3009.0,3009.0,3009.0,3009.0,3010.0,3010.0,3010.0,3011.0,3011.0,3011.0,3011.0,3012.0,8
3063.0,3063.0,3063.0,3063.0,3063.0,3062.0,3062.0,3062.0,3062.0,3056.0,3056.0,3056.0,3056.0,3056.0,3056.0,3056.0,3056.0,3052.0,3052.0,3052.0,2142.2103110233443,4663.572889484449,1132.943084843783,692.4042598208619,1009.2672261795614,4348.515410113549,2775.033500246844,1513.900839269342,571.4366316383384,3209.253120812469,4281.712391564991,5232.3012906410895,1517.5118132449397,6177.473728753791,689.6960293391636,2270.3998871570634,5423.682911347768,6116.0871711686295,5298.201565695747,946.0751816066013,4672.600324423443,2398.589463290782,3786.1062134142044,3025.996191550885,6302.9550744058115,2014.0207348896256,3654.3056633048877,5544.650539530291,6309.274278863108,4095.7472318217083,3592.016362225827,5802.835178785528,3274.250652373228,631.0177022357007,3032.3153960081813,436.92785104732354,1382.1002891600253,4156.23104591297,3532.4352916284647,1451.6115381902814,3024.1907045630865,2140.4048240355455,4475.802242753368,3092.799210099443,944.2696946188025,2715.452429649482,2268.5944001692646,1137.4568023132801,6244.276747302349,1073.3620142464208,6238.860286338952,3027.801678538684,3025.093448056986,5420.974680866069,5550.969743987587,5351.463431835814,2332.6891882361238,5542.845052542492,5361.393610268708,5738.740390718669,4662.67014599055,2143.1130545172437,5868.735453840186,1325.2274490443615,950.5888990760985,3653.4029198109884,5419.169193878271,6239.763029832851,3970.2658861696877,6115.184427674731,3339.248183933987,5551.872487481487,6047.478665632273,5985.189364553213,4852.2462797094295,1951.731433810565,2141.307567529445,3848.3955144932647,5303.618026659144,4857.662740672826,2079.0182664503845,1697.157768530926,1642.9931588969603,1391.1277240990198,2395.881232809084,3850.2010014810635,5107.722688482968,4791.762465618168,2334.494675223923,3276.9588828549263,5427.293885323365,5352.366175329713,3787.911700402003,6178.376472247691,568.7284011566401,2717.2579166372807,566.0201706749418,3083.7717751604487,4976.824881867551,4854.954510191128,3558.9828923311825,2752.126162867762,2658.1041850389142,2559.100621770859,2547.290661093269,2494.818536462078,2470.3695131105574,2408.962652318205,2387.2802193878497,2304.6051961923754,2300.84500794922,2296.163807170285,2295.4130988998254,2291.1390231430455,2280.455795206842,2271.193412971529,2251.7348977122597,2246.703971098395,2219.5253096031324,2203.962175471592,2196.969857497995,2182.7919200629967,2177.3831213749936,2162.0216437777362,2143.3377755452216,2139.813215143802,2128.653845814523,2112.6622616647483,2100.8671581761964,2094.573083159251,2084.8169692954953,2083.638469930327,2075.9303183755364,2074.373159262482,2070.7212954397864,2067.5812137020534,2061.2522721849805,2035.597563094227,2035.5731134283424,2018.9251400070775,2017.6311026231865,1993.484657389962,1983.2772740717066,1971.5940270215199,1954.7577693902874,1952.0315224856963,1937.6861960992298,1918.8991256594213,1918.4508203180542,1908.1356568157437,1905.8224431990104,1902.4626360096827,1902.4193150871158,1902.25115201506,1895.7213476705656,1886.8747614394588,1880.192144955923,1875.4696158767445,1872.063406037713,1868.4379975346937,1865.3735161568407,1863.686838285823,1863.0795908176344,1860.3725371032283,1841.5067740020434,1840.2830540376938,1833.3459825368777,1820.1853478684452,1817.1205915426926,1815.513726875432,1812.8422375883777,1806.5894470912226,1806.5372881329622,1806.247731669983,1803.2733534418035,1798.875729019385,1794.911543056147,1787.6108288029727,1786.5030585978855,1784.6557500860022,1776.8235016823867,1775.186320710683,1772.0404160682026,1770.5509785789673,1770.1209372621406,1765.0131416509325,1763.6710277359464,1760.778446595073,1758.657410287364,1755.6295867781494,1748.4259573575239,1747.9360058141888,1743.5575591602037,1742.9775784109033,1740.7155552618635,1738.2865749527678,1732.1928475958248,1731.1701757281996,1730.3446066059714,1727.8321883873687,3009.0,3009.0,3009.0,3009.0,3012.0,3012.0,3012.0,3014.0,3014.0,3014.0,3014.0,3014.0,3014.0,3014.0,3014.0,3015.0,3015.0,3015.0,3015.0,3016.0,8
3088.0,3088.0,3088.0,3088.0,3071.0,3071.0,3071.0,3071.0,3071.0,3071.0,3071.0,3071.0,3065.0,3065.0,3065.0,3065.0,3062.0,3062.0,3062.0,3054.0,2203.9698836413413,4096.37234770705,3407.529089664613,4850.924024640657,2140.999315537303,948.3915126625599,823.545516769336,2141.5468856947296,2142.094455852156,4163.175906913073,4791.238877481177,945.6536618754277,1394.113620807666,3845.5852156057495,4348.8021902806295,3279.945242984257,4596.303901437372,2899.9315537303214,444.0793976728268,2772.3477070499657,122.10814510609171,6050.650239561944,5545.790554414784,4158.247775496236,381.6563997262149,6305.270362765229,4729.363449691991,3402.053388090349,5862.8336755646815,4482.956878850103,5425.325119780971,1509.6509240246405,3272.279260780287,2646.406570841889,4155.509924709103,4162.628336755647,1705.1334702258725,3400.4106776180697,4540.999315537303,2712.1149897330592,815.3319644079397,5046.406570841889,2711.567419575633,693.223819301848,4914.989733059548,1826.1464750171115,3466.11909650924,2963.997262149213,4925.941136208076,1193.702943189596,4226.146475017112,2206.7077344284735,2138.261464750171,1262.696783025325,2202.327173169062,4344.969199178645,5800.41067761807,2710.47227926078,4348.2546201232035,5668.993839835729,181.79329226557152,2333.744010951403,6175.496235455167,3849.9657768651605,5487.200547570157,2015.605749486653,4344.421629021218,1514.5790554414784,760.5749486652977,257.3579739904175,3967.145790554415,2894.4558521560575,4357.0157426420255,3342.9158110882954,752.3613963039014,4917.72758384668,4604.517453798768,3028.6105407255304,2589.4592744695415,4343.326488706365,6305.817932922655,2897.1937029431892,445.1745379876796,3654.4832306639287,4662.559890485968,1509.103353867214,1385.3524982888432,3404.791238877481,694.3189596167009,3852.7036276522927,2769.062286105407,5861.738535249829,6179.876796714579,1641.0677618069815,1828.3367556468172,2270.7734428473645,3401.5058179329226,2841.3415468856947,1127.9945242984256,941.2731006160163,4343.199178731064,3958.619797864768,3889.8791172561637,3882.605891285502,3565.0848602788496,3350.501078441374,3317.1151882482995,3247.266791475924,3213.49652699868,3199.6020394377583,3127.085889360004,3116.7556048612355,3100.899400066957,3085.574979982465,3072.450963767178,3025.727615042417,3012.1086828401903,3008.452382243311,3007.8685302967615,2995.317855349371,2976.921551869212,2966.9177048146985,2936.2300435083685,2931.827579895991,2902.705016549438,2851.190276641833,2847.7218054726795,2826.703718015202,2824.0835313246857,2817.093006272023,2806.363222884767,2794.814535827871,2743.9417589394275,2731.576207739595,2723.0105502227607,2702.8991192624617,2701.4628036184645,2697.668667600855,2696.2431705154054,2681.5426990394412,2679.1591797091933,2678.1019683332543,2675.151844856221,2648.6097794605093,2640.407225464094,2640.307594971029,2624.217027293993,2618.242767862044,2612.8969993704072,2612.611612881523,2608.4454489765944,2607.22668374243,2601.5757239585537,2598.7283440917217,2597.103826002168,2595.5956736401185,2593.9898405968443,2593.430959319831,2582.5181743781454,2576.565767521118,2573.217414229941,2571.1747590315035,2569.3675906245276,2569.0651901374968,2568.2871329950253,2567.510145774328,2566.6787747341004,2562.779296699388,2560.8858480924296,2546.923164241808,2544.773129824755,2539.1944353281556,2536.6925443748332,2535.2726142096835,2532.0577702750957,2525.2792535665494,2523.775180745462,2520.0216738792687,2511.596593203097,2511.419973565675,2501.478123553078,2498.678211506491,2496.826382233394,2496.7593494693033,2491.967381198682,2491.6652950358425,2486.8615357985063,2483.418261353171,2478.8357457988686,2478.766032782245,2478.3066189148635,2475.8897040568927,2475.3533004843057,2474.7232970597656,2474.002408247045,2473.8877318844407,2470.7037277655722,2466.0066593338647,2464.1978745563088,2459.5188200464922,2992.0,2992.0,2992.0,2992.0,2996.0,2996.0,2996.0,2996.0,2997.0,2997.0,2997.0,2997.0,3004.0,3004.0,3004.0,3004.0,3004.0,3004.0,3004.0,3004.0,8